Genus species,can_fly,Class,Order,phylo_dist,Family,phylo_name,Common Name,Typical_Diet,Mass g (mean/median from study),mass-citation-if-not-from-retention-study,Food in Feeding Trial,Feeding.Trial.Food.Cat,N_individuals,N_trials,retention metric description,Minimum (min),IQR_1,Median (min),Mean (min),IQR_3,Maximum (min),SD,SE,mrt (min),mrt_sd,mrt_se,Retention.Citation,Notes,includes keywords,original submision
Acanthagenys refogularis,Y,Aves,Passeriformes,637.9,Meliphagidae,Acanthagenys_rufogularis,spiny cheeked honeyeater,omnivore,54.5,https://birdsoftheworld.org/bow/species/spchon1/cur/introduction,Amyema quandang (mistletoe) fruit with dye,fruit/nectar/pollen,6,1,Gut Passage Time: mean of eating to mean time of defecation,15.81666667,,,40.56666667,,84.16666667,,0.6,,,,Murphy et al 1993,not quite MGT (mean time of eating to mean defecation) but comparable,,Yes
Accipiter gentilis,Y,Aves,Falconiformes,,Accipitridae,Accipiter_gentilis,goshawk,carnivore,997.5,Accipiter gentilis (northern goshawk) | INFORMATION | Animal Diversity Web,lab mice,meat,4,1,meal to pellet interval,,,,21.59,,,2.54,,,,,"Duke GE, Evanson OA, Jegers A (1976) Meal to pellet intervals in 14 species of captive raptors.¬†Comparative Biochemistry and Physiology A¬†53:1-10","some birds were fed at two different times, this did not seem to have any significant impact on the excretion time (so with the exception of the caracara which was only fed at 1100) all numbers reflected are from the 0900 feeding",,n
Acciter nisus,Y,Aves,Accipitriformes,,Accipitridae,Accipiter_nisus,sparrowhawk,carnivore,219.5,,"cockerel, pigeon, rabbit",meat,2,1,transit time,,,,,,,,,378,0,,"Barton NWH, Houston DC (1993) The influence of gut morphology on digestion time in raptors. Comparative Biochemistry and Physiology A 105:571‚Äì582",,time,n
Acinonyx jubatus,N,Mammalia,Carnivora,,Felidae,Acinonyx_jubatus,cheetah,carnivore,32170,,unknown,unknown,,,MRT,,,,,,,,,1520.4,,,Leemans et al. (2015),obtained from De Cuyper et al 2020,N,N
Acridotheres cristatellus,Y,Aves,Passeriformes,,Sturnidae,Acridotheres_cristatellus,crested-myna,omnivore,125,Crested Myna Bird Facts (Acridotheres cristatellus) | Birdfact,P. suberosa fruit,fruit/nectar/pollen,6,1,retention time,,,,,,,,,16,,,"Shi TT, Wang B, Quan RC (2015) Effects of frugivorous birds on seed retention time and germination in Xishuangbanna, southwest China.¬†Zoological Research¬†36:241-275",MRT estimated from figure 30,time,no
Acridotheres cristatellus,Y,Aves,Passeriformes,,Sturnidae,Acridotheres_cristatellus,crested-myna,omnivore,125,Crested Myna Bird Facts (Acridotheres cristatellus) | Birdfact,M. paniculata fruit,fruit/nectar/pollen,6,1,retention time,,,,,,,,,18,,,"Shi TT, Wang B, Quan RC (2015) Effects of frugivorous birds on seed retention time and germination in Xishuangbanna, southwest China.¬†Zoological Research¬†36:241-276",MRT estimated from figure 31,time,no
Acridotheres cristatellus,Y,Aves,Passeriformes,,Sturnidae,Acridotheres_cristatellus,crested-myna,omnivore,125,Crested Myna Bird Facts (Acridotheres cristatellus) | Birdfact,A. squamulosa fruit,fruit/nectar/pollen,6,1,retention time,,,,,,,,,19,,,"Shi TT, Wang B, Quan RC (2015) Effects of frugivorous birds on seed retention time and germination in Xishuangbanna, southwest China.¬†Zoological Research¬†36:241-277",MRT estimated from figure 32,time,no
Addax nasomaculatus,N,Mammalia,Artiodactyla,,Bovidae,Addax_nasomaculatus,addax,folivore,87000,,"grass hay, rye/wheatbran + Co-EDTA liquid marker",fiber/foliage,8,1,MRT in GIT,,,,,,,,,2160,252,,Hummel et al. (2008),"MRT- GIT, fluid",N,N
Addax nasomaculatus,N,Mammalia,Artiodactyla,,Bovidae,Addax_nasomaculatus,addax,folivore,87000,,"grass hay, rye/wheatbran + Co-EDTA liquid marker",fiber/foliage,8,1,MRT in RR,,,,,,,,,1200,348,,Hummel et al. (2008),"MRT- RR (reticulo-rumen), fluid",N,N
Addax nasomaculatus,N,Mammalia,Artiodactyla,,Bovidae,Addax_nasomaculatus,addax,folivore,87000,,"grass hay, rye/wheatbran + Cr particle marker",fiber/foliage,8,1,MRT in GIT,,,,,,,,,3540,486,,Hummel et al. (2008),"MRT- GIT, particle",N,N
Addax nasomaculatus,N,Mammalia,Artiodactyla,,Bovidae,Addax_nasomaculatus,addax,folivore,87000,,"grass hay, rye/wheatbran + Cr particle marker",fiber/foliage,8,1,MRT in RR,,,,,,,,,2520,420,,Hummel et al. (2008),"MRT- RR, particle",N,N
Adropadus milanjenis,Y,Aves,Passeriformes,,Pyconotidae,,stripe-cheeked greenbul,frugivore/nectivore,45,,X. monospora fruits,fruit/nectar/pollen,90,1,gut passage time,,24,33,,55,,,,,,,"Lehouck V, Spanhove T, Demeter S, Groot NE, Lens L (2009) Complementary seed dispersal by three avian frugivores in a fragmented Afromontane forest.¬†Journal of Vegetation Science¬†20:1110-1120",,"gut, passage, time",n
Aegolius acadicus,Y,Aves,Stringiformes,,Stringidae,Aegolius,saw-whet owl,carnivore,75,Aegolius acadicus (northern saw-whet owl) | INFORMATION | Animal Diversity Web,lab mice,meat,1,1,meal to pellet interval,,,,10.04,,,0.63,,,,,"Duke GE, Evanson OA, Jegers A (1976) Meal to pellet intervals in 14 species of captive raptors.¬†Comparative Biochemistry and Physiology A¬†53:1-18","some birds were fed at two different times, this did not seem to have any significant impact on the excretion time (so with the exception of the caracara which was only fed at 1100) all numbers reflected are from the 0900 feeding",,n
Ailurus fulgens,N,Mammalia,Carnivora,,Ailuridae,Ailurus,red panda,herbivore,5130,Red panda - Wikipedia,bamboo,fiber/foliage,3,2,passage time,120,,,180,,240,,,,,,"Wei F, Feng Z, Wang Z, Zhou A, Hu J. Use of the nutrients in bamboo by the red panda (Ailurus fulgens). Journal of Zoology. 1999;248(4):535-541.",,transit,N
Alca torda,Y,Aves,Charadriiformes,,Alcidae,Alca_torda,razorbill,carnivore,606,,lesser sandeel,meat,5,1,mean retention time,,,,,,,,,271.2,7.8,,"Hilton GM, Houston DC, Furness RW (1998) Which components of diet quality affect retention time of digesta in seabirds?¬†Functional Ecology¬†12:929-945",,"gut,time",n
Alca torda,Y,Aves,Charadriiformes,,Alcidae,Alca_torda,razorbill,carnivore,606,,small whiting,meat,5,1,mean retention time,,,,,,,,,335.4,23.4,,"Hilton GM, Houston DC, Furness RW (1998) Which components of diet quality affect retention time of digesta in seabirds?¬†Functional Ecology¬†12:929-946",,"gut,time",n
Alca torda,Y,Aves,Charadriiformes,,Alcidae,Alca_torda,razorbill,carnivore,606,,sandeel,meat,,1,mean retention time,,,,49.7,,,12.3,,350.4,18,,"Hilton GM, Furness RW, Houston DC (2000) A comparative study of digestion in North Atlantic seabirds.¬†Journal of Avian Biology 31:36-58",could not find number of birds,"gut, passage, time",n
Alca torda,Y,Aves,Charadriiformes,,Alcidae,Alca_torda,razorbill,carnivore,606,,whiting,meat,,1,mean retention time,,,,68.5,,,11.2,,444,67.2,,"Hilton GM, Furness RW, Houston DC (2000) A comparative study of digestion in North Atlantic seabirds.¬†Journal of Avian Biology 31:36-59",could not find number of birds,"gut, passage, time",n
Alces alces,N,Mammalia,Artiodactyla,188,Cervidae,Alces_alces,moose,folivore,280142.86,,wheat brain + Co-EDTA,fiber/foliage,12,,mean retention time,,,,,,,,,1750.285714,2.157142857,,Przybylo et al 2019,,no,No
Alces alces,N,Mammalia,Artiodactyla,188,Cervidae,Alces_alces,moose,folivore,280142.86,,wheat brain + chromium mordanted fiber,fiber/foliage,12,,mean retention time,,,,,,,,,2282.571429,3.514285714,,Przybylo et al 2019,,no,No
Alces alces,N,Mammalia,Artiodactyla,,Cervidae,Alces_alces,moose,herbivore,353000,,diet pellet,fiber/foliage,4,1,transit time/retention time,,,,792,,,126,,2292,60,,"Schwartz CC, Regelin WL, Franzmann AW, White RG, Holleman DF (1988) Food passage rate in moose. Alces 24:97-101",,rate,no
Alces alces,N,Mammalia,Artiodactyla,,Cervidae,Alces_alces,moose,herbivore,347000,,aspen leaves and pellets,fiber/foliage,3,1,transit time/retention time,,,,780,,,90,,2280,108,,"Schwartz CC, Regelin WL, Franzmann AW, White RG, Holleman DF (1988) Food passage rate in moose. Alces 24:97-102",,rate,no
Alces alces,N,Mammalia,Artiodactyla,,Cervidae,Alces_alces,moose,herbivore,419000,,mixed browse,fiber/foliage,4,1,transit time/retention time,,,,948,,,114,,3216,174,,"Schwartz CC, Regelin WL, Franzmann AW, White RG, Holleman DF (1988) Food passage rate in moose. Alces 24:97-103",,rate,no
Alces alces,N,Mammalia,Artiodactyla,,Cervidae,Alces_alces,moose,folivore,520500,animaldiversity.org,browse + Co-EDTA fluid marker,fiber/foliage,2,1,MRT,,,,,,,,,1980,300,,Lechner et al. (2010),did not include winter browse mix,N,N
Alces alces,N,Mammalia,Artiodactyla,,Cervidae,Alces_alces,moose,folivore,520500,animaldiversity.org,browse + 2mm Cr particle marker,fiber/foliage,2,1,MRT,,,,,,,,,2340,300,,Lechner et al. (2010),did not include winter browse mix,N,N
Alces alces,N,Mammalia,Artiodactyla,,Cervidae,Alces_alces,moose,folivore,520500,animaldiversity.org,browse + 10mm Ce particle marker,fiber/foliage,2,1,MRT,,,,,,,,,3120,180,,Lechner et al. (2010),did not include winter browse mix,N,N
Alces alces,N,Mammalia,Artiodactyla,,Cervidae,Alces_alces,moose,folivore,520500,animaldiversity.org,browse + 20mm La particle marker,fiber/foliage,2,1,MRT,,,,,,,,,3180,120,,Lechner et al. (2010),did not include winter browse mix,N,N
Alces alces,N,Mammalia,Artiodactyla,,Cervidae,Alces_alces,moose,folivore,520500,animaldiversity.org,grass + Co-EDTA fluid marker,fiber/foliage,2,1,MRT,,,,,,,,,3480,0,,Lechner et al. (2010),did not include winter browse mix,N,N
Alces alces,N,Mammalia,Artiodactyla,,Cervidae,Alces_alces,moose,folivore,520500,animaldiversity.org,grass + 2mm Cr particle marker,fiber/foliage,2,1,MRT,,,,,,,,,3840,120,,Lechner et al. (2010),did not include winter browse mix,N,N
Alces alces,N,Mammalia,Artiodactyla,,Cervidae,Alces_alces,moose,folivore,520500,animaldiversity.org,grass + 10mm Ce particle marker,fiber/foliage,2,1,MRT,,,,,,,,,4560,60,,Lechner et al. (2010),did not include winter browse mix,N,N
Alces alces,N,Mammalia,Artiodactyla,,Cervidae,Alces_alces,moose,folivore,520500,animaldiversity.org,grass + 20mm La particle marker,fiber/foliage,2,1,MRT,,,,,,,,,4560,0,,Lechner et al. (2010),did not include winter browse mix,N,N
Allenopithecus nigroviridis,N,Mammalia,Primates,174.3696,Cercopithecidae,Allenopithecus_nigroviridis,Allen‚Äôs swamp monkey,folivore,9800,as reported in table from published lit,leaves and fruits and marker,fiber/foliage,3,3,Transit time: first marker in feces,,,,1320,,,116.1895004,,1413.3333,26.68333,,Blaine and Lambert 2012,manually mean and SD of all trials in raw data + manually calculated MRT and SD,,Yes
Alophoixus pallidus,Y,Aves,Passeriformes,,Pyconotidae,Alophoixus_pallidus,Puff-throated Bulbul,,42.7,,various wild fruits,fruit/nectar/pollen,2,1,gut passage time,,,,44,,,11,,,,,"Khamcha D, Savini T, Westcott DA, McKeown A, Brockelman WY, Chimchome V, Gale GA (2014) Behavioral and social structure effects on seed dispersal curves of a forest‚Äêinterior bulbul (Pycnonotidae) in a tropical evergreen forest.¬†Biotropica 46:294-301",,,n
Alopochen aegyptiaca,Y,Aves,Anseriformes,,Anatidae,Alopochen_aegyptiaca,Egyptian goose,omnivore,2220,,Amarynthus hybridus seeds,fiber/foliage,10,1,retention time,,,,,,1800,,,324.6,30.6,,"Reynolds C, Cumming GS (2016) Seed traits and bird species influence the dispersal parameters of wetland plants.¬†Freshwater Biology 61:1157-1170",,time,no
Alopochen aegyptiaca,Y,Aves,Anseriformes,,Anatidae,Alopochen_aegyptiaca,Egyptian goose,omnivore,2220,,Elegia capensis seeds,fiber/foliage,10,1,retention time,,,,,,720,,,274.2,11.4,,"Reynolds C, Cumming GS (2016) Seed traits and bird species influence the dispersal parameters of wetland plants.¬†Freshwater Biology 61:1157-1171",,time,no
Alopochen aegyptiaca,Y,Aves,Anseriformes,,Anatidae,Alopochen_aegyptiaca,Egyptian goose,omnivore,2220,,Panicum schizii seeds,fiber/foliage,10,1,retention time,,,,,,1440,,,291.6,36,,"Reynolds C, Cumming GS (2016) Seed traits and bird species influence the dispersal parameters of wetland plants.¬†Freshwater Biology 61:1157-1172",,time,no
Alopochen aegyptiaca,Y,Aves,Anseriformes,,Anatidae,Alopochen_aegyptiaca,Egyptian goose,omnivore,2220,,Persicaria lapathifolia seeds,fiber/foliage,10,1,retention time,,,,,,2160,,,306,17.4,,"Reynolds C, Cumming GS (2016) Seed traits and bird species influence the dispersal parameters of wetland plants.¬†Freshwater Biology 61:1157-1173",,time,no
Alopochen aegyptiaca,Y,Aves,Anseriformes,,Anatidae,Alopochen_aegyptiaca,Egyptian goose,omnivore,2220,,Stuckenia pectinata seeds,fiber/foliage,10,1,retention time,,,,,,1200,,,248.4,28.2,,"Reynolds C, Cumming GS (2016) Seed traits and bird species influence the dispersal parameters of wetland plants.¬†Freshwater Biology 61:1157-1174",,time,no
Alopochen aegyptiaca,Y,Aves,Anseriformes,,Anatidae,Alopochen_aegyptiaca,Egyptian goose,omnivore,2220,,Prionium serratum seeds,fiber/foliage,10,1,retention time,,,,,,1800,,,274.2,11.4,,"Reynolds C, Cumming GS (2016) Seed traits and bird species influence the dispersal parameters of wetland plants.¬†Freshwater Biology 61:1157-1175",,time,no
Alopochen aegyptiaca,Y,Aves,Anseriformes,,Anatidae,Alopochen_aegyptiaca,Egyptian goose,omnivore,2220,,Ruppia maritima seeds,fiber/foliage,10,1,retention time,,,,,,1800,,,308.4,22.8,,"Reynolds C, Cumming GS (2016) Seed traits and bird species influence the dispersal parameters of wetland plants.¬†Freshwater Biology 61:1157-1176",,time,no
Alouatta caraya ,N,Mammalia,Primates,,Atelidae,Alouatta_caraya,black howler monkey,folivore,8110,,"soybean, corn, fruit nectar (low fiber diet) + Co-EDTA liquid marker",fiber/foliage,3,1,transit time; MRT,,,,990,,,624,,1104,300,,Edwards and Ullrey (1999b),,Y,N
Alouatta caraya ,N,Mammalia,Primates,,Atelidae,Alouatta_caraya,black howler monkey,folivore,8110,,"soybean, corn, fruit nectar (high fiber diet) + Co-EDTA liquid marker",fiber/foliage,3,1,transit time; MRT,,,,570,,,372,,2304,1026,,Edwards and Ullrey (1999b),,Y,N
Alouatta palliata,N,Mammalia,Primates,,Atelidae,Alouatta_palliata,mantled howler monkey,folivore,6900,,mixed fruit/veggies/bread/etc + plastic particle marker,protein,4,1,TT,,,,1224,,,,,,,,Milton (1984),,N,N
Alouatta palliata,N,Mammalia,Primates,,Atelidae,Alouatta_palliata,mantled howler monkey,folivore,5850,,"soybean, corn, fruit nectar (low fiber diet) + acetate bead marker",fiber/foliage,2,1,transit time; MRT,,,,1080,,,132,,1542,876,,Edwards and Ullrey (1999b),,Y,N
Alouatta palliata,N,Mammalia,Primates,,Atelidae,Alouatta_palliata,mantled howler monkey,folivore,5850,,"soybean, corn, fruit nectar (low fiber diet) + Co-EDTA liquid marker",fiber/foliage,2,1,transit time; MRT,,,,450,,,0,,2016,414,,Edwards and Ullrey (1999b),,Y,N
Alouatta palliata,N,Mammalia,Primates,,Atelidae,Alouatta_palliata,mantled howler monkey,folivore,5850,,"soybean, corn, fruit nectar (low fiber diet) + Cr particle marker",fiber/foliage,2,1,transit time; MRT,,,,720,,,384,,2268,1416,,Edwards and Ullrey (1999b),,Y,N
Alouatta palliata,N,Mammalia,Primates,,Atelidae,Alouatta_palliata,mantled howler monkey,folivore,6450,,"soybean, corn, fruit nectar (high fiber diet) + acetate bead marker",fiber/foliage,2,1,transit time; MRT,,,,810,,,510,,1524,6,,Edwards and Ullrey (1999b),,Y,N
Alouatta palliata,N,Mammalia,Primates,,Atelidae,Alouatta_palliata,mantled howler monkey,folivore,6450,,"soybean, corn, fruit nectar (high fiber diet) + Co-EDTA liquid marker",fiber/foliage,2,1,transit time; MRT,,,,450,,,254.4,,1836,228,,Edwards and Ullrey (1999b),,Y,N
Alouatta palliata,N,Mammalia,Primates,,Atelidae,Alouatta_palliata,mantled howler monkey,folivore,6450,,"soybean, corn, fruit nectar (high fiber diet) + Cr particle marker",fiber/foliage,2,1,transit time; MRT,,,,270,,,0,,2208,84,,Edwards and Ullrey (1999b),,Y,N
Alouatta palliata mexicana,N,Mammalia,Primates,,Atelidae,Alouatta_palliata,Mexican howler monkey,frugivore,7500,Howler Monkey Animal Facts - Alouatta - A-Z Animals,seeds,fiber/foliage,1,1,passage time,,,,1224,,,,,,,,"Righini, N., Serio-Silva, J.C., Rico-Gray, V. and Mart√≠nez-Mota, R. (2004), Effect of different primate species on germination of Ficus (Urostigma) seeds. Zoo Biol., 23: 273-278. https://doi.org/10.1002/zoo.20008",,rate,N
Alouatta pigra,N,Mammalia,Primates,,Atelidae,Alouatta_pigra,Yucatan black howler,frugivore,8900,Yucat√°n black howler - Wikipedia,seeds,fiber/foliage,1,1,passage time,,,,1380,,,,,,,,"Righini, N., Serio-Silva, J.C., Rico-Gray, V. and Mart√≠nez-Mota, R. (2004), Effect of different primate species on germination of Ficus (Urostigma) seeds. Zoo Biol., 23: 273-278. https://doi.org/10.1002/zoo.20009",,rate,N
Alouatta sara,N,Mammalia,Primates,,Atelidae,Alouatta_sara,Bolivian red howler monkey,folivore,8330,,"soybean, corn, fruit nectar (low fiber diet) + acetate bead marker",fiber/foliage,2,1,transit time; MRT,,,,2790,,,2034,,2070,12,,Edwards and Ullrey (1999b),,Y,N
Alouatta sara,N,Mammalia,Primates,,Atelidae,Alouatta_sara,Bolivian red howler monkey,folivore,8330,,"soybean, corn, fruit nectar (low fiber diet) + Co-EDTA liquid marker",fiber/foliage,2,1,transit time; MRT,,,,1350,,,0,,3492,2472,,Edwards and Ullrey (1999b),,Y,N
Alouatta sara,N,Mammalia,Primates,,Atelidae,Alouatta_sara,Bolivian red howler monkey,folivore,8330,,"soybean, corn, fruit nectar (low fiber diet) + Cr particle marker",fiber/foliage,2,1,transit time; MRT,,,,2070,,,1020,,2394,1926,,Edwards and Ullrey (1999b),,Y,N
Alouatta sara,N,Mammalia,Primates,,Atelidae,Alouatta_sara,Bolivian red howler monkey,folivore,8030,,"soybean, corn, fruit nectar (high fiber diet) + acetate bead marker",fiber/foliage,2,1,transit time; MRT,,,,2160,,,888,,1374,768,,Edwards and Ullrey (1999b),,Y,N
Alouatta sara,N,Mammalia,Primates,,Atelidae,Alouatta_sara,Bolivian red howler monkey,folivore,8030,,"soybean, corn, fruit nectar (high fiber diet) + Co-EDTA liquid marker",fiber/foliage,2,1,transit time; MRT,,,,2070,,,1020,,3198,2436,,Edwards and Ullrey (1999b),,Y,N
Alouatta sara,N,Mammalia,Primates,,Atelidae,Alouatta_sara,Bolivian red howler monkey,folivore,8030,,"soybean, corn, fruit nectar (high fiber diet) + Cr particle marker",fiber/foliage,2,1,transit time; MRT,,,,1620,,,126,,2448,2430,,Edwards and Ullrey (1999b),,Y,N
Anas crecca,Y,Aves,Anseriformes,,Anatidae,Anas_crecca,Eurasian Teal,omnivore,360,Eurasian teal - Wikipedia,S. litoralis seeds,fiber/foliage,3,1,transit time,,,,,,,,,1011,123.6,,"Figuerola J, Charalambidou I, Santamaria L, Green AJ (2010) Internal dispersal of seeds by waterfowl: effect of seed size on gut passage time and germination patterns.¬†Naturwissenschaften 97:555-567",,"gut, passage, time",n
Anas crecca,Y,Aves,Anseriformes,,Anatidae,Anas_crecca,Eurasian Teal,omnivore,360,Eurasian teal - Wikipedia,S. maritimus seeds,fiber/foliage,3,1,transit time,,,,,,,,,906.6,124.2,,"Figuerola J, Charalambidou I, Santamaria L, Green AJ (2010) Internal dispersal of seeds by waterfowl: effect of seed size on gut passage time and germination patterns.¬†Naturwissenschaften 97:555-568",,"gut, passage, time",n
Anas erthrorhyncha,Y,Aves,Anseriformes,,Anatidae,Anas_erythrorhyncha,Red-billed teal,omnivore,550,,Amarynthus hybridus seeds,fiber/foliage,10,1,retention time,,,,,,600,,,214.2,11.4,,"Reynolds C, Cumming GS (2016) Seed traits and bird species influence the dispersal parameters of wetland plants.¬†Freshwater Biology 61:1157-1177",,time,no
Anas erthrorhyncha,Y,Aves,Anseriformes,,Anatidae,Anas_erythrorhyncha,Red-billed teal,omnivore,550,,Elegia capensis seeds,fiber/foliage,10,1,retention time,,,,,,1800,,,102.6,36,,"Reynolds C, Cumming GS (2016) Seed traits and bird species influence the dispersal parameters of wetland plants.¬†Freshwater Biology 61:1157-1178",,time,no
Anas erthrorhyncha,Y,Aves,Anseriformes,,Anatidae,Anas_erythrorhyncha,Red-billed teal,omnivore,550,,Panicum schizii seeds,fiber/foliage,10,1,retention time,,,,,,1200,,,188.4,35.4,,"Reynolds C, Cumming GS (2016) Seed traits and bird species influence the dispersal parameters of wetland plants.¬†Freshwater Biology 61:1157-1179",,time,no
Anas erthrorhyncha,Y,Aves,Anseriformes,,Anatidae,Anas_erythrorhyncha,Red-billed teal,omnivore,550,,Persicaria lapathifolia seeds,fiber/foliage,10,1,retention time,,,,,,2160,,,310.2,27,,"Reynolds C, Cumming GS (2016) Seed traits and bird species influence the dispersal parameters of wetland plants.¬†Freshwater Biology 61:1157-1180",,time,no
Anas erthrorhyncha,Y,Aves,Anseriformes,,Anatidae,Anas_erythrorhyncha,Red-billed teal,omnivore,550,,Stuckenia pectinata seeds,fiber/foliage,10,1,retention time,,,,,,1800,,,111.6,46.2,,"Reynolds C, Cumming GS (2016) Seed traits and bird species influence the dispersal parameters of wetland plants.¬†Freshwater Biology 61:1157-1181",,time,no
Anas erthrorhyncha,Y,Aves,Anseriformes,,Anatidae,Anas_erythrorhyncha,Red-billed teal,omnivore,550,,Prionium serratum seeds,fiber/foliage,10,1,retention time,,,,,,1200,,,205.8,11.4,,"Reynolds C, Cumming GS (2016) Seed traits and bird species influence the dispersal parameters of wetland plants.¬†Freshwater Biology 61:1157-1182",,time,no
Anas erthrorhyncha,Y,Aves,Anseriformes,,Anatidae,Anas_erythrorhyncha,Red-billed teal,omnivore,550,,Ruppia maritima seeds,fiber/foliage,10,1,retention time,,,,,,1200,,,145.8,11.4,,"Reynolds C, Cumming GS (2016) Seed traits and bird species influence the dispersal parameters of wetland plants.¬†Freshwater Biology 61:1157-1183",,time,no
Anas platyrhynchos,Y,Aves,Anseriformes,,Anatidae,Anas_platyrhynchos,mallard duck,omnivore,1120,Mallard - Wikipedia,seeds,fiber/foliage,6,1,transit time,,,,,,,,,474,60,,"Charalambidou I, Santamar√≠a L, Jansen C, Nolet BA (2005) Digestive plasticity in Mallard ducks modulates dispersal probabilities of aquatic plants and crustaceans. Functional Ecology 19:513‚Äì519",,,n
Anas platyrhynchos,Y,Aves,Anseriformes,,Anatidae,Anas_platyrhynchos,mallard duck,omnivore,1120,Mallard - Wikipedia,trout chow,meat,6,1,transit time,,,,,,,,,462,78,,"Charalambidou I, Santamar√≠a L, Jansen C, Nolet BA (2005) Digestive plasticity in Mallard ducks modulates dispersal probabilities of aquatic plants and crustaceans. Functional Ecology 19:513‚Äì520",,,n
Anas platyrhynchos,Y,Aves,Anseriformes,,Anatidae,Anas_platyrhynchos,mallard duck,omnivore,1120,Mallard - Wikipedia,S. lacustris seeds,fiber/foliage,6,1,transit time,,,,,,,,,734.4,27.6,,"Figuerola J, Charalambidou I, Santamaria L, Green AJ (2010) Internal dispersal of seeds by waterfowl: effect of seed size on gut passage time and germination patterns.¬†Naturwissenschaften 97:555-565",,"gut, passage, time",n
Anas platyrhynchos,Y,Aves,Anseriformes,,Anatidae,Anas_platyrhynchos,mallard duck,omnivore,1120,Mallard - Wikipedia,S. maritimus seeds,fiber/foliage,6,1,transit time,,,,,,,,,466.8,37.8,,"Figuerola J, Charalambidou I, Santamaria L, Green AJ (2010) Internal dispersal of seeds by waterfowl: effect of seed size on gut passage time and germination patterns.¬†Naturwissenschaften 97:555-566",,"gut, passage, time",n
Anas platyrhynchos,Y,Aves,Anseriformes,,Anatidae,Anas_platyrhynchos,mallard duck,omnivore,1180,,A. machrostachyum seeds,fiber/foliage,10,1,mean retention time,,,,,,,,,276,48,,"Garc√≠a‚Äê√Ålvarez A, van Leeuwen CH, Luque CJ, Hussner A, V√©lez‚ÄêMart√≠n A, P√©rez‚ÄêV√°zquez A, Green AJ, Castellanos EM (2015) Internal transport of alien and native plants by geese and ducks: an experimental study.¬†Freshwater Biology 60:1316-1333",,"gut, time",n
Anas platyrhynchos,Y,Aves,Anseriformes,,Anatidae,Anas_platyrhynchos,mallard duck,omnivore,1180,,L. grandiflora seeds,fiber/foliage,10,1,mean retention time,,,,,,,,,864,270,,"Garc√≠a‚Äê√Ålvarez A, van Leeuwen CH, Luque CJ, Hussner A, V√©lez‚ÄêMart√≠n A, P√©rez‚ÄêV√°zquez A, Green AJ, Castellanos EM (2015) Internal transport of alien and native plants by geese and ducks: an experimental study.¬†Freshwater Biology 60:1316-1334",,"gut, time",n
Anas platyrhynchos,Y,Aves,Anseriformes,,Anatidae,Anas_platyrhynchos,mallard duck,omnivore,1180,,S. densiflora seeds,fiber/foliage,10,1,mean retention time,,,,,,,,,336.6,54,,"Garc√≠a‚Äê√Ålvarez A, van Leeuwen CH, Luque CJ, Hussner A, V√©lez‚ÄêMart√≠n A, P√©rez‚ÄêV√°zquez A, Green AJ, Castellanos EM (2015) Internal transport of alien and native plants by geese and ducks: an experimental study.¬†Freshwater Biology 60:1316-1335",,"gut, time",n
Anas platyrhynchos,Y,Aves,Anseriformes,,Anatidae,Anas_platyrhynchos,mallard duck,omnivore,1180,,S. vera seeds,fiber/foliage,10,1,mean retention time,,,,,,,,,684,168,,"Garc√≠a‚Äê√Ålvarez A, van Leeuwen CH, Luque CJ, Hussner A, V√©lez‚ÄêMart√≠n A, P√©rez‚ÄêV√°zquez A, Green AJ, Castellanos EM (2015) Internal transport of alien and native plants by geese and ducks: an experimental study.¬†Freshwater Biology 60:1316-1336",,"gut, time",n
Anas platyrhynchos,Y,Aves,Anseriformes,,Anatidae,Anas_platyrhynchos,mallard duck,omnivore,1180,,seeds,fiber/foliage,8,1,mean retention time,,,,,,,,,178,6.888888889,,"Kleyheeg E, Van Leeuwen CH, Morison MA, Nolet BA, Soons MB (2015) Bird‚Äêmediated seed dispersal: reduced digestive efficiency in active birds modulates the dispersal capacity of plant seeds.¬†Oikos 124:899-907",,"gut, passage, time",n
Anas platyrhynchos,Y,Aves,Anseriformes,,Anatidae,Anas_platyrhynchos,mallard duck,omnivore,1120,Mallard - Wikipedia,Elodea,fiber/foliage,5,4,passage time,48,,,,,124,,,,,,Malone CR (1965) Dispersal of plankton: rate of food passage in mallard ducks.¬†The Journal of Wildlife Management 29:529-533,No mean transit time or MRT given and min and max are averages and also measure egg viability,"passage, rate",n
Anas platyrhynchos,Y,Aves,Anseriformes,,Anatidae,Anas_platyrhynchos,mallard duck,omnivore,1120,Mallard - Wikipedia,crayfish,meat,5,4,passage time,66,,,,,142,,,,,,Malone CR (1965) Dispersal of plankton: rate of food passage in mallard ducks.¬†The Journal of Wildlife Management 29:529-534,No mean transit time or MRT given and min and max are averages and also measure egg viability,"passage, rate",n
Anas platyrhynchos,Y,Aves,Anseriformes,,Anatidae,Anas_platyrhynchos,mallard duck,omnivore,1120,Mallard - Wikipedia,cattail,fiber/foliage,5,4,passage time,82,,,,,222,,,,,,Malone CR (1965) Dispersal of plankton: rate of food passage in mallard ducks.¬†The Journal of Wildlife Management 29:529-535,No mean transit time or MRT given and min and max are averages and also measure egg viability,"passage, rate",n
Anas platyrhynchos,Y,Aves,Anseriformes,,Anatidae,Anas_platyrhynchos,mallard duck,omnivore,1120,Mallard - Wikipedia,oats,fiber/foliage,5,4,passage time,125,,,,,264,,,,,,Malone CR (1965) Dispersal of plankton: rate of food passage in mallard ducks.¬†The Journal of Wildlife Management 29:529-536,No mean transit time or MRT given and min and max are averages and also measure egg viability,"passage, rate",n
Anas platyrhynchos,Y,Aves,Anseriformes,,Anatidae,Anas_platyrhynchos,mallard duck,omnivore,1120,Mallard - Wikipedia,corn,fiber/foliage,5,4,passage time,165,,,,,329,,,,,,Malone CR (1965) Dispersal of plankton: rate of food passage in mallard ducks.¬†The Journal of Wildlife Management 29:529-537,No mean transit time or MRT given and min and max are averages and also measure egg viability,"passage, rate",n
Anoura geoffroyi,Y,Mammalia,Chiroptera,188,Phyllostomidae,Anoura_geoffroyi,Geoffrey's tailless bat,omnivore,14.5,mean as reported in paper,Columnar cactus,fruit/nectar/pollen,5,1,"TT: transit time, time from feeding to first appearance in feces",86,,,108,,,26.5,,,,,Herrera and Martinez del Rio 1998,Fed pollen solutions,,Yes
Anoura geoffroyi,Y,Mammalia,Chiroptera,188,Phyllostomidae,Anoura_geoffroyi,Geoffrey's tailless bat,omnivore,14.4,mean as reported in paper,P. ellipticum,fruit/nectar/pollen,6,1,"TT: transit time, time from feeding to first appearance in feces",51,,,127.5,,,12.5,,,,,Herrera and Martinez del Rio 1998,Fed pollen solutions,,Yes
Anoura geoffroyi,Y,Mammalia,Chiroptera,188,Phyllostomidae,Anoura_geoffroyi,Geoffrey's tailless bat,omnivore,15,mean as reported in paper,H. undatus,fruit/nectar/pollen,11,1,"TT: transit time, time from feeding to first appearance in feces",63,,,105,,,45.75,,,,,Herrera and Martinez del Rio 1998,Fed pollen solutions,,Yes
Anser anser,Y,Aves,Anseriformes,,Anatidae,Anser_anser,Goose,herbivore,3300,Greylag goose - Wikipedia,alfalfa pellet w/Co,fiber/foliage,6,1,transit time,,,,,,,,,192,,,"Frei S, Ortmann S, Kreuzer M, Hatt J-M, Clauss M (2017) Digesta retention patterns in geese (Anser anser) and turkeys (Meleagris gallopavo) and deduced function of avian caeca. Comparative Biochemistry and Physiology A 204:219-227",no reported standard deviation,gut,n
Anser anser,Y,Aves,Anseriformes,,Anatidae,Anser_anser,Goose,herbivore,3300,Greylag goose - Wikipedia,alfalfa pellet w/Cr,fiber/foliage,6,1,transit time,,,,,,,,,174,,,"Frei S, Ortmann S, Kreuzer M, Hatt J-M, Clauss M (2017) Digesta retention patterns in geese (Anser anser) and turkeys (Meleagris gallopavo) and deduced function of avian caeca. Comparative Biochemistry and Physiology A 204:219-228",no reported standard deviation,gut,n
Anser anser,Y,Aves,Anseriformes,,Anatidae,Anser_anser,Goose,herbivore,3300,Greylag goose - Wikipedia,alfalfa pellet w/Ce,fiber/foliage,6,1,transit time,,,,,,,,,126,,,"Frei S, Ortmann S, Kreuzer M, Hatt J-M, Clauss M (2017) Digesta retention patterns in geese (Anser anser) and turkeys (Meleagris gallopavo) and deduced function of avian caeca. Comparative Biochemistry and Physiology A 204:219-229",no reported standard deviation,gut,n
Anser anser,Y,Aves,Anseriformes,,Anatidae,Anser_anser,Greylag Goose,herbivore,3310,,A. machrostachyum seeds,fiber/foliage,10,1,mean retention time,,,,,,,,,432,78,,"Garc√≠a‚Äê√Ålvarez A, van Leeuwen CH, Luque CJ, Hussner A, V√©lez‚ÄêMart√≠n A, P√©rez‚ÄêV√°zquez A, Green AJ, Castellanos EM (2015) Internal transport of alien and native plants by geese and ducks: an experimental study.¬†Freshwater Biology 60:1316-1329",,"gut, time",n
Anser anser,Y,Aves,Anseriformes,,Anatidae,Anser_anser,Greylag Goose,herbivore,3310,,L. grandiflora seeds,fiber/foliage,10,1,mean retention time,,,,,,,,,534,66,,"Garc√≠a‚Äê√Ålvarez A, van Leeuwen CH, Luque CJ, Hussner A, V√©lez‚ÄêMart√≠n A, P√©rez‚ÄêV√°zquez A, Green AJ, Castellanos EM (2015) Internal transport of alien and native plants by geese and ducks: an experimental study.¬†Freshwater Biology 60:1316-1330",,"gut, time",n
Anser anser,Y,Aves,Anseriformes,,Anatidae,Anser_anser,Greylag Goose,herbivore,3310,,S. densiflora seeds,fiber/foliage,10,1,mean retention time,,,,,,,,,492,306,,"Garc√≠a‚Äê√Ålvarez A, van Leeuwen CH, Luque CJ, Hussner A, V√©lez‚ÄêMart√≠n A, P√©rez‚ÄêV√°zquez A, Green AJ, Castellanos EM (2015) Internal transport of alien and native plants by geese and ducks: an experimental study.¬†Freshwater Biology 60:1316-1331",,"gut, time",n
Anser anser,Y,Aves,Anseriformes,,Anatidae,Anser_anser,Greylag Goose,herbivore,3310,,S. vera seeds,fiber/foliage,10,1,mean retention time,,,,,,,,,1014,318,,"Garc√≠a‚Äê√Ålvarez A, van Leeuwen CH, Luque CJ, Hussner A, V√©lez‚ÄêMart√≠n A, P√©rez‚ÄêV√°zquez A, Green AJ, Castellanos EM (2015) Internal transport of alien and native plants by geese and ducks: an experimental study.¬†Freshwater Biology 60:1316-1332",,"gut, time",n
Anseranas semipalmata,Y,Aves,Anseriformes,,Anseranatidae,Anseranas_semipalmata,Australian magpie goose,herbivore,2500,Magpie Goose (Anseranas semipalmata) ‚Äì Australian AVES | Aussie Animals,unhusked rice grain,fiber/foliage,5,1,transit time,,,,,,,,,222,180,,"Dawson TJ, Whitehead PJ, McLean A, Fanning FD, Dawson, WR (2000). Digestive function in Australian magpie geese (Anseranas semipalmata).¬†Australian Journal of Zoology 48:265-279",,,n
Anseranas semipalmata,Y,Aves,Anseriformes,,Anseranatidae,Anseranas_semipalmata,Australian magpie goose,herbivore,2500,Magpie Goose (Anseranas semipalmata) ‚Äì Australian AVES | Aussie Animals,fresh aquatic grass,fiber/foliage,5,1,transit time,,,,,,,,,462,36,,"Dawson TJ, Whitehead PJ, McLean A, Fanning FD, Dawson, WR (2000). Digestive function in Australian magpie geese (Anseranas semipalmata).¬†Australian Journal of Zoology 48:265-280",,,n
Antechinus swainsonii,N,Mammalia,Dasyuromorphia,,Dasyuridae,Antechinus_swainsonii,dusky antechinus,carnivore,49.2,,house mice,meat,5,1,transit time,180,,,,,1080,,,,,,"McT. Cowan, A. M. O'Riordan, and J. S. McT. Cowan. 1974. Energy requirements of the dasyurid marsupial mouse Antechinus swainsonni (Waterhouse). Canadian Journal of Zoology. 52(2): 269-275. https://doi.org/10.1139/z74-033",subadults,"food, rate",N
Antilope cervicapra,N,Mammalia,Artiodactyla,,Bovidae,Antilope_cervicapra,blackbuck,folivore,26000,,"grass hay, alfalfa + Co-EDTA liquid marker",fiber/foliage,5,1,transit time; MRT,,,,,,,,,1740,246,,Hummel et al. (2015),,N,N
Antilope cervicapra,N,Mammalia,Artiodactyla,,Bovidae,Antilope_cervicapra,blackbuck,folivore,26000,,"grass hay, alfalfa + Cr particle marker",fiber/foliage,5,1,transit time; MRT,,,,,,,,,3600,396,,Hummel et al. (2015),,N,N
Aptenodytes patagonicus,N,Aves,Sphenisciformes,,Spheniscidae,Aptenodytes_patagonicus,king penguin,carnivore,13650,King penguin - Wikipedia,pilchard,meat,5,4,mean retention time,,,,,,,,,1260,,,Jackson S (1992) Do seabird gut sizes and mean retention times reflect adaptation to diet and foraging method?¬†Physiological Zoology 65:674-709,"MRTs estimated from graph, could not estimate SD","gastrointestinal, transit, time",n
Aptenodytes patagonicus,N,Aves,Sphenisciformes,,Spheniscidae,Aptenodytes_patagonicus,king penguin,carnivore,13650,King penguin - Wikipedia,squid,meat,5,4,mean retention time,,,,,,,,,1080,,,Jackson S (1992) Do seabird gut sizes and mean retention times reflect adaptation to diet and foraging method?¬†Physiological Zoology 65:674-710,"MRTs estimated from graph, could not estimate SD","gastrointestinal, transit, time",n
Aptenodytes patagonicus,N,Aves,Sphenisciformes,,Spheniscidae,Aptenodytes_patagonicus,king penguin,carnivore,13650,King penguin - Wikipedia,prawn,meat,5,4,mean retention time,,,,,,,,,1320,,,Jackson S (1992) Do seabird gut sizes and mean retention times reflect adaptation to diet and foraging method?¬†Physiological Zoology 65:674-711,"MRTs estimated from graph, could not estimate SD","gastrointestinal, transit, time",n
Apyprymnus rufescens,N,Mammalia,Diprotodontia,,Potoroidae,Aepyprymnus_rufescens,Rat Kangaroo,herbivore,2480,Aepyprymnus rufescens (rufous bettong) | INFORMATION | Animal Diversity Web,fibrous diet,fiber/foliage,8,2,mean retention time,,,,,,,,,1860,,,"Wallis, I.R. (1994). The Rate of Passage of Digesta through the Gastrointestinal Tracts of Potoroine Marsupials: More Evidence about the Role of the Potoroine Foregut.¬†Physiological Zoology, 67, 771 - 795.",MRT values taken from Ru marker column,"gastrointestinal, time",N
Apyprymnus rufescens,N,Mammalia,Diprotodontia,,Potoroidae,Aepyprymnus_rufescens,Rat Kangaroo,herbivore,2480,Aepyprymnus rufescens (rufous bettong) | INFORMATION | Animal Diversity Web,fibrous diet,fiber/foliage,6,2,mean retention time,,,,,,,,,780,,,"Wallis, I.R. (1994). The Rate of Passage of Digesta through the Gastrointestinal Tracts of Potoroine Marsupials: More Evidence about the Role of the Potoroine Foregut.¬†Physiological Zoology, 67, 771 - 795.",MRT values taken from Ru marker column,"gastrointestinal, time",N
Apyprymnus rufescens,N,Mammalia,Diprotodontia,,Potoroidae,Aepyprymnus_rufescens,Rat Kangaroo,herbivore,2480,Aepyprymnus rufescens (rufous bettong) | INFORMATION | Animal Diversity Web,fibrous diet,fiber/foliage,8,2,mean retention time,,,,,,,,,1500,,,"Wallis, I.R. (1994). The Rate of Passage of Digesta through the Gastrointestinal Tracts of Potoroine Marsupials: More Evidence about the Role of the Potoroine Foregut.¬†Physiological Zoology, 67, 771 - 795.",MRT values taken from Ru marker column,"gastrointestinal, time",N
Arctictis binturong,N,Mammalia,Carnivora,,Viverridae,Arctictis_binturong,binturong,frugivore,18900,,dog feed + fruit + plastic particle marker,protein,4,15,MRT,,,,,,,,,390,18,,Lambert et al. (2014),,Y,N
Arizelocichla tephrolaemus,Y,Aves,Passeriformes,,Pycnonotidae,Pycnonotidae,western greenbul,frugivore/nectivore,43.5,Western Mountain Greenbul,M. lancelota fruit,fruit/nectar/pollen,4,1,minimum passage time,,,,17.8,,,1.93,,,,,"Graham CH, Moermond TC, Kristensen KA, Mvukiyumwami J (1995) Seed dispersal effectiveness by two bulbuls on Maesa lanceolata, an African montane forest tree.¬†Biotropica 27:479-486",,time,n
Artibeus jamaicensis,Y,Mammalia,Chiroptera,188,Phyllostomidae,Artibeus_jamaicensis,Jamaican fruit bat,frugivore/nectarivore,39.9,mean as reported in paper,Columnar cactus,fruit/nectar/pollen,5,1,"TT: transit time, time from feeding to first appearance in feces",82,,,120.75,,,28.75,,,,,Herrera and Martinez del Rio 1998,Fed pollen solutions,,Yes
Artibeus jamaicensis,Y,Mammalia,Chiroptera,188,Phyllostomidae,Artibeus_jamaicensis,Jamaican fruit bat,frugivore/nectarivore,42.1,mean as reported in paper,P. ellipticum,fruit/nectar/pollen,6,1,"TT: transit time, time from feeding to first appearance in feces",82,,,166.25,,,33,,,,,Herrera and Martinez del Rio 1998,,,Yes
Artibeus jamaicensis,Y,Mammalia,Chiroptera,188,Phyllostomidae,Artibeus_jamaicensis,Jamaican fruit bat,frugivore/nectarivore,38.2,mean as reported in paper,H. undatus,fruit/nectar/pollen,7,1,"TT: transit time, time from feeding to first appearance in feces",38,,,83.75,,,38,,,,,Herrera and Martinez del Rio 1998,,,Yes
Artibeus jamaicensis,Y,Mammalia,Chiroptera,188,Phyllostomidae,Artibeus_jamaicensis,Jamaican fruit bat,frugivore/nectarivore,39.7,mean reported in paper,pollen + water mixture,fruit/nectar/pollen,8,1,MGT: time from ingestion of pollen to appearance of pollen infeces,,,,91.7,,,15.25510204,,,,,Mancina et al 2005,minimum gut transit time extracted from figure,,Yes
Artibeus lituratus,Y,Mammalia,Chiroptera,,Phyllostomidae,Artibeus_lituratus,great fruit-eating bat,frugivore,65.9,Artibeus lituratus (great fruit-eating bat) | INFORMATION | Animal Diversity Web,F. orangensis fruit,fruit/nectar/pollen,30,1,digestion time,,,,51.3,,,21,,,,,"Xavier, L. H., Ort√™ncio Filho, H., Bianconi, G. V., & de Santana, H. S. (2018). Fruit digestion time, integrity and germination of seeds defecated by¬†Artibeus lituratus¬†(Olfers, 1818) (Chiroptera: Phyllostomidae).¬†Studies on Neotropical Fauna and Environment,¬†53(1), 54‚Äì61. https://doi.org/10.1080/01650521.2017.1396804","Written as digestion rate, but I believe the times correspond to passage time","passage, time",N
Artibeus lituratus,Y,Mammalia,Chiroptera,,Phyllostomidae,Artibeus_lituratus,great fruit-eating bat,frugivore,66.9,Artibeus lituratus (great fruit-eating bat) | INFORMATION | Animal Diversity Web,F. guaranitica fruit,fruit/nectar/pollen,30,1,digestion time,,,,64.5,,,12.7,,,,,"Xavier, L. H., Ort√™ncio Filho, H., Bianconi, G. V., & de Santana, H. S. (2018). Fruit digestion time, integrity and germination of seeds defecated by¬†Artibeus lituratus¬†(Olfers, 1818) (Chiroptera: Phyllostomidae).¬†Studies on Neotropical Fauna and Environment,¬†53(1), 54‚Äì61. https://doi.org/10.1080/01650521.2017.1396805","Written as digestion rate, but I believe the times correspond to passage time","passage, time",N
Artibeus lituratus,Y,Mammalia,Chiroptera,,Phyllostomidae,Artibeus_lituratus,great fruit-eating bat,frugivore,67.9,Artibeus lituratus (great fruit-eating bat) | INFORMATION | Animal Diversity Web,F. glabra fruit,fruit/nectar/pollen,30,1,digestion time,,,,57.2,,,10.9,,,,,"Xavier, L. H., Ort√™ncio Filho, H., Bianconi, G. V., & de Santana, H. S. (2018). Fruit digestion time, integrity and germination of seeds defecated by¬†Artibeus lituratus¬†(Olfers, 1818) (Chiroptera: Phyllostomidae).¬†Studies on Neotropical Fauna and Environment,¬†53(1), 54‚Äì61. https://doi.org/10.1080/01650521.2017.1396806","Written as digestion rate, but I believe the times correspond to passage time","passage, time",N
Arvicola terrestris,N,Mammalia,Rodentia,,Microtinae,Arvicola_amphibius,water vole,omnivore,247.5,Arvicola amphibius (Eurasian water vole) | INFORMATION | Animal Diversity Web,rabbit pellet,fiber/foliage,5,1,mean retention time,,,,,,,,,576,114,,"Woodall PF. The effects of increased dietary cellulose on the anatomy, physiology and behaviour of captive water voles, Arvicola terrestris (L.) (Rodentia: Microtinae). Comp Biochem Physiol A Comp Physiol. 1989;94(4):615-21. doi: 10.1016/0300-9629(89)90603-8. PMID: 2575948.",,,N
Arvicola terrestris,N,Mammalia,Rodentia,,Microtinae,Arvicola_amphibius,water vole,omnivore,247.5,Arvicola amphibius (Eurasian water vole) | INFORMATION | Animal Diversity Web,rabbit pellet w/ 10% cellulose,fiber/foliage,6,1,mean retention time,,,,,,,,,504,126,,"Woodall PF. The effects of increased dietary cellulose on the anatomy, physiology and behaviour of captive water voles, Arvicola terrestris (L.) (Rodentia: Microtinae). Comp Biochem Physiol A Comp Physiol. 1989;94(4):615-21. doi: 10.1016/0300-9629(89)90603-8. PMID: 2575948.",,,N
Arvicola terrestris,N,Mammalia,Rodentia,,Microtinae,Arvicola_amphibius,water vole,omnivore,247.5,Arvicola amphibius (Eurasian water vole) | INFORMATION | Animal Diversity Web,rabbit pellet w/ 20% cellulose,fiber/foliage,4,1,mean retention time,,,,,,,,,426,30,,"Woodall PF. The effects of increased dietary cellulose on the anatomy, physiology and behaviour of captive water voles, Arvicola terrestris (L.) (Rodentia: Microtinae). Comp Biochem Physiol A Comp Physiol. 1989;94(4):615-21. doi: 10.1016/0300-9629(89)90603-8. PMID: 2575948.",,,N
Arvicola terrestris,N,Mammalia,Rodentia,,Microtinae,Arvicola_amphibius,water vole,omnivore,247.5,Arvicola amphibius (Eurasian water vole) | INFORMATION | Animal Diversity Web,rabbit pellet w/30%cellulose,fiber/foliage,4,1,mean retention time,,,,,,,,,468,126,,"Woodall PF. The effects of increased dietary cellulose on the anatomy, physiology and behaviour of captive water voles, Arvicola terrestris (L.) (Rodentia: Microtinae). Comp Biochem Physiol A Comp Physiol. 1989;94(4):615-21. doi: 10.1016/0300-9629(89)90603-8. PMID: 2575948.",,,N
Asio flammeus,Y,Aves,Stringiformes,,Stringidae,Asio_flammeus,short eared owl,carnivore,340.5,Asio flammeus (short-eared owl) | INFORMATION | Animal Diversity Web,lab mice,meat,1,1,meal to pellet interval,,,,10.22,,,0.43,,,,,"Duke GE, Evanson OA, Jegers A (1976) Meal to pellet intervals in 14 species of captive raptors.¬†Comparative Biochemistry and Physiology A¬†53:1-16","some birds were fed at two different times, this did not seem to have any significant impact on the excretion time (so with the exception of the caracara which was only fed at 1100) all numbers reflected are from the 0900 feeding",,n
Ateles belzebuth,N,Mammalia,Primates,,Atelidae,Ateles_belzebuth,spider monkey,frugivore,8500,,fruit,fruit/nectar/pollen,17,1,mean retention time,,,,,,,,,270,,,"Link A, Di Fiore A. Seed dispersal by spider monkeys and its importance in the maintenance of neotropical rain-forest diversity.¬†Journal of Tropical Ecology. 2006;22(3):235-246. doi:10.1017/S0266467405003081",,time,N
Ateles geoffroyi,N,Mammalia,Primates,,Atelidae,Ateles_geoffroyi,Geoffroy's spider monkey,frugivore,7600,,mixed fruit/veggies/bread/etc + plastic particle marker,protein,9,1,TT,,,,264,,,,,,,,Milton (1984),,N,N
Ateles paniscus,N,Mammalia,Primates,,Atelidae,Ateles_paniscus,red-faced spider monkey,omnivore,7800,,mixed fruit/veggies/bread/etc + plastic particle marker,protein,4,1,TT,,,,315,,,,,,,,Milton (1984),,N,N
Atheris nitscheri,N,Reptilia,Squamata,637.9,Viperidae,Atheris_nitschei,Great Lakes bush viper,carnivore,,,mice,meat,3,,transit time,,,,10368,,,288,,,,,Lillywhite et al 2002,"measured ""gut passage time"" same as transit time (first pass of markers in feces)",yes,No
Bettongia penicillata,N,Mammalia,Diprotodontia,,Potoroidae,Bettongia_penicillata,Woylie,herbivore,1300,Woylie - Wikipedia,fibrous diet,fiber/foliage,6,2,mean retention time,,,,,,,,,2340,,,"Wallis, I.R. (1994). The Rate of Passage of Digesta through the Gastrointestinal Tracts of Potoroine Marsupials: More Evidence about the Role of the Potoroine Foregut.¬†Physiological Zoology, 67, 771 - 795.",MRT values taken from Ru marker column,"gastrointestinal, time",N
Bison bison,N,Mammalia,Artiodactyla,,Bovidae,Bison_bison,bison,herbivore,609000,Bison bison (American bison) | INFORMATION | Animal Diversity Web,alfalfa and brom grass,fiber/foliage,2,1,retention time,,,,,,,,,4728,129.6,,"Schaefer AL, Young BA, Chimwano AM (1978) Ration digestion and retention times of digesta in domestic cattle (Bos taurus), American bison (Bison bison), and Tibetan yak (Bos grunniens). Canadian Journal of Zoology 56:2355-2359",,time,no
Bison bonasus,N,Mammalia,Artiodactyla,188,Bovidae,Bison_bonasus,European bison,folivore,188000,,wheat brain + Co-EDTA,fiber/foliage,2,,mean retention time,,,,,,,,,1266,220.6173157,,Przybylo et al 2019,,no,No
Bison bonasus,N,Mammalia,Artiodactyla,188,Bovidae,Bison_bonasus,European bison,folivore,188000,,wheat brain + chromium mordanted fiber,fiber/foliage,2,,mean retention time,,,,,,,,,2208,509.1168825,,Przybylo et al 2019,,no,No
Bitis arietans,N,Reptilia,Squamata,637.9,Viperidae,Bitis_arietans,puff ader,carnivore,945.4,,mice,meat,5,,transit time,,,,42480,,,6912,,,,,Lillywhite et al 2002,"measured ""gut passage time"" same as transit time (first pass of markers in feces)",yes,No
Bitis gabonica,N,Reptilia,Squamata,637.9,Viperidae,Bitis_gabonica,Gaboon viper,carnivore,1172,,mice,meat,8,,transit time,,,,165600,,,31680,,,,,Lillywhite et al 2002,"measured ""gut passage time"" same as transit time (first pass of markers in feces)",yes,No
Blarina brevicauda,N,Mammalia,Eulipotyphla,,Soricidae,Blarina_brevicauda,short-tailed shrew,carnivore,24,,earthworms + nickel alloy tracer,protein,7,1,mean retention time,,,,,,,,,168.1,,11.4,Hindle et al. (2003),,N,N
Bombycilla cedrorum,Y,Aves,Passeriformes,,Bombycillidae,Bombycilla_cedrorum,Cedar Waxwing,frugivore/nectivore,30,Cedar waxwing - Wikipedia,wild grapes,fruit/nectar/pollen,5,1,mean retention time,,,,,,,,,32,,,"Karasov WH, Levey DJ (1990) Digestive system trade-offs and adaptations of frugivorous passerine birds.¬†Physiological Zoology¬†63:1248-1272",,time,n
Bombycilla cedrorum,Y,Aves,Passeriformes,,Bombycillidae,Bombycilla_cedrorum,Cedar Waxwing,frugivore/nectivore,30,Cedar waxwing - Wikipedia,artificial fruit,fruit/nectar/pollen,7,3,mean retention time,,,,,,,,,19.2,,,"Levey DJ, Grajal A (1991) Evolutionary implications of fruit-processing limitations in cedar waxwings.¬†The American Naturalist¬†138:171-189",MRT for large seeds,gut,n
Bombycilla cedrorum,Y,Aves,Passeriformes,,Bombycillidae,Bombycilla_cedrorum,Cedar Waxwing,frugivore/nectivore,30,Cedar waxwing - Wikipedia,artificial fruit,fruit/nectar/pollen,7,3,mean retention time,,,,,,,,,23.3,,,"Levey DJ, Grajal A (1991) Evolutionary implications of fruit-processing limitations in cedar waxwings.¬†The American Naturalist¬†138:171-190",MRT for small seeds,gut,n
Bombycilla cedrorum,Y,Aves,Passeriformes,,Bombycillidae,Bombycilla_cedrorum,Cedar Waxwing,frugivore/nectivore,30,Cedar waxwing - Wikipedia,artificial fruit,fruit/nectar/pollen,7,3,mean retention time,,,,,,,,,28.19,,,"Levey DJ, Grajal A (1991) Evolutionary implications of fruit-processing limitations in cedar waxwings.¬†The American Naturalist¬†138:171-191",MRT for pulp of large seeded fruit,gut,n
Bombycilla cedrorum,Y,Aves,Passeriformes,,Bombycillidae,Bombycilla_cedrorum,Cedar Waxwing,frugivore/nectivore,33,Cedar waxwing - Wikipedia,artificial fruit,fruit/nectar/pollen,7,3,mean retention time,,,,,,,,,32.6,,,"Levey DJ, Grajal A (1991) Evolutionary implications of fruit-processing limitations in cedar waxwings.¬†The American Naturalist¬†138:171-192",MRT for pulp of small seeded fruit,gut,n
Bombycilla cedrorum,Y,Aves,Passeriformes,,Bombycillidae,Bombycilla_cedrorum,Cedar Waxwing,frugivore/nectivore,33,Cedar waxwing - Wikipedia,banana,fruit/nectar/pollen,8,1,transit time,,,,5,,,0,,13,2,,"Levey DJ, Karasov WH (1994) Gut passage of insects by European starlings and comparison with other species.¬†The Auk¬†111:478-481",,"gut, passage, time",n
Bombycilla cedrorum,Y,Aves,Passeriformes,,Bombycillidae,Bombycilla_cedrorum,cedar waxwing,omnivore,31,Bombycilla cedrorum (cedar waxwing) | INFORMATION | Animal Diversity Web,synthetic fruit,fruit/nectar/pollen,11,1,mean retention time,,,,,,,,,63,5,,"McWilliams SR, Caviedes‚ÄêVidal E, Karasov WH (1999) Digestive adjustments in cedar waxwings to high feeding rate.¬†Journal of Experimental Zoology 283:394-407","MRT and SD estimated from figure, 11 birds kept in cold temperature",time,no
Bombycilla cedrorum,Y,Aves,Passeriformes,,Bombycillidae,Bombycilla_cedrorum,cedar waxwing,omnivore,31,Bombycilla cedrorum (cedar waxwing) | INFORMATION | Animal Diversity Web,synthetic fruit,fruit/nectar/pollen,9,1,mean retention time,,,,,,,,,78,7,,"McWilliams SR, Caviedes‚ÄêVidal E, Karasov WH (1999) Digestive adjustments in cedar waxwings to high feeding rate.¬†Journal of Experimental Zoology 283:394-408","MRT and SD estimated from figure, 9 birds kept in normal temperature",time,no
Bombycilla cedrorum,Y,Aves,Passeriformes,,Bombycillidae,Bombycilla_cedrorum,Cedar Waxwing,omnivore,30,Cedar waxwing - Wikipedia,artificial fruit type A control,fruit/nectar/pollen,8,1,retention time,,,,,,,,,38,2,,"Wahaj SA, Levey DJ, Sanders AK, Cipollini ML (1998) Control of gut retention time by secondary metabolites in ripe Solanum fruits.¬†Ecology 79:2309-2319",MRT estimated from graph,"gut, time",no
Bombycilla cedrorum,Y,Aves,Passeriformes,,Bombycillidae,Bombycilla_cedrorum,Cedar Waxwing,omnivore,30,Cedar waxwing - Wikipedia,artificial fruit type A high conc.,fruit/nectar/pollen,8,1,retention time,,,,,,,,,39,2.5,,"Wahaj SA, Levey DJ, Sanders AK, Cipollini ML (1998) Control of gut retention time by secondary metabolites in ripe Solanum fruits.¬†Ecology 79:2309-2320",MRT estimated from graph,"gut, time",no
Bombycilla cedrorum,Y,Aves,Passeriformes,,Bombycillidae,Bombycilla_cedrorum,Cedar Waxwing,omnivore,30,Cedar waxwing - Wikipedia,Artificial fruit type A extract,fruit/nectar/pollen,8,1,retention time,,,,,,,,,28,1,,"Wahaj SA, Levey DJ, Sanders AK, Cipollini ML (1998) Control of gut retention time by secondary metabolites in ripe Solanum fruits.¬†Ecology 79:2309-2321",MRT estimated from graph,"gut, time",no
Bombycilla cedrorum,Y,Aves,Passeriformes,,Bombycillidae,Bombycilla_cedrorum,Cedar Waxwing,omnivore,30,Cedar waxwing - Wikipedia,artificial fruit type B control,fruit/nectar/pollen,8,1,retention time,,,,,,,,,40,1,,"Wahaj SA, Levey DJ, Sanders AK, Cipollini ML (1998) Control of gut retention time by secondary metabolites in ripe Solanum fruits.¬†Ecology 79:2309-2322",MRT estimated from graph,"gut, time",no
Bombycilla cedrorum,Y,Aves,Passeriformes,,Bombycillidae,Bombycilla_cedrorum,Cedar Waxwing,omnivore,30,Cedar waxwing - Wikipedia,Artificial fruit type B high conc.,fruit/nectar/pollen,8,1,retention time,,,,,,,,,57,3,,"Wahaj SA, Levey DJ, Sanders AK, Cipollini ML (1998) Control of gut retention time by secondary metabolites in ripe Solanum fruits.¬†Ecology 79:2309-2323",MRT estimated from graph,"gut, time",no
Bombycilla cedrorum,Y,Aves,Passeriformes,,Bombycillidae,Bombycilla_cedrorum,cedar waxwing,frugivore,30,Cedar waxwing - Wikipedia,fruit,fruit/nectar/pollen,5,18,retention time,,,,,,,,,30,2.3,,"Ram√≠rez MM, Ornelas JF (2009) Germination of Psittacanthus schiedeanus (mistletoe) seeds after passage through the gut of Cedar Waxwings and Grey Silky-flycatchers.¬†The Journal of the Torrey Botanical Society 136:322-331",,"passage, gut",no
Bombycilla cedrorum,Y,Aves,Passeriformes,,Bombycillidae,Bombycilla_cedrorum,cedar waxwing,frugivore,31,Cedar waxwing - Wikipedia,fruit,fruit/nectar/pollen,5,18,retention time,,,,,,,,,24.6,1.3,,"Ram√≠rez MM, Ornelas JF (2009) Germination of Psittacanthus schiedeanus (mistletoe) seeds after passage through the gut of Cedar Waxwings and Grey Silky-flycatchers.¬†The Journal of the Torrey Botanical Society 136:322-332",,"passage, gut",no
Bombycilla cedrorum,Y,Aves,Passeriformes,,Bombycillidae,Bombycilla_cedrorum,cedar waxwing,frugivore,32,Cedar waxwing - Wikipedia,fruit,fruit/nectar/pollen,5,18,retention time,,,,,,,,,20.1,1.1,,"Ram√≠rez MM, Ornelas JF (2009) Germination of Psittacanthus schiedeanus (mistletoe) seeds after passage through the gut of Cedar Waxwings and Grey Silky-flycatchers.¬†The Journal of the Torrey Botanical Society 136:322-333",,"passage, gut",no
Bos grunniens,N,Mammalia,Artiodactyla,,Bovidae,Bos_grunniens,yak,herbivore,650000,Bos grunniens (yak) | INFORMATION | Animal Diversity Web,alfalfa and brom grass,fiber/foliage,2,1,retention time,,,,,,,,,4692,129.6,,"Schaefer AL, Young BA, Chimwano AM (1978) Ration digestion and retention times of digesta in domestic cattle (Bos taurus), American bison (Bison bison), and Tibetan yak (Bos grunniens). Canadian Journal of Zoology 56:2355-2360",,time,no
Bos javanicus,N,Mammalia,Artiodactyla,,Bovidae,Bos_gaurus,banteng,herbivore,486666,,fluid marker w/ fresh grass,fiber/foliage,6,1,retention time,,,,,,,,,2340,1380,,"Schwarm A, Ortmann S, Wolf C, Streich WJ, Clauss M (2008) Excretion patterns of fluid and different sized particle passage markers in banteng (Bos javanicus) and pygmy hippopotamus (Hexaprotidon liberiensis). Comparative Biochemistry and Physiology A 150:32-42",,rate,no
Bos javanicus,N,Mammalia,Artiodactyla,,Bovidae,Bos_gaurus,banteng,herbivore,486666,,small particle w/fresh grass,fiber/foliage,6,1,retention time,,,,,,,,,6540,180,,"Schwarm A, Ortmann S, Wolf C, Streich WJ, Clauss M (2008) Excretion patterns of fluid and different sized particle passage markers in banteng (Bos javanicus) and pygmy hippopotamus (Hexaprotidon liberiensis). Comparative Biochemistry and Physiology A 150:32-43",,rate,no
Bos javanicus,N,Mammalia,Artiodactyla,,Bovidae,Bos_gaurus,banteng,herbivore,486666,,large particle w/ fresh grass,fiber/foliage,6,1,retention time,,,,,,,,,6300,240,,"Schwarm A, Ortmann S, Wolf C, Streich WJ, Clauss M (2008) Excretion patterns of fluid and different sized particle passage markers in banteng (Bos javanicus) and pygmy hippopotamus (Hexaprotidon liberiensis). Comparative Biochemistry and Physiology A 150:32-44",,rate,no
Bos taurus,N,Mammalia,Artiodactyla,188,Bovidae,Bos_taurus,cow,folivore,680000,,wheat brain + Co-EDTA,fiber/foliage,2,,mean retention time,,,,,,,,,1296,36,,Przybylo et al 2019,,no,No
Bos taurus,N,Mammalia,Artiodactyla,188,Bovidae,Bos_taurus,cow,folivore,680000,,wheat brain + chromium mordanted fiber,fiber/foliage,2,,mean retention time,,,,,,,,,2382,12,,Przybylo et al 2019,,no,No
Bos taurus,N,Mammalia,Artiodactyla,188,Bovidae,Bos_taurus,cow,folivore,642000,mean reported in paper,hay with markers,fiber/foliage,8,4,ITT: intestinal transit time (time feeding to first appearance in feces),,,,1113,,,36,,1968,36,,Hanks et al 1993,took mean of means reported for both pregnant and non-pregnant cows,,Yes
Bos taurus,N,Mammalia,Artiodactyla,188,Bovidae,Bos_taurus,cow,folivore,340000,mean  of control group reported in paper,hay with markers,fiber/foliage,2,1,ITT: intestinal transit time (time feeding to first appearance in feces),,,,966,,,,,3318,,,Krysl et al 1989,reported mean of control trials,,Yes
Bos taurus,N,Mammalia,Artiodactyla,188,Bovidae,Bos_taurus,cow,folivore,571000,mean as reported in paper,grass silage of varying maturity,fiber/foliage,6,1,TT (tracer transit time from ingestion to passage),546,,,810,,1500,264.1122756,,,,,Warner et al 2013,took mean of TT across different silage concentrations,,Yes
Bos taurus,N,Mammalia,Artiodactyla,188,Bovidae,Bos_taurus,cow,folivore,561000,mean as reported in paper,grass silage of varying maturity,fiber/foliage,4,1,TT (tracer transit time from ingestion to passage),,,,806.5714286,,,23.71256448,,2681.142857,,31.06674842,Warner et al 2013b,mean of TT across different silage concentrations,,Yes
Bos taurus,N,Mammalia,Artiodactyla,,Bovidae,Bos_taurus,domestic cattle,herbivore,755000,Bos taurus (aurochs) | INFORMATION | Animal Diversity Web,grass hay w/particle marker,fiber/foliage,3,1,retention time,,,,,,,,,4500,300,,"Steuer P, S√ºdekum K-H, M√ºller DWH, Franz R, Kaandorp J, Clauss M, Hummel J (2011) Is there an influence of body mass on digesta mean retention time in herbivores? A comparative study on ungulates. Comparative Biochemistry and Physiology A 160:355-378",,"gut, time",no
Bos taurus,N,Mammalia,Artiodactyla,,Bovidae,Bos_taurus,domestic cattle,herbivore,755000,Bos taurus (aurochs) | INFORMATION | Animal Diversity Web,grass hay w/ fluid marker,fiber/foliage,3,1,retention time,,,,,,,,,2040,36,,"Steuer P, S√ºdekum K-H, M√ºller DWH, Franz R, Kaandorp J, Clauss M, Hummel J (2011) Is there an influence of body mass on digesta mean retention time in herbivores? A comparative study on ungulates. Comparative Biochemistry and Physiology A 160:355-379",,"gut, time",no
Bos taurus,N,Mammalia,Artiodactyla,,Bovidae,Bos_taurus,Domestic cattle,herbivore,755000,Bos taurus (aurochs) | INFORMATION | Animal Diversity Web,alfalfa and brom grass,fiber/foliage,6,1,retention time,,,,,,,,,3984,129.6,,"Schaefer AL, Young BA, Chimwano AM (1978) Ration digestion and retention times of digesta in domestic cattle (Bos taurus), American bison (Bison bison), and Tibetan yak (Bos grunniens). Canadian Journal of Zoology 56:2355-2358",,time,no
Bos taurus,N,Mammalia,Artiodactyla,,Bovidae,Bos_taurus,large heifer,herbivore,560000,,timothy hay w/ solid marker,fiber/foliage,3,1,mean retention time,,,,,,,,,65,,,"Ud√©n P, Rounsaville TR, Wiggans GR, Van Soest PJ. The measurement of liquid and solid digesta retention in ruminants, equines and rabbits given timothy (Phleum pratense) hay. British Journal of Nutrition. 1982;48(2):329-339. doi:10.1079/BJN19820117",,"passage, time",N
Bos taurus,N,Mammalia,Artiodactyla,,Bovidae,Bos_taurus,large heifer,herbivore,560000,,timothy hay w/ liquid marker,fiber/foliage,3,1,mean retention time,,,,,,,,,18,,,"Ud√©n P, Rounsaville TR, Wiggans GR, Van Soest PJ. The measurement of liquid and solid digesta retention in ruminants, equines and rabbits given timothy (Phleum pratense) hay. British Journal of Nutrition. 1982;48(2):329-339. doi:10.1079/BJN19820118",,"passage, time",N
Bos taurus,N,Mammalia,Artiodactyla,,Bovidae,Bos_taurus,small heifer,herbivore,240000,,timothy hay w/ solid marker,fiber/foliage,2,1,mean retention time,,,,,,,,,48,,,"Ud√©n P, Rounsaville TR, Wiggans GR, Van Soest PJ. The measurement of liquid and solid digesta retention in ruminants, equines and rabbits given timothy (Phleum pratense) hay. British Journal of Nutrition. 1982;48(2):329-339. doi:10.1079/BJN19820119",,"passage, time",N
Bos taurus,N,Mammalia,Artiodactyla,,Bovidae,Bos_taurus,small heifer,herbivore,240000,,timothy hay w/ liquid marker,fiber/foliage,2,1,mean retention time,,,,,,,,,20,,,"Ud√©n P, Rounsaville TR, Wiggans GR, Van Soest PJ. The measurement of liquid and solid digesta retention in ruminants, equines and rabbits given timothy (Phleum pratense) hay. British Journal of Nutrition. 1982;48(2):329-339. doi:10.1079/BJN19820120",,"passage, time",N
Bos taurus,N,Mammalia,Artiodactyla,,Bovidae,Bos_taurus,belgian blue cow,herbivore,575000,,"maize silage, beet pulp, seeds",fiber/foliage,14,1,transit time,360,,,1440,,2880,,,,,,"D'hondt B, Hoffmann M. A reassessment of the role of simple seed traits in mortality following herbivore ingestion. Plant Biol (Stuttg). 2011 Jan;13 Suppl 1:118-24. doi: 10.1111/j.1438-8677.2010.00335.x. PMID: 21134095.",90% of seeds were excreted at listed mean transit time,,N
Bos taurus,N,Mammalia,Artiodactyla,,Bovidae,Bos_taurus,Droughtmaster steer,herbivore,847500,Droughtmaster - Wikipedia,"oat straw, lucerne hay, Leucaena luecocephala seed",fiber/foliage,2,4,mean retention time,,,,,,,,,2280,,,"Gardener, C. J., McIvor, J. G., & Jansen, A. (1993). Passage of Legume and Grass Seeds Through the Digestive Tract of Cattle and Their Survival in Faeces. Journal of Applied Ecology, 30(1), 63‚Äì74. https://doi.org/10.2307/2404271",,"rate, passage",N
Bos taurus,N,Mammalia,Artiodactyla,,Bovidae,Bos_taurus,Droughtmaster steer,herbivore,847500,Droughtmaster - Wikipedia,"oat straw, lucerne hay, Centrosema pubescens seed",fiber/foliage,2,4,mean retention time,,,,,,,,,2208,,,"Gardener, C. J., McIvor, J. G., & Jansen, A. (1993). Passage of Legume and Grass Seeds Through the Digestive Tract of Cattle and Their Survival in Faeces. Journal of Applied Ecology, 30(1), 63‚Äì74. https://doi.org/10.2307/2404272",,"rate, passage",N
Bos taurus,N,Mammalia,Artiodactyla,,Bovidae,Bos_taurus,Droughtmaster steer,herbivore,847500,Droughtmaster - Wikipedia,"oat straw, lucerne hay, Macroptilium atropurpureum seed",fiber/foliage,2,4,mean retention time,,,,,,,,,2088,,,"Gardener, C. J., McIvor, J. G., & Jansen, A. (1993). Passage of Legume and Grass Seeds Through the Digestive Tract of Cattle and Their Survival in Faeces. Journal of Applied Ecology, 30(1), 63‚Äì74. https://doi.org/10.2307/2404273",,"rate, passage",N
Bos taurus,N,Mammalia,Artiodactyla,,Bovidae,Bos_taurus,Droughtmaster steer,herbivore,847500,Droughtmaster - Wikipedia,"oat straw, lucerne hay, Neonotonia wightii seed",fiber/foliage,2,4,mean retention time,,,,,,,,,2088,,,"Gardener, C. J., McIvor, J. G., & Jansen, A. (1993). Passage of Legume and Grass Seeds Through the Digestive Tract of Cattle and Their Survival in Faeces. Journal of Applied Ecology, 30(1), 63‚Äì74. https://doi.org/10.2307/2404274",,"rate, passage",N
Bos taurus,N,Mammalia,Artiodactyla,,Bovidae,Bos_taurus,Droughtmaster steer,herbivore,847500,Droughtmaster - Wikipedia,"oat straw, lucerne hay, Stylosanthes hamata seed",fiber/foliage,2,4,mean retention time,,,,,,,,,2850,,,"Gardener, C. J., McIvor, J. G., & Jansen, A. (1993). Passage of Legume and Grass Seeds Through the Digestive Tract of Cattle and Their Survival in Faeces. Journal of Applied Ecology, 30(1), 63‚Äì74. https://doi.org/10.2307/2404275",,"rate, passage",N
Bos taurus,N,Mammalia,Artiodactyla,,Bovidae,Bos_taurus,Droughtmaster steer,herbivore,847500,Droughtmaster - Wikipedia,"oat straw, lucerne hayStylosanthes scabra seed",fiber/foliage,2,4,mean retention time,,,,,,,,,3054,,,"Gardener, C. J., McIvor, J. G., & Jansen, A. (1993). Passage of Legume and Grass Seeds Through the Digestive Tract of Cattle and Their Survival in Faeces. Journal of Applied Ecology, 30(1), 63‚Äì74. https://doi.org/10.2307/2404276",,"rate, passage",N
Bos taurus,N,Mammalia,Artiodactyla,,Bovidae,Bos_taurus,Droughtmaster steer,herbivore,847500,Droughtmaster - Wikipedia,"oat straw, lucerne hayTrifolium repens seed",fiber/foliage,2,4,mean retention time,,,,,,,,,2484,,,"Gardener, C. J., McIvor, J. G., & Jansen, A. (1993). Passage of Legume and Grass Seeds Through the Digestive Tract of Cattle and Their Survival in Faeces. Journal of Applied Ecology, 30(1), 63‚Äì74. https://doi.org/10.2307/2404277",,"rate, passage",N
Bos taurus,N,Mammalia,Artiodactyla,,Bovidae,Bos_taurus,Droughtmaster steer,herbivore,847500,Droughtmaster - Wikipedia,"oat straw, lucerne hayLotononis bainesii seed",fiber/foliage,2,4,mean retention time,,,,,,,,,2676,,,"Gardener, C. J., McIvor, J. G., & Jansen, A. (1993). Passage of Legume and Grass Seeds Through the Digestive Tract of Cattle and Their Survival in Faeces. Journal of Applied Ecology, 30(1), 63‚Äì74. https://doi.org/10.2307/2404278",,"rate, passage",N
Bos taurus,N,Mammalia,Artiodactyla,,Bovinae,Bos_taurus,Cattle,herbivore,700000,Cattle - Wikipedia,D. indica fruit,fruit/nectar/pollen,4,1,mean retention time,,,,,,,,,2472,1032,,"Sekar, Nitin & Lee, Chia-Lo & Sukumar, Raman. (2015). In the elephant's seed shadow: The prospects of domestic bovids as replacement dispersers of three tropical Asian trees. Ecology. 96. 2093-2105. 10.1890/14-1543.1.",GRT taken from the Ave. GRT by seed table column in table 7,,N
Bos taurus,N,Mammalia,Artiodactyla,,Bovinae,Bos_taurus,Cattle,herbivore,700000,Cattle - Wikipedia,A. chaplasha fruit,fruit/nectar/pollen,8,1,mean retention time,,,,,,,,,3702,2586,,"Sekar, Nitin & Lee, Chia-Lo & Sukumar, Raman. (2015). In the elephant's seed shadow: The prospects of domestic bovids as replacement dispersers of three tropical Asian trees. Ecology. 96. 2093-2105. 10.1890/14-1543.1.",GRT taken from the Ave. GRT by seed table column in table 8,,N
Bos taurus,N,Mammalia,Artiodactyla,,Bovinae,Bos_taurus,Cattle,herbivore,700000,Cattle - Wikipedia,C.arborea fruit,fruit/nectar/pollen,3,1,mean retention time,,,,,,,,,2358,1026,,"Sekar, Nitin & Lee, Chia-Lo & Sukumar, Raman. (2015). In the elephant's seed shadow: The prospects of domestic bovids as replacement dispersers of three tropical Asian trees. Ecology. 96. 2093-2105. 10.1890/14-1543.1.",GRT taken from the Ave. GRT by seed table column in table 9,,N
Bos taurus,N,Mammalia,Artiodactyla,,Bovidae,Bos_taurus,steer,herbivore,700000,Cattle - Wikipedia,hay w / 1 specific gravity,fiber/foliage,5,1,mean retention time,,,,,,,,,1796.4,,,"Whetsell MS, Prigge EC, Nestor EL. Influence of mass of ruminal contents on voluntary intake and digesta passage in steers fed a forage and a concentrate diet. J Anim Sci. 2004 Jun;82(6):1806-17. doi: 10.2527/2004.8261806x. PMID: 15217009.",,"passage, rate",N
Bos taurus,N,Mammalia,Artiodactyla,,Bovidae,Bos_taurus,steer,herbivore,700000,Cattle - Wikipedia,hay w / 1.1 specific gravity,fiber/foliage,5,1,mean retention time,,,,,,,,,1916.4,,,"Whetsell MS, Prigge EC, Nestor EL. Influence of mass of ruminal contents on voluntary intake and digesta passage in steers fed a forage and a concentrate diet. J Anim Sci. 2004 Jun;82(6):1806-17. doi: 10.2527/2004.8261806x. PMID: 15217009.",,"passage, rate",N
Bos taurus,N,Mammalia,Artiodactyla,,Bovidae,Bos_taurus,steer,herbivore,700000,Cattle - Wikipedia,hay w / 1.2 specific gravity,fiber/foliage,5,1,mean retention time,,,,,,,,,2230.2,,,"Whetsell MS, Prigge EC, Nestor EL. Influence of mass of ruminal contents on voluntary intake and digesta passage in steers fed a forage and a concentrate diet. J Anim Sci. 2004 Jun;82(6):1806-17. doi: 10.2527/2004.8261806x. PMID: 15217009.",,"passage, rate",N
Bos taurus,N,Mammalia,Artiodactyla,,Bovidae,Bos_taurus,steer,herbivore,700000,Cattle - Wikipedia,hay w / 1.3 specific gravity,fiber/foliage,5,1,mean retention time,,,,,,,,,2020.2,,,"Whetsell MS, Prigge EC, Nestor EL. Influence of mass of ruminal contents on voluntary intake and digesta passage in steers fed a forage and a concentrate diet. J Anim Sci. 2004 Jun;82(6):1806-17. doi: 10.2527/2004.8261806x. PMID: 15217009.",,"passage, rate",N
Bos taurus,N,Mammalia,Artiodactyla,,Bovidae,Bos_taurus,steer,herbivore,700000,Cattle - Wikipedia,hay w / 1.4 specific gravity,fiber/foliage,5,1,mean retention time,,,,,,,,,2390.4,,,"Whetsell MS, Prigge EC, Nestor EL. Influence of mass of ruminal contents on voluntary intake and digesta passage in steers fed a forage and a concentrate diet. J Anim Sci. 2004 Jun;82(6):1806-17. doi: 10.2527/2004.8261806x. PMID: 15217009.",,"passage, rate",N
Bos taurus,N,Mammalia,Artiodactyla,,Bovidae,Bos_taurus,cow,folivore,755000,animaldiversity.org,guanacaste fruit + seeds as particle marker,fruit/nectar/pollen,1,961,TT,1440,,,9354,,,,,,,,Janzen (1982),transit time reported in days; each seed counted as a trial; 2 cows and 3 horseswere used but only 1 cow had sufficient info to calculate an average,Y,N
Bos taurus,N,Mammalia,Artiodactyla,,Bovidae,Bos_taurus,cow,folivore,755000,animaldiversity.org,grass + Co-EDTA fluid marker,fiber/foliage,4,1,MRT,,,,,,,,,1920,120,,Lechner et al. (2010),,N,N
Bos taurus,N,Mammalia,Artiodactyla,,Bovidae,Bos_taurus,cow,folivore,755000,animaldiversity.org,grass + 2mm Cr particle marker,fiber/foliage,4,1,MRT,,,,,,,,,3840,60,,Lechner et al. (2010),,N,N
Bos taurus,N,Mammalia,Artiodactyla,,Bovidae,Bos_taurus,cow,folivore,755000,animaldiversity.org,grass + 10mm Ce particle marker,fiber/foliage,4,1,MRT,,,,,,,,,4800,120,,Lechner et al. (2010),,N,N
Bos taurus,N,Mammalia,Artiodactyla,,Bovidae,Bos_taurus,cow,folivore,755000,animaldiversity.org,grass + 20mm La particle marker,fiber/foliage,4,1,MRT,,,,,,,,,4800,120,,Lechner et al. (2010),,N,N
Bos taurus,N,Mammalia,Artiodactyla,,Bovidae,Bos_taurus,cow,folivore,380000,,Coastal bermudagrass + Cr particle marker,fiber/foliage,4,1,MRT,,,,,,,,,4806,,468,Luginbuhl et al. (1994),99% intake level,Y,N
Bos taurus,N,Mammalia,Artiodactyla,,Bovidae,Bos_taurus,cow,folivore,380000,,Coastal bermudagrass + CoEDTA liquid marker,fiber/foliage,4,1,MRT,,,,,,,,,1794,,180,Luginbuhl et al. (1994),99% intake level,Y,N
Bos taurus,N,Mammalia,Artiodactyla,,Bovidae,Bos_taurus,cow,folivore,303000,,natural forage + CoEDTA liquid marker,fiber/foliage,9,4,"TT, MRT",,,,777,,,,,1854,,,McCollum and Galyean (1985),averaged over trials,Y,N
Bos taurus,N,Mammalia,Artiodactyla,,Bovidae,Bos_taurus,cow,folivore,452500,,hay/barley straw + Cr particle marker,fiber/foliage,4,1,MRT,,,,,,,,,3576,,,Pearson et al. (2006),averaged starting weight,N,N
Bos taurus,N,Mammalia,Artiodactyla,,Bovidae,Bos_taurus,cow,folivore,452500,,hay/barley straw + CoEDTA liquid marker,fiber/foliage,4,1,MRT,,,,,,,,,2490,,,Pearson et al. (2006),averaged starting weight,N,N
Bos taurus,N,Mammalia,Artiodactyla,,Bovidae,Bos_taurus,cow,folivore,523750,,molassine meal + Cr particle marker,fiber/foliage,4,1,"TT, MRT",,,,330,,,,,3126,,,Mathers et al. (1989),20C; starting weight averaged; MRT(i) and (iv) used,Y,N
Bos taurus,N,Mammalia,Artiodactyla,,Bovidae,Bos_taurus,cow,folivore,523751,,barley + Cr particle marker,fiber/foliage,4,1,"TT, MRT",,,,462,,,,,3714,,,Mathers et al. (1989),20C; starting weight averaged; MRT(i) and (iv) used,Y,N
Bos taurus,N,Mammalia,Artiodactyla,,Bovidae,Bos_taurus,cow,folivore,523752,,molassine meal + Cr particle marker,fiber/foliage,4,1,"TT, MRT",,,,384,,,,,4044,,,Mathers et al. (1989),33C; starting weight averaged; MRT(i) and (iv) used,Y,N
Bos taurus,N,Mammalia,Artiodactyla,,Bovidae,Bos_taurus,cow,folivore,523753,,barley + Cr particle marker,fiber/foliage,4,1,"TT, MRT",,,,588,,,,,3342,,,Mathers et al. (1989),33C; starting weight averaged; MRT(i) and (iv) used,Y,N
Bos taurus,N,Mammalia,Artiodactyla,,Bovidae,Bos_taurus,cow,folivore,523754,,molassine meal + Co liquid marker,fiber/foliage,4,1,MRT,,,,,,,,,2184,,,Mathers et al. (1989),20C; starting weight averaged; MRT(i) and (iv) used,Y,N
Bos taurus,N,Mammalia,Artiodactyla,,Bovidae,Bos_taurus,cow,folivore,523755,,barley + Co liquid marker,fiber/foliage,4,1,MRT,,,,,,,,,2070,,,Mathers et al. (1989),20C; starting weight averaged; MRT(i) and (iv) used,Y,N
Bos taurus,N,Mammalia,Artiodactyla,,Bovidae,Bos_taurus,cow,folivore,523756,,molassine meal + Co liquid marker,fiber/foliage,4,1,MRT,,,,,,,,,2448,,,Mathers et al. (1989),33C; starting weight averaged; MRT(i) and (iv) used,Y,N
Bos taurus,N,Mammalia,Artiodactyla,,Bovidae,Bos_taurus,cow,folivore,523757,,barley + Co liquid marker,fiber/foliage,4,1,MRT,,,,,,,,,2028,,,Mathers et al. (1989),33C; starting weight averaged; MRT(i) and (iv) used,Y,N
Bos taurus,N,Mammalia,Cetartiodactyla,,Bovidae,Bos_taurus,cow,folivore,509200,,"alfalfa hay, maize + CoEDTA liquid marker",fiber/foliage,4,1,mean retention time,,,,,,,,,1895.4,,,Bartocci et al. (1997),,N,N
Bos taurus,N,Mammalia,Cetartiodactyla,,Bovidae,Bos_taurus,cow,folivore,297000,,switchgrass hay + Cr-mordanted fiber particle marker,fiber/foliage,5,1,mean retention time,4968,,,,,,,,4968,,,Burns et al. (1997),took MRT from harvest day 28,Y,N
Bos taurus,N,Mammalia,Cetartiodactyla,,Bovidae,Bos_taurus,cow,folivore,297000,,switchgrass hay + Co-EDTA liquid marker,fiber/foliage,5,1,mean retention time,1764,,,,,,,,1764,,,Burns et al. (1997),took MRT from harvest day 28,Y,N
Bos taurus,N,Mammalia,Artiodactyla,,Bovidae,Bos_taurus,cow,folivore,661000,,"corn, alfalfa, soybean meal (high forage diet) + Cr particle marker",fiber/foliage,16,1,transit time; MRT,,,,685.5,,,,,2685,,,Colucci et al. (1982),averaged within low forage and high forage diets,N,N
Bos taurus,N,Mammalia,Artiodactyla,,Bovidae,Bos_taurus,cow,folivore,592150,,"corn, alfalfa, soybean meal (low forage diet) + Cr particle marker",fiber/foliage,13,1,transit time; MRT,,,,712.5,,,,,3309,,,Colucci et al. (1982),averaged within low forage and high forage diets,N,N
Bos taurus,N,Mammalia,Artiodactyla,,Bovidae,Bos_taurus,cow,folivore,755000,https://animaldiversity.org/accounts/Bos_taurus/,"animal pellets, maize silage + seeds",fiber/foliage,5,14,mean retention time,,,,,,,,,2820,,,Cosyns et al. (2005),Used plot.digitizer.com for MRT values from Figure 3,Y,N
Bos taurus,N,Mammalia,Artiodactyla,,Bovidae,Bos_taurus,cow,folivore,755000,https://animaldiversity.org/accounts/Bos_taurus/,"grass hay, maize silage, grass pellets + liquid marker",fiber/foliage,15,1,mean retention time,,,,,,,,,1236,,,Grandl et al. (2018),took MRT values from only control group,Y,N
Bos taurus,N,Mammalia,Artiodactyla,,Bovidae,Bos_taurus,cow,folivore,755000,https://animaldiversity.org/accounts/Bos_taurus/,"grass hay, maize silage, grass pellets + Cr 2 mm particle marker",fiber/foliage,15,1,mean retention time,,,,,,,,,2154,,,Grandl et al. (2018),took MRT values from only control group,Y,N
Bos taurus,N,Mammalia,Artiodactyla,,Bovidae,Bos_taurus,cow,folivore,755000,https://animaldiversity.org/accounts/Bos_taurus/,"grass hay, maize silage, grass pellets + La 5 mm particle marker",fiber/foliage,15,1,mean retention time,,,,,,,,,2286,,,Grandl et al. (2018),took MRT values from only control group,Y,N
Bos taurus,N,Mammalia,Artiodactyla,,Bovidae,Bos_taurus,cow,folivore,755000,https://animaldiversity.org/accounts/Bos_taurus/,"grass hay, maize silage, grass pellets + Ce 8 mm particle marker",fiber/foliage,15,1,mean retention time,,,,,,,,,2436,,,Grandl et al. (2018),took MRT values from only control group,Y,N
Boselaphus tragocamelus,N,Mammalia,Artiodactyla,,Bovidae,Boselaphus_tragocamelus,nilgai,folivore,168000,,"grass hay, alfalfa + Co-EDTA liquid marker",fiber/foliage,5,1,transit time; MRT,,,,,,,,,1680,150,,Hummel et al. (2015),,N,N
Boselaphus tragocamelus,N,Mammalia,Artiodactyla,,Bovidae,Boselaphus_tragocamelus,nilgai,folivore,168000,,"grass hay, alfalfa + Cr particle marker",fiber/foliage,5,1,transit time; MRT,,,,,,,,,3240,534,,Hummel et al. (2015),,N,N
Brachyphylla nana,Y,Mammalia,Chiroptera,188,Phyllostomidae,Brachyphylla_nana,Antillean nectar bat,omnivore,34.3,mean reported in paper,pollen + water mixture,fruit/nectar/pollen,8,1,MGT: time from ingestion of pollen to appearance of pollen infeces,,,,40.8,,,8.520408163,,,,,Mancina et al 2005,minimum gut transit time extracted from figure,,Yes
Brachyteles arachnoides,N,Mammalia,Primates,,Atelidae,Brachyteles_arachnoides,southern muriqui,frugivore,12000,,mixed fruit/veggies/bread/etc + plastic particle marker,protein,1,1,TT,,,,480,,,,,,,,Milton (1984),,N,N
Bradypus tridactylus,N,Mammalia,Pilosa,,Bradypodidae,Bradypus_tridactylus,pale-throated three-toed sloth,folivore,2400,,Cecropia palmata leaves + EDTA solute markers,fiber/foliage,6,3,mean retention time,,,,,,,,,9084,,,Foley et al.(1995),,Y,N
Bradypus tridactylus,N,Mammalia,Pilosa,,Bradypodidae,Bradypus_tridactylus,pale-throated three-toed sloth,folivore,2400,,Cecropia palmata leaves + particle markers YbCl3 LaCl3 SmCL3,fiber/foliage,6,3,mean retention time,,,,,,,,,8808,,,Foley et al.(1995),,Y,N
Bubalus bubalis,N,Mammalia,Artiodactyla,,Bovidae,Bubalus_bubalis,swamp buffalo,folivore,656250,,molassine meal + Cr particle marker,fiber/foliage,4,1,"TT, MRT",,,,282,,,,,3630,,,Mathers et al. (1989),20C; starting weight averaged; MRT(i) and (iv) used,Y,N
Bubalus bubalis,N,Mammalia,Artiodactyla,,Bovidae,Bubalus_bubalis,swamp buffalo,folivore,656251,,barley + Cr particle marker,fiber/foliage,4,1,"TT, MRT",,,,456,,,,,3294,,,Mathers et al. (1989),20C; starting weight averaged; MRT(i) and (iv) used,Y,N
Bubalus bubalis,N,Mammalia,Artiodactyla,,Bovidae,Bubalus_bubalis,swamp buffalo,folivore,656252,,molassine meal + Cr particle marker,fiber/foliage,4,1,"TT, MRT",,,,300,,,,,3618,,,Mathers et al. (1989),33C; starting weight averaged; MRT(i) and (iv) used,Y,N
Bubalus bubalis,N,Mammalia,Artiodactyla,,Bovidae,Bubalus_bubalis,swamp buffalo,folivore,656253,,barley + Cr particle marker,fiber/foliage,4,1,"TT, MRT",,,,372,,,,,3372,,,Mathers et al. (1989),33C; starting weight averaged; MRT(i) and (iv) used,Y,N
Bubalus bubalis,N,Mammalia,Artiodactyla,,Bovidae,Bubalus_bubalis,swamp buffalo,folivore,656254,,molassine meal + Co liquid marker,fiber/foliage,4,1,MRT,,,,,,,,,2070,,,Mathers et al. (1989),20C; starting weight averaged; MRT(i) and (iv) used,Y,N
Bubalus bubalis,N,Mammalia,Artiodactyla,,Bovidae,Bubalus_bubalis,swamp buffalo,folivore,656255,,barley + Co liquid marker,fiber/foliage,4,1,MRT,,,,,,,,,1812,,,Mathers et al. (1989),20C; starting weight averaged; MRT(i) and (iv) used,Y,N
Bubalus bubalis,N,Mammalia,Artiodactyla,,Bovidae,Bubalus_bubalis,swamp buffalo,folivore,656256,,molassine meal + Co liquid marker,fiber/foliage,4,1,MRT,,,,,,,,,2082,,,Mathers et al. (1989),33C; starting weight averaged; MRT(i) and (iv) used,Y,N
Bubalus bubalis,N,Mammalia,Artiodactyla,,Bovidae,Bubalus_bubalis,swamp buffalo,folivore,656257,,barley + Co liquid marker,fiber/foliage,4,1,MRT,,,,,,,,,1896,,,Mathers et al. (1989),33C; starting weight averaged; MRT(i) and (iv) used,Y,N
Bubalus bubalis,N,Mammalia,Artiodactyla,,Bovidae,Bubalus_bubalis,water buffalo,folivore,417100,,"alfalfa hay, maize + CoEDTA liquid marker",fiber/foliage,4,1,mean retention time,,,,,,,,,1735.8,,,Bartocci et al. (1997),,N,N
Bubalus depressicornis,N,Mammalia,Artiodactyla,,Bovidae,Bubalus_depressicornis,lowland anoa,folivore,90000,,"legume hay, dairy cow pellets, browse, fruit, vegetables + Co-EDTA fluid marker",fiber/foliage,4,1,mean retention time,,,,,,,,,1500,246,,Flores-Miyamoto et al.(2005),,Y,N
Bubalus depressicornis,N,Mammalia,Artiodactyla,,Bovidae,Bubalus_depressicornis,lowland anoa,folivore,90000,,"legume hay, dairy cow pellets, browse, fruit, vegetables  + Cr particle marker",fiber/foliage,4,1,mean retention time,,,,,,,,,2340,402,,Flores-Miyamoto et al.(2005),,Y,N
Bubo virginianus,Y,Aves,Stringiformes,,Stringidae,Bubo_virginianus,great horned owl,carnivore,1500,Bubo virginianus (great horned owl) | INFORMATION | Animal Diversity Web,lab mice,meat,4,1,meal to pellet interval,,,,13.25,,,1.73,,,,,"Duke GE, Evanson OA, Jegers A (1976) Meal to pellet intervals in 14 species of captive raptors.¬†Comparative Biochemistry and Physiology A¬†53:1-14","some birds were fed at two different times, this did not seem to have any significant impact on the excretion time (so with the exception of the caracara which was only fed at 1100) all numbers reflected are from the 0900 feeding",,n
Bulbalus bubalis,N,Mammalia,Artiodactyla,,Bovinae,Bubalus_bubalis,Buffalo,herbivore,425000,Water buffalo - Wikipedia,D. indica fruit,fruit/nectar/pollen,4,1,mean retention time,,,,,,,,,2214,876,,"Sekar, Nitin & Lee, Chia-Lo & Sukumar, Raman. (2015). In the elephant's seed shadow: The prospects of domestic bovids as replacement dispersers of three tropical Asian trees. Ecology. 96. 2093-2105. 10.1890/14-1543.1.",GRT taken from the Ave. GRT by seed table column in table 4,,N
Bulbalus bubalis,N,Mammalia,Artiodactyla,,Bovinae,Bubalus_bubalis,Buffalo,herbivore,425000,Water buffalo - Wikipedia,A. chaplasha fruit,fruit/nectar/pollen,3,1,mean retention time,,,,,,,,,3102,1554,,"Sekar, Nitin & Lee, Chia-Lo & Sukumar, Raman. (2015). In the elephant's seed shadow: The prospects of domestic bovids as replacement dispersers of three tropical Asian trees. Ecology. 96. 2093-2105. 10.1890/14-1543.1.",GRT taken from the Ave. GRT by seed table column in table 5,,N
Bulbalus bubalis,N,Mammalia,Artiodactyla,,Bovinae,Bubalus_bubalis,Buffalo,herbivore,425000,Water buffalo - Wikipedia,C.arborea fruit,fruit/nectar/pollen,3,1,mean retention time,,,,,,,,,2730,900,,"Sekar, Nitin & Lee, Chia-Lo & Sukumar, Raman. (2015). In the elephant's seed shadow: The prospects of domestic bovids as replacement dispersers of three tropical Asian trees. Ecology. 96. 2093-2105. 10.1890/14-1543.1.",GRT taken from the Ave. GRT by seed table column in table 6,,N
Buteo buteo,Y,Aves,Accipitriformes,,Accipitridae,Buteo_buteo,common buzzard,carnivore,848,,"cockerel, pigeon, rabbit",meat,4,1,transit time,,,,,,,,,493.8,23.7,,"Barton NWH, Houston DC (1993) The influence of gut morphology on digestion time in raptors. Comparative Biochemistry and Physiology A 105:571‚Äì579",,time,n
Buteo jamaicensis,Y,Aves,Accipitriformes,637.9,Accipitridae,Buteo_jamaicensis,Red-tailed hawks,carnivore,1009.5,https://animaldiversity.org/accounts/Buteo_jamaicensis/,30% weight-by-volume suspension; mice,meat,9,,first excretia of marker,30,,,100,,180,52,,,,,Doss et al 2017b,,,Yes
Buteo jamaicensis,Y,Aves,Falconiformes,,Accipitridae,Buteo_jamaicensis,red tail hawk,carnivore,1100,Buteo jamaicensis (red-tailed hawk) | INFORMATION | Animal Diversity Web,lab mice,meat,6,1,meal to pellet interval,,,,22.54,,,0.84,,,,,"Duke GE, Evanson OA, Jegers A (1976) Meal to pellet intervals in 14 species of captive raptors.¬†Comparative Biochemistry and Physiology A¬†53:1-7","some birds were fed at two different times, this did not seem to have any significant impact on the excretion time (so with the exception of the caracara which was only fed at 1100) all numbers reflected are from the 0900 feeding",,n
Buteo lagopus,Y,Aves,Falconiformes,,Accipitridae,Buteo_lagopus,rough legged hawk,carnivore,1062.5,Buteo lagopus (rough-legged buzzard) | INFORMATION | Animal Diversity Web,lab mice,meat,3,1,meal to pellet interval,,,,21.71,,,0.73,,,,,"Duke GE, Evanson OA, Jegers A (1976) Meal to pellet intervals in 14 species of captive raptors.¬†Comparative Biochemistry and Physiology A¬†53:1-8","some birds were fed at two different times, this did not seem to have any significant impact on the excretion time (so with the exception of the caracara which was only fed at 1100) all numbers reflected are from the 0900 feeding",,n
Buteo platypterus,Y,Aves,Falconiformes,,Accipitridae,Buteo_platypterus,broad winged hawk,carnivore,412.5,Buteo platypterus (broad-winged hawk) | INFORMATION | Animal Diversity Web,lab mice,meat,2,1,meal to pellet interval,,,,21.7,,,0.53,,,,,"Duke GE, Evanson OA, Jegers A (1976) Meal to pellet intervals in 14 species of captive raptors.¬†Comparative Biochemistry and Physiology A¬†53:1-9","some birds were fed at two different times, this did not seem to have any significant impact on the excretion time (so with the exception of the caracara which was only fed at 1100) all numbers reflected are from the 0900 feeding",,n
Bycanistes bucinator,Y,Aves,Coraciiformes,,Bucerotidae,Bycanistes_bucinator,Trumpeter hornbill,frugivore/nectivore,743,,"tomatoes, grapes, lychee",fruit/nectar/pollen,2,20,gut passage time,,57,,77,155,,,,,,,"Lenz J, Fiedler W, Caprano T, Friedrichs W, Gaese BH, Wikelski M, B√∂hning-Gaese K (2011) Seed-dispersal distributions by trumpeter hornbills in fragmented landscapes.¬†Proceedings of the Royal Society B: Biological Sciences¬†278:2257-2264",,,n
Cacajao calvus,N,Mammalia,Primates,,Pitheciidae,Cacajao_calvus, bald uakari,omnivore,3000,,mixed fruit/veggies/bread/etc + plastic particle marker,protein,2,1,TT,,,,300,,,,,,,,Milton (1984),,N,N
Callithrix jacchus,N,Mammalia,Primates,174.3696,Cebidae,Callithrix_jacchus,common marmoset,omnivore,348,,bananas mixed with Co-EDTA,fruit/nectar/pollen,3,1,transit time,,,,216,,,126,,888,174,,Caton et al. 1996,transit time (tt) is time of first appearance of the marker in feces; MRT is the average time taken for each of the markets to be excreted,yes,No
Callithrix jacchus,N,Mammalia,Primates,174.3696,Cebidae,Callithrix_jacchus,common marmoset,omnivore,348,,bananas mixed with cell wall constituents,fruit/nectar/pollen,3,1,transit time,,,,216,,,126,,744,144,,Caton et al. 1996,transit time (tt) is time of first appearance of the marker in feces; MRT is the average time taken for each of the markets to be excreted,yes,No
Callithrix jacchus,N,Mammalia,Primates,,Callitrichidae,Callithrix_jacchus,common marmoset,insectivore,383,,agar diet w/Co marker,protein,13,2,retention time,,,,,,,,,1050,99,,"Power ML, Myers EW (2009) Digestion in the common marmoset (Callithrix jacchus), a gummivore-frugivore. American Journal of Primatology 71:957-963",,"gut, time",no
Callithrix jacchus,N,Mammalia,Primates,,Callitrichidae,Callithrix_jacchus,common marmoset,insectivore,383,,agar diet w/Cr marker,protein,13,2,retention time,,,,,,,,,1077,9,,"Power ML, Myers EW (2009) Digestion in the common marmoset (Callithrix jacchus), a gummivore-frugivore. American Journal of Primatology 71:957-964",,"gut, time",no
Callithrix jacchus,N,Mammalia,Primates,,Callitrichidae,Callithrix_jacchus,common marmoset,insectivore,246,Common marmoset - Wikipedia,"basic diet (canned marmoset diet, banana, gelatin)",fruit/nectar/pollen,8,2,transit time,,,,230,,,,,,,,"Power ML, Oftedal OT (1996) Differences among captive callitrichids in the digestive responses to dietary gum. American Journal of Primatology 40:131-146",,"transit, time",no
Callithrix jacchus,N,Mammalia,Primates,,Callitrichidae,Callithrix_jacchus,common marmoset,insectivore,246,Common marmoset - Wikipedia,basic diet w/gum arabic,fruit/nectar/pollen,8,2,transit time,,,,200,,,,,,,,"Power ML, Oftedal OT (1996) Differences among captive callitrichids in the digestive responses to dietary gum. American Journal of Primatology 40:131-147",,"transit, time",no
Camelus bactrianus,N,Mammalia,Artiodactyla,,Camelidae,Camelus_bactrianus,Bactrian camel,folivore,687000,,"grass, hay + Co-EDTA liquid marker",fiber/foliage,4,1,transit time; MRT,1416,,,,,,,,3006,,,Cahill and McBride (1995),,N,N
Camelus bactrianus,N,Mammalia,Artiodactyla,,Camelidae,Camelus_bactrianus,Bactrian camel,folivore,687000,,"grass, hay + Cr particle marker",fiber/foliage,4,1,transit time; MRT,2058,,,,,,,,5112,,,Cahill and McBride (1995),,N,N
Camelus bactrianus,N,Mammalia,Artiodactyla,,Camelidae,Camelus_bactrianus,Bactrian camel,folivore,658000,,lucerene hay + Co-EDTA liquid marker,fiber/foliage,5,1,mean retention time,,,,,,,,,2040,180,,Dittmann et al. (2015a),,N,N
Camelus bactrianus,N,Mammalia,Artiodactyla,,Camelidae,Camelus_bactrianus,Bactrian camel,folivore,658000,,lucerene hay + 2 mm Cr particle marker,fiber/foliage,5,1,mean retention time,,,,,,,,,2820,360,,Dittmann et al. (2015a),,N,N
Camelus bactrianus,N,Mammalia,Artiodactyla,,Camelidae,Camelus_bactrianus,Bactrian camel,folivore,658000,,lucerene hay + 10 mm Ce particle marker,fiber/foliage,5,1,mean retention time,,,,,,,,,3960,300,,Dittmann et al. (2015a),,N,N
Camelus bactrianus,N,Mammalia,Artiodactyla,,Camelidae,Camelus_bactrianus,Bactrian camel,folivore,658000,,lucerene hay + 20 mm La particle marker,fiber/foliage,5,1,mean retention time,,,,,,,,,4020,300,,Dittmann et al. (2015a),,N,N
Camelus dromedarius,N,Mammalia,Artiodactyla,,Camelidae,Camelus_dromedarius,dromedary camel,folivore,225000,,"lucerene, sorghum, humra tree + PEG liquid marker",fiber/foliage,4,7,mean retention time,,,,,,,,,2688,558,,Heller et al. (1986a),,N,N
Camelus dromedarius,N,Mammalia,Artiodactyla,,Camelidae,Camelus_dromedarius,dromedary camel,folivore,225000,,"lucerene, sorghum, humra tree + Ce, Cr particle marker (1-2mm)",fiber/foliage,4,4,mean retention time,,,,,,,,,4578,132,,Heller et al. (1986a),,N,N
Camelus dromedarius,N,Mammalia,Artiodactyla,,Camelidae,Camelus_dromedarius,dromedary camel,folivore,225000,,"lucerene, sorghum, humra tree + Ce, Cr particle marker 2-3 mm)",fiber/foliage,4,7,mean retention time,,,,,,,,,6060,864,,Heller et al. (1986a),,N,N
Canis familiaris,N,Mammalia,Carnivora,188,Canidae,Canis_lupus,domestic dog,carnivore,10000,reported mean,meat-heavy dog food with layered protein,protein,4,4,"TT: transit time, time from feeding to mean marker excretion",,,,1983,,,,,,,,Burrows et al 1962,took mean of fiber-heavy and pure protein diet,,Yes
Canis familiaris,N,Mammalia,Carnivora,188,Canidae,Canis_lupus,domestic dog,carnivore,15500,median of range reported in paper (13-18kg),"eggs, bacon, milk, butter, bread",protein,6,1,Gastrointestinal transit time: from ingestion to first appearance of marker in feces,,,,1809,,,222,,,,,Koziolek et al 2019,"took reported average of control ""fed"" and ""fasted"" diets",,Yes
Canis familiaris,N,Mammalia,Carnivora,188,Canidae,Canis_lupus,domestic dog,carnivore,19300,reported mean of control dogs in study,canned food mixtures,protein,8,4,Whole gut transit time: average time from ingestion to defecation,,,,1554,,,264,,,,,Rolfe et al 2002,used mean reported from controls for all 4 diets,,Yes
Canis familiaris,N,Mammalia,Carnivora,188,Canidae,Canis_lupus,domestic dog,carnivore,11600,reported median,pH pill/marker,protein,7,3,transit time: first excretia of marker,244,,1070,,,1430,439,,,,,Tolbert et al. 2022,reported median for pre-feeding group,,Yes
Canis familiaris,N,Mammalia,Carnivora,188,Canidae,Canis_lupus,domestic dog,carnivore,11600,reported median,pet food with pH pill/marker,protein,7,3,transit time: first excretia of marker,539,,1708,,,2743,513,,,,,Tolbert et al. 2022,reported median for post-feeding group,,Yes
Canis familiaris,N,Mammalia,Carnivora,188,Canidae,Canis_lupus,domestic dog,carnivore,11550,average of reported range (9-14.1),chopped up chick with marker capsules,meat,6,1,aTTT: total transit: time from ingestion to excretion,,,,1830,,,630,,1245,267,,Cuyper at al 2017,calculated mean of fine and coarse mash diet,,Yes
Canis familiaris,N,Mammalia,Carnivora,188,Canidae,Canis_lupus,domestic dog,carnivore,11339.83,https://www.akc.org/dog-breeds/beagle/,canned food high in fiber,fiber/foliage,5,5,Gastrointestinal transit time: from ingestion to first appearance of marker in feces,270,,,433.2,,660,,,,,,Lewis et al 1994,took mean of five diets in table 2,,Yes
Canis familiaris,N,Mammalia,Carnivora,,Canidae,Canis_lupus,dog,omnivore,12200,,dog food + plastic particle marker,protein,6,1,MRT,,,,,,,,,1140,348,,Lefebvre et al. (2001),,Y,N
Canis familiaris,N,Mammalia,Carnivora,,Canidae,Canis_lupus,domestic dog,carnivore,12900,,commercial dog kibble; maintenance diet + titanium dioxide marker,protein,6,1,transit time,,,,172.8,,,,,,,,Childs-Sanford and Angel (2006),,N,N
Canis familiaris,N,Mammalia,Carnivora,,Canidae,Canis_lupus,domestic dog,carnivore,12900,,commercial dog kibble; experimental diet with more plant based protein + titanium dioxide marker,protein,6,1,transit time,,,,234,,,,,,,,Childs-Sanford and Angel (2006),,N,N
Canis familiaris,N,Mammalia,Carnivora,,Canidae,Canis_lupus,domestic dog,carnivore,6300,,dog food + colored plastic bead markers,protein,1,1,transit time,,,,1440,,,,,,,,Hernot et al. (2005),,Y,N
Canis familiaris,N,Mammalia,Carnivora,,Canidae,Canis_lupus,domestic dog,carnivore,7600,,dog food + colored plastic bead markers,protein,2,1,transit time,,,,1500,,,354,,,,,Hernot et al. (2005),,Y,N
Canis familiaris,N,Mammalia,Carnivora,,Canidae,Canis_lupus,domestic dog,carnivore,3600,,dog food + colored plastic bead markers,protein,6,1,transit time,,,,1440,,,120,,,,,Hernot et al. (2005),,Y,N
Canis familiaris,N,Mammalia,Carnivora,,Canidae,Canis_lupus,domestic dog,carnivore,6500,,dog food + colored plastic bead markers,protein,3,1,transit time,,,,1860,,,126,,,,,Hernot et al. (2005),,Y,N
Canis familiaris,N,Mammalia,Carnivora,,Canidae,Canis_lupus,domestic dog,carnivore,13800,,dog food + colored plastic bead markers,protein,1,1,transit time,,,,1620,,,,,,,,Hernot et al. (2005),,Y,N
Canis familiaris,N,Mammalia,Carnivora,,Canidae,Canis_lupus,domestic dog,carnivore,11200,,dog food + colored plastic bead markers,protein,4,1,transit time,,,,1920,,,402,,,,,Hernot et al. (2005),,Y,N
Canis familiaris,N,Mammalia,Carnivora,,Canidae,Canis_lupus,domestic dog,carnivore,12800,,dog food + colored plastic bead markers,protein,6,1,transit time,,,,1980,,,396,,,,,Hernot et al. (2005),,Y,N
Canis familiaris,N,Mammalia,Carnivora,,Canidae,Canis_lupus,domestic dog,carnivore,28900,,dog food + colored plastic bead markers,protein,5,1,transit time,,,,2100,,,408,,,,,Hernot et al. (2005),,Y,N
Canis familiaris,N,Mammalia,Carnivora,,Canidae,Canis_lupus,domestic dog,carnivore,23700,,dog food + colored plastic bead markers,protein,5,1,transit time,,,,3300,,,186,,,,,Hernot et al. (2005),,Y,N
Canis familiaris,N,Mammalia,Carnivora,,Canidae,Canis_lupus,domestic dog,carnivore,26900,,dog food + colored plastic bead markers,protein,6,1,transit time,,,,2400,,,360,,,,,Hernot et al. (2005),,Y,N
Canis familiaris,N,Mammalia,Carnivora,,Canidae,Canis_lupus,domestic dog,carnivore,44200,,dog food + colored plastic bead markers,protein,6,1,transit time,,,,2700,,,282,,,,,Hernot et al. (2005),,Y,N
Canis familiaris,N,Mammalia,Carnivora,,Canidae,Canis_lupus,domestic dog,carnivore,58600,,dog food + colored plastic bead markers,protein,2,1,transit time,,,,2700,,,,,,,,Hernot et al. (2005),,Y,N
Canis familiaris,N,Mammalia,Carnivora,,Canidae,Canis_lupus,domestic dog,carnivore,53600,,dog food + colored plastic bead markers,protein,1,1,transit time,,,,2580,,,156,,,,,Hernot et al. (2005),,Y,N
Canis familiaris,N,Mammalia,Carnivora,,Canidae,Canis_lupus,domestic dog,carnivore,23400,,dog food + colored plastic bead markers,protein,7,1,transit time,,,,2220,,,624,,,,,Hernot et al. (2005),,Y,N
Capra hircus,N,Mammalia,Artiodactyla,188,Bovidae,Capra_hircus,domestic goat,folivore,15300,reported mean,corn-soy-vitamin mixture,fiber/foliage,18,1,mrt,,,,2949,,,,,2949,,,Leite et al. 2015,took average of mrt for all sexes for the digestible/solid markers for the groups without feeding restrictions,,Yes
Capra hircus,N,Mammalia,Artiodactyla,188,Bovidae,Capra_hircus,domestic goat,folivore,15700,reported mean,corn-soy-vitamin mixture,fiber/foliage,9,1,mrt,,,,3198,,,,,3198,,,Leite et al. 2015b,took average of mrt for sexes in the initial weight group for the digestible/solid markers group,,Yes
Capra hircus,N,Mammalia,Artiodactyla,,Bovidae,Capra_hircus,Domestic Goat,herbivore,4500,Capra hircus (domestic goat) | INFORMATION | Animal Diversity Web,grass hay w/particle marker,fiber/foliage,6,1,retention time,,,,,,,,,3000,312,,"Steuer P, S√ºdekum K-H, M√ºller DWH, Franz R, Kaandorp J, Clauss M, Hummel J (2011) Is there an influence of body mass on digesta mean retention time in herbivores? A comparative study on ungulates. Comparative Biochemistry and Physiology A 160:355-364",,"gut, time",no
Capra hircus,N,Mammalia,Artiodactyla,,Bovidae,Capra_hircus,Domestic Goat,herbivore,4500,Capra hircus (domestic goat) | INFORMATION | Animal Diversity Web,grass hay w/ fluid marker,fiber/foliage,6,1,retention time,,,,,,,,,1920,198,,"Steuer P, S√ºdekum K-H, M√ºller DWH, Franz R, Kaandorp J, Clauss M, Hummel J (2011) Is there an influence of body mass on digesta mean retention time in herbivores? A comparative study on ungulates. Comparative Biochemistry and Physiology A 160:355-365",,"gut, time",no
Capra hircus,N,Mammalia,Artiodactyla,,Bovidae,Capra_hircus,goat,herbivore,29000,,timothy hay w/ solid marker,fiber/foliage,3,1,mean retention time,,,,,,,,,41,,,"Ud√©n P, Rounsaville TR, Wiggans GR, Van Soest PJ. The measurement of liquid and solid digesta retention in ruminants, equines and rabbits given timothy (Phleum pratense) hay. British Journal of Nutrition. 1982;48(2):329-339. doi:10.1079/BJN19820121",,"passage, time",N
Capra hircus,N,Mammalia,Artiodactyla,,Bovidae,Capra_hircus,goat,herbivore,29000,,timothy hay w/ liquid marker,fiber/foliage,3,1,mean retention time,,,,,,,,,28,,,"Ud√©n P, Rounsaville TR, Wiggans GR, Van Soest PJ. The measurement of liquid and solid digesta retention in ruminants, equines and rabbits given timothy (Phleum pratense) hay. British Journal of Nutrition. 1982;48(2):329-339. doi:10.1079/BJN19820122",,"passage, time",N
Capra hircus,N,Mammalia,Artiodactyla,,Bovidae,Capra_hircus,goat,folivore,26200,,wheaten hay + CoEDTA liquid marker + Cr particle marker,fiber/foliage,4,1,MRT,,,,,,,,,3036,,,Kennedy et al. (1992),,N,N
Capra hircus,N,Mammalia,Artiodactyla,,Bovidae,Capra_hircus,goat,folivore,48000,,grass + LiCo-EDTA liquid marker,fiber/foliage,6,1,MRT,,,,,,,,,1836,312,,Lindberg (1988),,N,N
Capra hircus,N,Mammalia,Artiodactyla,,Bovidae,Capra_hircus,goat,folivore,48000,,grass + Cr particle marker,fiber/foliage,6,1,MRT,,,,,,,,,1728,354,,Lindberg (1988),,N,N
Capra hircus,N,Mammalia,Artiodactyla,,Bovidae,Capra_hircus,domestic goat,folivore,56000,,hay + Co liquid marker,fiber/foliage,6,1,mean retention time,,,,,,,,,2082,222,,Hummel et al. (2008),,N,N
Capra hircus,N,Mammalia,Artiodactyla,,Bovidae,Capra_hircus,domestic goat,folivore,56000,,hay + Cr particle marker,fiber/foliage,6,1,mean retention time,,,,,,,,,2994,222,,Hummel et al. (2008),,N,N
Capra hircus,N,Mammalia,Artiodactyla,,Bovidae,Capra_hircus,domestic goat,folivore,56000,,hay + Ce particle marker,fiber/foliage,6,1,mean retention time,,,,,,,,,3156,252,,Hummel et al. (2008),,N,N
Capra hircus,N,Mammalia,Artiodactyla,,Bovidae,Capra_hircus,domestic goat,folivore,56000,,hay + La particle marker,fiber/foliage,6,1,mean retention time,,,,,,,,,3144,312,,Hummel et al. (2008),,N,N
Capra nubiana,N,Mammalia,Artiodactyla,,Bovidae,Capra_nubiana,Nunian ibex,folivore,23000,,"grass hay, alfalfa hay + Cr particle marker",fiber/foliage,4,1,transit time; MRT,,,,804,,,,36.6,2052,,281.4,Gross et al. (1996),averages for non-lactating female ibex group,Y,N
Capra nubiana,N,Mammalia,Artiodactyla,,Bovidae,Capra_nubiana,Nunian ibex,folivore,23000,,"grass hay, alfalfa hay + Co-EDTA marker",fiber/foliage,4,1,transit time; MRT,,,,546,,,,84,1206,,108,Gross et al. (1996),averages for non-lactating female ibex group,Y,N
Capra nubiana,N,Mammalia,Artiodactyla,,Bovidae,Capra_nubiana,Nunian ibex,folivore,60200,,"grass hay, alfalfa hay + Cr particle marker",fiber/foliage,4,1,transit time; MRT,,,,666,,,,33,3390,,456,Gross et al. (1996),averages for the male ibex group,Y,N
Capra nubiana,N,Mammalia,Artiodactyla,,Bovidae,Capra_nubiana,Nunian ibex,folivore,60200,,"grass hay, alfalfa hay + Co-EDTA marker",fiber/foliage,4,1,transit time; MRT,,,,540,,,,51.6,1686,,102.6,Gross et al. (1996),averages for the male ibex group,Y,N
Capreolus capreolus,N,Mammalia,Artiodactyla,,Cervidae,Capreolus_capreolus,roe deer,folivore,20000,,"lucerene, grass, oats, carrots, apples, hay, pine + CoEDTA liquid marker",fiber/foliage,2,1,mean retention time,,,,,,,,,18400,102,,Behrend et al. (2004),,Y,N
Capreolus capreolus,N,Mammalia,Artiodactyla,,Cervidae,Capreolus_capreolus,roe deer,folivore,20000,,"lucerene, grass, oats, carrots, apples, hay, pine + Cr mordanted fiber particle marker",fiber/foliage,2,1,mean retention time,,,,,,,,,22400,114,,Behrend et al. (2004),,Y,N
Capreolus capreolus,N,Mammalia,Artiodactyla,,Cervidae,Capreolus_capreolus,roe deer,folivore,24850,,"blueberry stems, oats + Ce particle marker",fiber/foliage,3,8,mean retention time,,,,,,,,,2011.5,,,Holand (1994),,N,N
Capreolus capreolus,N,Mammalia,Artiodactyla,,Cervidae,Capreolus_capreolus,roe deer,folivore,24850,,"blueberry stems, oats + Cr liquid marker",fiber/foliage,3,8,mean retention time,,,,,,,,,1671,,,Holand (1994),,N,N
Capreolus capreolus,N,Mammalia,Artiodactyla,,Cervidae,Capreolus_capreolus,roe deer,folivore,24600,,"forage, blueberry stems + Ce particle marker",fiber/foliage,3,8,mean retention time,,,,,,,,,1230,,,Holand (1994),,N,N
Capreolus capreolus,N,Mammalia,Artiodactyla,,Cervidae,Capreolus_capreolus,roe deer,folivore,24600,,"forage, blueberry stems + Cr particle marker",fiber/foliage,3,8,mean retention time,,,,,,,,,1201.5,,,Holand (1994),,N,N
Caracal caracal,N,Mammalia,Carnivora,,Felidae,Caracal_caracal,Caracal,carnivore,8650,,"beef, beet pulp + acetate bead marker",protein,2,1,transit time,,,,1440,,,,,,,,Edwards et al. (2001),,Y,N
Caracal caracal,N,Mammalia,Carnivora,,Felidae,Caracal_caracal,Caracal,carnivore,8650,,"beef, cellulose/fructooligosaccharide blend + acetate bead marker",protein,2,1,transit time,,,,1440,,,,,,,,Edwards et al. (2001),,Y,N
Caracal caracal,N,Mammalia,Carnivora,,Felidae,Caracal_caracal,Caracal,carnivore,8650,,"beef, wood cellulose + acetate bead marker",protein,2,1,transit time,,,,1440,,,,,,,,Edwards et al. (2001),,Y,N
Caracara plancus,Y,Aves,Falconiformes,637.9,Falconidae,Caracara_plancus,Southern crested caracara,carnivore,1348,"CRC Handbook of Avian Body Masses, 2nd Edition¬†by John B. Dunning Jr. (Editor). CRC Press (2008),¬†ISBN¬†978-1-4200-6444-5.",100% weight-by-volume suspension; fed three chicks daily?,meat,6,,first excretia of marker,520,,,670,,730,80.5,,,,,Santos et al. 2011,reported in tabela 2; self calculated SD,,Yes
Caracara plancus,Y,Aves,Falconiformes,,Falconidae,Caracara_plancus,caracara,carnivore,1250,Crested caracara - Wikipedia,lab mice,meat,1,1,meal to pellet interval,,,,19.58,,,0.32,,,,,"Duke GE, Evanson OA, Jegers A (1976) Meal to pellet intervals in 14 species of captive raptors.¬†Comparative Biochemistry and Physiology A¬†53:1-12","some birds were fed at two different times, this did not seem to have any significant impact on the excretion time (so with the exception of the caracara which was only fed at 1100) all numbers reflected are from the 0900 feeding",,n
Caretta caretta,N,Reptilia,Testudines,637.9,Cheloniidae,Caretta_caretta,Loggerhead sea turtle,omnivore,10187.5,average of reported weights,60% weight-by-volume suspension,unknown,8,1,first excretia of marker,11520,16200,22320,25560,28080,57600,14900.45,,,,,Di Bello et al 2006,calculated all values from table; Turtles in this study had GI disease which could exacerbate these durations,,Yes
Caretta caretta,N,Reptilia,Testudines,637.9,Cheloniidae,Caretta_caretta,Loggerhead sea turtle,omnivore,13300,average of reported range for 22 turtles: 4.4-22.2 kg,foam marker inside fish,protein,22,1,first marker in feces (T1),7200,,,13032,,23040,4392,,,,,Valente et al 2008,,,Yes
Caretta caretta,N,Reptilia,Testudines,637.9,Cheloniidae,Caretta_caretta,Loggerhead sea turtle,omnivore,14380,average of 8 total in summer experiment: 6 subadults and 2 juv,BIPS capsules in fish,meat,8,1,first marker in feces (T1),,,,19080,,33120,,,,,,Valente et al 2008,,,Yes
Carollia perspicillata,Y,Mammalia,Chiroptera,188,Phyllostomidae,Carollia_perspicillata,Seba's short-tailed bat,frugivore/nectarivore,17.3,mean as reported in paper,"dye introduced through intubation, then track by lethal sampling at periodic intervals",unknown,5,1,"5 bats killed at 5 diff time points; first site of dye in colon; reported value at death in which ""some dye was still visible"" in all guts",,,,120,,,,,,,,Klite 1965,bats killed at 120 still had some dye in colon,,Yes
Carollia perspicillata,Y,Mammalia,Chiroptera,188,Phyllostomidae,Carollia_perspicillata,Seba's short-tailed bat,frugivore/nectarivore,15,https://animaldiversity.org/accounts/Carollia_perspicillata/,"feeding trials with infructescence of four species of Piper (Piper colonense, Piper peltatum, Piper reticulatum, and Piper silvivagum)",fruit/nectar/pollen,18,193,"Gut Retention Time (time of onset of feeding to each defecation event, averaged across all events) ",8,,,23.3,,71,,12.03,,,,Baldwin and Whitehead 2015,,,Yes
Carollia perspicillata,Y,Mammalia,Chiroptera,188,Phyllostomidae,Carollia_perspicillata,Seba's short-tailed bat,frugivore/nectarivore,18,reported mean,mashed bananas with dye,fruit/nectar/pollen,6,12,Mean Passage Time: midpoint of feeding to midpoint of defecation event,,,,22.3,,,4.2,,,,,Laska 1994,,,Yes
Carollia perspicillata,Y,Mammalia,Chiroptera,,Phyllostomidae,Carollia_perspicillata,Seba's short-tailed bat ,frugivore,18,,banana + food dye,fruit/nectar/pollen,6,12,TT,,,,22.3,,,4.2,,,,,Laska (1990),,Y,N
Castor canadensis,N,Mammalia,Rodentia,,Castoridae,Castor_canadensis,North American beaver,folivore,14000,,aspen + plastic beads,fiber/foliage,8,2,mean retention time,,,,,,,,,864.6,,67.62,Fryxell et al. (1994),,N,N
Castor canadensis,N,Mammalia,Rodentia,,Castoridae,Castor_canadensis,North American beaver,folivore,14000,,alder + plastic beads,fiber/foliage,8,2,mean retention time,,,,,,,,,2360.4,,158.4,Fryxell et al. (1994),,N,N
Casuaris casuaris,N,Aves,Casuariiformes,,Cassuaridae,Casuarius_casuarius,Southern Cassuary,omnivore,50000,,Aceratium sericoleops fruit,fruit/nectar/pollen,8,1,transit time,65,,,390,,1730,422,,,,,"Westcott DA, Bentrupperb√§umer J, Bradford MG, McKeown A (2005) Incorporating patterns of disperser behaviour into models of seed dispersal and its effects on estimated dispersal curves.¬†Oecologia¬†146:57-67",Study performed on juveniles,"gut, passage, rate",no
Casuaris casuaris,N,Aves,Casuariiformes,,Cassuaridae,Casuarius_casuarius,Southern Cassuary,omnivore,50000,,Acmena divaricata fruits,fruit/nectar/pollen,8,1,transit time,460,,,1615,,2400,955,,,,,"Westcott DA, Bentrupperb√§umer J, Bradford MG, McKeown A (2005) Incorporating patterns of disperser behaviour into models of seed dispersal and its effects on estimated dispersal curves.¬†Oecologia¬†146:57-68",Study performed on juveniles,"gut, passage, rate",no
Casuaris casuaris,N,Aves,Casuariiformes,,Cassuaridae,Casuarius_casuarius,Southern Cassuary,omnivore,50000,,Cryptocarya pleurosperma fruit,fruit/nectar/pollen,8,1,transit time,84,,,370,,1620,369,,,,,"Westcott DA, Bentrupperb√§umer J, Bradford MG, McKeown A (2005) Incorporating patterns of disperser behaviour into models of seed dispersal and its effects on estimated dispersal curves.¬†Oecologia¬†146:57-69",Study performed on juveniles,"gut, passage, rate",no
Casuaris casuaris,N,Aves,Casuariiformes,,Cassuaridae,Casuarius_casuarius,Southern Cassuary,omnivore,50000,,Davdisonia pruriens fruit,fruit/nectar/pollen,8,1,transit time,65,,,424,,1425,379,,,,,"Westcott DA, Bentrupperb√§umer J, Bradford MG, McKeown A (2005) Incorporating patterns of disperser behaviour into models of seed dispersal and its effects on estimated dispersal curves.¬†Oecologia¬†146:57-70",Study performed on juveniles,"gut, passage, rate",no
Casuaris casuaris,N,Aves,Casuariiformes,,Cassuaridae,Casuarius_casuarius,Southern Cassuary,omnivore,50000,,Eleaeocarpus largiflorens fruit,fruit/nectar/pollen,8,1,transit time,54,,,403,,1405,331,,,,,"Westcott DA, Bentrupperb√§umer J, Bradford MG, McKeown A (2005) Incorporating patterns of disperser behaviour into models of seed dispersal and its effects on estimated dispersal curves.¬†Oecologia¬†146:57-71",Study performed on juveniles,"gut, passage, rate",no
Casuaris casuaris,N,Aves,Casuariiformes,,Cassuaridae,Casuarius_casuarius,Southern Cassuary,omnivore,50000,,Endiadandra longipedicallata fruit,fruit/nectar/pollen,8,1,transit time,75,,,197,,575,100,,,,,"Westcott DA, Bentrupperb√§umer J, Bradford MG, McKeown A (2005) Incorporating patterns of disperser behaviour into models of seed dispersal and its effects on estimated dispersal curves.¬†Oecologia¬†146:57-72",Study performed on juveniles,"gut, passage, rate",no
Casuaris casuaris,N,Aves,Casuariiformes,,Cassuaridae,Casuarius_casuarius,Southern Cassuary,omnivore,50000,,Endiadandra impressicosta fruit,fruit/nectar/pollen,8,1,transit time,100,,,233,,627,104,,,,,"Westcott DA, Bentrupperb√§umer J, Bradford MG, McKeown A (2005) Incorporating patterns of disperser behaviour into models of seed dispersal and its effects on estimated dispersal curves.¬†Oecologia¬†146:57-73",Study performed on juveniles,"gut, passage, rate",no
Casuaris casuaris,N,Aves,Casuariiformes,,Cassuaridae,Casuarius_casuarius,Southern Cassuary,omnivore,50000,,Ficus crassipes fruit,fruit/nectar/pollen,8,1,transit time,105,,,379,,1680,287,,,,,"Westcott DA, Bentrupperb√§umer J, Bradford MG, McKeown A (2005) Incorporating patterns of disperser behaviour into models of seed dispersal and its effects on estimated dispersal curves.¬†Oecologia¬†146:57-74",Study performed on juveniles,"gut, passage, rate",
Casuaris casuaris,N,Aves,Casuariiformes,,Cassuaridae,Casuarius_casuarius,Southern Cassuary,omnivore,50000,,Normanbya normanbyi fruit,fruit/nectar/pollen,8,1,transit time,63,,,279,,820,170,,,,,"Westcott DA, Bentrupperb√§umer J, Bradford MG, McKeown A (2005) Incorporating patterns of disperser behaviour into models of seed dispersal and its effects on estimated dispersal curves.¬†Oecologia¬†146:57-75",Study performed on juveniles,"gut, passage, rate",no
Casuaris casuaris,N,Aves,Casuariiformes,,Cassuaridae,Casuarius_casuarius,Southern Cassuary,omnivore,50000,,Peripentadeni mearsii,fruit/nectar/pollen,8,1,transit time,104,,,245,,701,120,,,,,"Westcott DA, Bentrupperb√§umer J, Bradford MG, McKeown A (2005) Incorporating patterns of disperser behaviour into models of seed dispersal and its effects on estimated dispersal curves.¬†Oecologia¬†146:57-76",Study performed on juveniles,"gut, passage, rate",no
Casuaris casuaris,N,Aves,Casuariiformes,,Cassuaridae,Casuarius_casuarius,Southern Cassuary,omnivore,58000,,pond apples,fruit/nectar/pollen,2,1,transit time,,250,180,,250,,,,,,,"Westcott DA, Setter M, Bradford MG, McKeown A, Setter S (2008) Cassowary dispersal of the invasive pond apple in a tropical rainforest: the contribution of subordinate dispersal modes in invasion.¬†Diversity and Distributions¬†14:432-439",,"gut, passage, time",no
Cavia porcellus,N,Mammalia,Rodentia,0,Caviidae,Cavia_porcellus,guinea pig,folivore,377,,"alfalfa, wheat bran, maize, sucrose + Co-EDTA",fiber/foliage,5,,transit time,,,,252,,,,,954,,,Sakaguchi et al 1987,,no,No
Cavia porcellus,N,Mammalia,Rodentia,0,Caviidae,Cavia_porcellus,guinea pig,folivore,377,,"alfalfa, wheat bran, maize, sucrose + cell wall constituents",fiber/foliage,5,,transit time,,,,180,,,,,978,,,Sakaguchi et al 1987,,no,No
Cavia porcellus,N,Mammalia,Rodentia,0,Caviidae,Cavia_porcellus,guinea pig,folivore,410,,"alfalfa, wheat bran, maize, sucrose + Co-EDTA",fiber/foliage,5,,transit time,,,,264,54,,,,1134,198,,Sakaguchi et al 1992b,,no,No
Cavia porcellus,N,Mammalia,Rodentia,0,Caviidae,Cavia_porcellus,guinea pig,folivore,410,,"alfalfa, wheat bran, maize, sucrose + cell wall constituents",fiber/foliage,5,,transit time,,,,288,30,,,,1254,318,,Sakaguchi et al 1992b,,no,No
Cavia porcellus,N,Mammalia,Rodentia,0,Caviidae,Cavia_porcellus,guinea pig,folivore,642,reported mean,.5% weight-by-volume suspension; pelleted diet,fiber/foliage,20,1,whole intestinal transit time: feeding to first appearance of marker in feces (transit time),147,,,288,,480,127.2,,,,,Elfers et al. 2021,reported mean for males and female since there was no difference between sexes,,Yes
Cavia porcellus,N,Mammalia,Rodentia,0,Caviidae,Cavia_porcellus,guinea pig,folivore,1000,reported mean,50% alfalfa with additional supplements,fiber/foliage,3,1,transit time: first excretia of marker,,,,300,,,120,,1841.4,723,,Sakaguchi and Nabata 1992,reported in table 3,,Yes
Cavia porcellus,N,Mammalia,Rodentia,0,Caviidae,Cavia_porcellus,guinea pig,folivore,1000,reported mean,liquid EDTA,fiber/foliage,3,1,transit time: first excretia of marker,,,,259.8,,,69,,1354.8,114.6,,Sakaguchi and Nabata 1992,reported in table 3,,Yes
Cavia porcellus,N,Mammalia,Rodentia,0,Caviidae,Cavia_porcellus,guinea pig,folivore,498,,"alfalfa, wheat bran, maize, sucrose + Co-EDTA",fiber/foliage,5,,transit time,,,,300,,,,,1224,,,Sakaguchi et al 1992c,,no,No
Cavia porcellus,N,Mammalia,Rodentia,0,Caviidae,Cavia_porcellus,guinea pig,folivore,498,,"alfalfa, wheat bran, maize, sucrose + cell wall constituents",fiber/foliage,5,,transit time,,,,300,,,,,1026,,,Sakaguchi et al 1992c,,no,No
Cavia porcellus,N,Mammalia,Rodentia,,Caviidae,Cavia_porcellus,guinea pig,herbivore,3000,Guinea pig - Wikipedia,lucerne diet w/particle marker,fiber/foliage,5,1,transit time/retention time,,,,300,,,,,1026,,,"Sakaguchi E, Ohmura S (1992) Fibre digestion and digesta retention time in guinea-pigs, degus and leaf-eared mice. Comparative Biochemistry and Physiology A 103:787-791",,"transit, time",no
Cavia porcellus,N,Mammalia,Rodentia,,Caviidae,Cavia_porcellus,guinea pig,herbivore,3000,Guinea pig - Wikipedia,lucerne diet w/fluid marker,fiber/foliage,5,1,transit time/retention time,,,,300,,,,,1224,,,"Sakaguchi E, Ohmura S (1992) Fibre digestion and digesta retention time in guinea-pigs, degus and leaf-eared mice. Comparative Biochemistry and Physiology A 103:787-792",,"transit, time",no
Cavia porcellus,N,Mammalia,Rodentia,,Caviidae,Cavia_porcellus,guinea pig,folivore,790,,grass hay + Cr particle marker,fiber/foliage,6,1,mean retention time,,,,,,,,,1080,360,,Franz et al. (2011),,N,N
Cavia porcellus,N,Mammalia,Rodentia,,Caviidae,Cavia_porcellus,guinea pig,folivore,790,,grass hay + Co-EDTA fluid marker,fiber/foliage,6,1,mean retention time,,,,,,,,,1080,240,,Franz et al. (2011),,N,N
Cebuella pygmaea,N,Mammalia,Primates,,Callitrichidae,Cebuella_pygmaea,pygmy marmoset,insectivore,100,Pygmy marmoset - Wikipedia,"basic diet (canned marmoset diet, banana, gelatin)",fruit/nectar/pollen,3,2,transit time,,,,380,,,,,,,,"Power ML, Oftedal OT (1996) Differences among captive callitrichids in the digestive responses to dietary gum. American Journal of Primatology 40:131-144",,"transit, time",no
Cebuella pygmaea,N,Mammalia,Primates,,Callitrichidae,Cebuella_pygmaea,pygmy marmoset,insectivore,100,Pygmy marmoset - Wikipedia,basic diet w/gum arabic,fruit/nectar/pollen,3,2,transit time,,,,440,,,,,,,,"Power ML, Oftedal OT (1996) Differences among captive callitrichids in the digestive responses to dietary gum. American Journal of Primatology 40:131-145",,"transit, time",no
Cebus apella,N,Mammalia,Primates,,Cebidae,Sapajus_apella,tufted capuchin,omnivore,3500,,mixed fruit/veggies/bread/etc + plastic particle marker,protein,1,2,TT,,,,210,,,,,,,,Milton (1984),,N,N
Cebus capucinus,N,Mammalia,Primates,,Cebidae,Cebus_capucinus,Colombian white-faced capuchin,omnivore,3000,,mixed fruit/veggies/bread/etc + plastic particle marker,protein,3,2,TT,,,,210,,,,,,,,Milton (1984),,N,N
Cerathotherium simum,N,Mammalia,Perissodactyla,,Rhinocerotidae,Ceratotherium_simum,White Rhino,herbivore,2150000,White rhinoceros - Wikipedia,grass hay w/ fluids,fiber/foliage,5,1,retention time,,,,,,,,,1680,240,,"Steuer P, Clauss M, S√ºdekum K-H, Hatt J-M, Silinski S, Klomburg S, Zimmermann W, Fickel J, Streich WJ, Hummel J (2010) Comparative investigations on digestion in grazing (Ceratotherium simum) and browsing (Diceros bicornis) rhinoceroses. Comparative Biochemistry and Physiology A 156:380-388",,time,no
Cerathotherium simum,N,Mammalia,Perissodactyla,,Rhinocerotidae,Ceratotherium_simum,White Rhino,herbivore,2150000,White rhinoceros - Wikipedia,grass hay w/particles,fiber/foliage,5,1,retention time,,,,,,,,,2580,300,,"Steuer P, Clauss M, S√ºdekum K-H, Hatt J-M, Silinski S, Klomburg S, Zimmermann W, Fickel J, Streich WJ, Hummel J (2010) Comparative investigations on digestion in grazing (Ceratotherium simum) and browsing (Diceros bicornis) rhinoceroses. Comparative Biochemistry and Physiology A 156:380-389",,time,no
Cerathotherium simum,N,Mammalia,Perissodactyla,,Rhinocerotidae,Ceratotherium_simum,White Rhino,herbivore,2300000,White rhinoceros - Wikipedia,grass hay w/particle marker,fiber/foliage,2,1,retention time,,,,,,,,,47,43,,"Steuer P, S√ºdekum K-H, M√ºller DWH, Franz R, Kaandorp J, Clauss M, Hummel J (2011) Is there an influence of body mass on digesta mean retention time in herbivores? A comparative study on ungulates. Comparative Biochemistry and Physiology A 160:355-388",,"gut, time",no
Cerathotherium simum,N,Mammalia,Perissodactyla,,Rhinocerotidae,Ceratotherium_simum,White Rhino,herbivore,2300000,White rhinoceros - Wikipedia,grass hay w/ fluid marker,fiber/foliage,2,1,retention time,,,,,,,,,32,30,,"Steuer P, S√ºdekum K-H, M√ºller DWH, Franz R, Kaandorp J, Clauss M, Hummel J (2011) Is there an influence of body mass on digesta mean retention time in herbivores? A comparative study on ungulates. Comparative Biochemistry and Physiology A 160:355-389",,"gut, time",no
Ceratogymna atrata,Y,Aves,Bucerotiformes,,Bucerotidae,Ceratogymna_atrata,Black-casqued hornbill,frugivore/nectivore,1431,,Maesosopsis eminii fruit,fruit/nectar/pollen,,1,seed passage rate,,,,289,,,24,,,,,"Holbrook KM, Smith TB (2000) Seed dispersal and movement patterns in two species of Ceratogymna hornbills in a West African tropical lowland forest.¬†Oecologia 125:249-257",,"gut, time",n
Ceratogymna atrata,Y,Aves,Bucerotiformes,,Bucerotidae,Ceratogymna_atrata,Black-casqued hornbill,frugivore/nectivore,1431,,Staudtia stipitata fruit,fruit/nectar/pollen,,1,seed passage rate,,,,345,,,39,,,,,"Holbrook KM, Smith TB (2000) Seed dispersal and movement patterns in two species of Ceratogymna hornbills in a West African tropical lowland forest.¬†Oecologia 125:249-258",,"gut, time",n
Ceratogymna atrata,Y,Aves,Bucerotiformes,,Bucerotidae,Ceratogymna_atrata,Black-casqued hornbill,frugivore/nectivore,1431,,Cleistopholis patens fruit,fruit/nectar/pollen,,1,seed passage rate,,,,212,,,28,,,,,"Holbrook KM, Smith TB (2000) Seed dispersal and movement patterns in two species of Ceratogymna hornbills in a West African tropical lowland forest.¬†Oecologia 125:249-259",,"gut, time",n
Ceratogymna atrata,Y,Aves,Bucerotiformes,,Bucerotidae,Ceratogymna_atrata,Black-casqued hornbill,frugivore/nectivore,1431,,Xylopia hypolampra fruit,fruit/nectar/pollen,,1,seed passage rate,,,,210,,,25,,,,,"Holbrook KM, Smith TB (2000) Seed dispersal and movement patterns in two species of Ceratogymna hornbills in a West African tropical lowland forest.¬†Oecologia 125:249-260",,"gut, time",n
Ceratogymna atrata,Y,Aves,Bucerotiformes,,Bucerotidae,Ceratogymna_atrata,Black-casqued hornbill,frugivore/nectivore,1431,,Rauwolfia macrophylla fruit,fruit/nectar/pollen,,1,seed passage rate,,,,186,,,16,,,,,"Holbrook KM, Smith TB (2000) Seed dispersal and movement patterns in two species of Ceratogymna hornbills in a West African tropical lowland forest.¬†Oecologia 125:249-261",,"gut, time",n
Ceratogymna cylindricus,Y,Aves,Bucerotiformes,,Bucerotidae,Bycanistes,Brown-cheeked hornbill,frugivore/nectivore,1038,,Maesosopsis eminii fruit,fruit/nectar/pollen,,1,seed passage rate,,,,267,,,43,,,,,"Holbrook KM, Smith TB (2000) Seed dispersal and movement patterns in two species of Ceratogymna hornbills in a West African tropical lowland forest.¬†Oecologia 125:249-262",,"gut, time",n
Ceratogymna cylindricus,Y,Aves,Bucerotiformes,,Bucerotidae,Bycanistes,Brown-cheeked hornbill,frugivore/nectivore,1038,,Staudtia stipitata fruit,fruit/nectar/pollen,,1,seed passage rate,,,,162,,,8,,,,,"Holbrook KM, Smith TB (2000) Seed dispersal and movement patterns in two species of Ceratogymna hornbills in a West African tropical lowland forest.¬†Oecologia 125:249-263",,"gut, time",n
Ceratogymna cylindricus,Y,Aves,Bucerotiformes,,Bucerotidae,Bycanistes,Brown-cheeked hornbill,frugivore/nectivore,1038,,Enantia chlorantha fruit,fruit/nectar/pollen,,1,seed passage rate,,,,288,,,66,,,,,"Holbrook KM, Smith TB (2000) Seed dispersal and movement patterns in two species of Ceratogymna hornbills in a West African tropical lowland forest.¬†Oecologia 125:249-264",,"gut, time",n
Ceratogymna cylindricus,Y,Aves,Bucerotiformes,,Bucerotidae,Bycanistes,Brown-cheeked hornbill,frugivore/nectivore,1038,,Strombosia scheffleri fruit,,,1,seed passage rate,,,,251,,,30,,,,,"Holbrook KM, Smith TB (2000) Seed dispersal and movement patterns in two species of Ceratogymna hornbills in a West African tropical lowland forest.¬†Oecologia 125:249-265",,"gut, time",n
Ceratogymna cylindricus,Y,Aves,Bucerotiformes,,Bucerotidae,Bycanistes,Brown-cheeked hornbill,frugivore/nectivore,1038,,Xylopia hypolampra fruit,fruit/nectar/pollen,,1,seed passage rate,,,,154,,,12,,,,,"Holbrook KM, Smith TB (2000) Seed dispersal and movement patterns in two species of Ceratogymna hornbills in a West African tropical lowland forest.¬†Oecologia 125:249-266",,"gut, time",n
Ceratogymna cylindricus,Y,Aves,Bucerotiformes,,Bucerotidae,Bycanistes,Brown-cheeked hornbill,frugivore/nectivore,1038,,Lannea sp. Fruit,fruit/nectar/pollen,,1,seed passage rate,,,,198,,,17,,,,,"Holbrook KM, Smith TB (2000) Seed dispersal and movement patterns in two species of Ceratogymna hornbills in a West African tropical lowland forest.¬†Oecologia 125:249-267",,"gut, time",n
Ceratogymna cylindricus,Y,Aves,Bucerotiformes,,Bucerotidae,Bycanistes,Brown-cheeked hornbill,frugivore/nectivore,1038,,Ficus sp. fruit,fruit/nectar/pollen,,1,seed passage rate,,,,209,,,24,,,,,"Holbrook KM, Smith TB (2000) Seed dispersal and movement patterns in two species of Ceratogymna hornbills in a West African tropical lowland forest.¬†Oecologia 125:249-268",,"gut, time",n
Cercopithecus aethiops,N,Mammalia,Primates,,Cercopithecidae,Chlorocebus_aethiops,Vervet Monkey,herbivore,5950,Vervet monkey - Wikipedia,seeds,fiber/foliage,1,1,passage time,,,,1200,,,,,,,,"Righini, N., Serio-Silva, J.C., Rico-Gray, V. and Mart√≠nez-Mota, R. (2004), Effect of different primate species on germination of Ficus (Urostigma) seeds. Zoo Biol., 23: 273-278. https://doi.org/10.1002/zoo.20010",,rate,N
Cercopithecus albogularis schwarzi,N,Mammalia,Primates,174.3696,Cercopithecidae,Cercopithecinae,samango monkey,frugivore/nectarivore,5350,took medians of male/female range: https://www.sanbi.org/animal-of-the-week/samango-monkey/  http://www.krugerpark.co.za/africa_samango_monkey.html,"banana, markers",fruit/nectar/pollen,2,4,gut passage window from consumtion to defecation,997.8,,,1252.5,,1507.2,,,,,,Stringer et al 2019,took median of reported range in abstract,,Yes
Cercopithecus ascanius,N,Mammalia,Primates,174.3696,Cercopithecidae,Cercopithecus_ascanius,Red-tailed monkey,frugivore/nectarivore,5200,took median of reported male/female mass,"banana, markers",fruit/nectar/pollen,2,4,Transit time: first marker in feces,,,,1182,,,204,,1632,516,,Lambert 2002,Took species average of transit time as reported,,Yes
Cercopithecus ascanius,N,Mammalia,Primates,174.3696,Cercopithecidae,Cercopithecus_ascanius,Red-tailed monkey,frugivore/nectarivore,3585,https://animaldiversity.org/accounts/Cercopithecus_cephus/,banana,fruit/nectar/pollen,1,2,Transit time: first marker in feces,,,,1236,,,30,,1602,,222,Maisels et al. 1993,reported mean,,Yes
Cercopithecus erythrotis,N,Mammalia,Primates,174.3696,Cercopithecidae,Cercopithecus_erythrotis,Red-eared guenon,frugivore/nectarivore,3585,https://animaldiversity.org/accounts/Cercopithecus_cephus/,banana,fruit/nectar/pollen,1,2,Transit time: first marker in feces,,,,1236,,,30,,1602,,222,Maisels et al. 1993,reported mean,,Yes
Cercopithecus lhoesti,N,Mammalia,Primates,174.3696,Cercopithecidae,Allochrocebus_lhoesti,L‚ÄôHoest‚Äôs monkey,folivore,3550,as reported in table from published lit,leaves and fruits and marker,fiber/foliage,2,3,Transit time: first marker in feces,,,,1416,,,58.17215829,,1562,129.67035,,Blaine and Lambert 2012,manually calculated mean and SD of all trials in raw data (trials_N = trials per animal) + manually calculated MRT and SD,,Yes
Cercopithecus mitis,N,Mammalia,Primates,174.3696,Cercopithecidae,Cercopithecus_nictitans,Blue monkey,frugivore/nectarivore,8600,took median of reported male/female mass,"banana, markers",fruit/nectar/pollen,2,4,Transit time: first marker in feces,,,,1014,,,180,,1500,864,,Lambert 2002,Took species average of transit time as reported,,Yes
Cercopithecus mitis,N,Mammalia,Primates,,Cercopithecidae,Cercopithecus_nictitans,blue monkey,frugivore/nectivore,6200,,commercial primate diet + polyethylene glycol and phenol red fluid marker,protein,8,1,transit time,,,,2394,,,,,,,,Clemens and Phillips (1980),,N,N
Cercopithecus mitis,N,Mammalia,Primates,,Cercopithecidae,Cercopithecus_nictitans,blue monkey,frugivore/nectivore,6200,,commercial primate diet + polyethylene tubing particle marker,protein,8,1,transit time,,,,2638,,,,,,,,Clemens and Phillips (1980),"averaged across particle markers 2mm, 5mm, 10mm",N,N
Cercopithecus neglectus,N,Mammalia,Primates,174.3696,Cercopithecidae,Cercopithecus_neglectus,De Brazza's monkey,frugivore/nectarivore,6500,took median of reported male/female mass,"banana, markers",fruit/nectar/pollen,2,4,Transit time: first marker in feces,,,,1236,,,354,,2046,858,,Lambert 2002,Took species average of transit time as reported,,Yes
Cercopithecus pogonias,N,Mammalia,Primates,174.3696,Cercopithecidae,Cercopithecus_mona,Crested mona monkey,frugivore/nectarivore,3300,took median of range: https://animaldiversity.org/accounts/Cercopithecus_wolfi/,banana,fruit/nectar/pollen,2,2,Transit time: first marker in feces,,,,996,,,156,,1614,,402,Maisels et al. 1993,reported mean,,Yes
Cercopithecus talapoin,N,Mammalia,Primates,174.3696,Cercopithecidae,Miopithecus_talapoin,Talapoin monkey,frugivore/nectarivore,1600,took median of reported male/female mass,"banana, markers",fruit/nectar/pollen,2,4,Transit time: first marker in feces,,,,720,,,324,,1008,312,,Lambert 2002,Took species average of transit time as reported,,Yes
Cerdocyon thous,N,Mammalia,Carnivora,,Canidae,Cerdocyon_thous,crab-eating fox,omnivore,5600,,various fruits,fruit/nectar/pollen,2,1,passage time,270,,,462,,780,150,,,,,"Bucher, E. (2006). Passage time, viability, and germination of seeds ingested by foxes. Journal of Arid Environments. https://doi.org/10.1016/J.JARIDENV.2006.03.014",,"passage, gut, time",N
Cervus elaphus,N,Mammalia,Artiodactyla,,Cervidae,Cervus_elaphus,red deer,folivore,74500,,grass + Ru-phenanthroline,fiber/foliage,12,3,"TT, MRT (whole-gut)",,,,462,,,,,1376,,,Milne et al. (1978),averaged by sp.,N,N
Cervus elaphus,N,Mammalia,Artiodactyla,,Cervidae,Cervus_elaphus,red deer,folivore,74500,,grass + Ru-phenanthroline,fiber/foliage,12,3,MRT (ruemen),,,,,,,,,1002,,,Milne et al. (1978),averaged by sp.,N,N
Cervus elaphus,N,Mammalia,Artiodactyla,,Cervidae,Cervus_elaphus,red deer,folivore,74500,,grass + Ru-phenanthroline,fiber/foliage,12,3,MRT (caecal),,,,,,,,,238,,,Milne et al. (1978),averaged by sp.,N,N
Cervus elaphus canadensis,N,Mammalia,Artiodactyla,,Cervidae,Cervus_canadensis,wapiti,folivore,143333.33,,"alfalfa, barley + Cr2O3 liquid marker",fiber/foliage,12,3,MRT in RR,,,,,,,,,552,,,Jiang and Hudson (1996),"averaged over diet group; RR = reticulo-rumen, HG = hindgut",N,N
Cervus elaphus canadensis,N,Mammalia,Artiodactyla,,Cervidae,Cervus_canadensis,wapiti,folivore,143333.33,,"alfalfa, barley + Cr2O3 liquid marker",fiber/foliage,12,3,MRT in HG,,,,,,,,,324,,,Jiang and Hudson (1996),"averaged over diet group; RR = reticulo-rumen, HG = hindgut",N,N
Cervus elaphus canadensis,N,Mammalia,Artiodactyla,,Cervidae,Cervus_canadensis,wapiti,folivore,143333.33,,"alfalfa, barley + Cr2O3 liquid marker",fiber/foliage,12,3,TT,,,,802,,,,,,,,Jiang and Hudson (1996),"averaged over diet group; RR = reticulo-rumen, HG = hindgut",N,N
Cervus elaphus canadensis,N,Mammalia,Artiodactyla,,Cervidae,Cervus_canadensis,wapiti,folivore,129000,,herbage + Cr2O3 liquid marker,fiber/foliage,12,2,MRT in RR,,,,,,,,,984,,,Jiang and Hudson (1996),"averaged over diet group; RR = reticulo-rumen, HG = hindgut",N,N
Cervus elaphus canadensis,N,Mammalia,Artiodactyla,,Cervidae,Cervus_canadensis,wapiti,folivore,129000,,herbage + Cr2O3 liquid marker,fiber/foliage,12,2,MRT in HG,,,,,,,,,330,,,Jiang and Hudson (1996),"averaged over diet group; RR = reticulo-rumen, HG = hindgut",N,N
Cervus elaphus canadensis,N,Mammalia,Artiodactyla,,Cervidae,Cervus_canadensis,wapiti,folivore,129000,,herbage + Cr2O3 liquid marker,fiber/foliage,12,2,TT,,,,1245,,,,,,,,Jiang and Hudson (1996),"averaged over diet group; RR = reticulo-rumen, HG = hindgut",N,N
Cervus elaphus canadensis,N,Mammalia,Artiodactyla,,Cervidae,Cervus_canadensis,wapiti,folivore,150500,,pasture forages,fiber/foliage,12,2,MRT in RR,,,,,,,,,465,,,Jiang and Hudson (1996),"averaged over diet group; RR = reticulo-rumen, HG = hindgut",N,N
Cervus elaphus canadensis,N,Mammalia,Artiodactyla,,Cervidae,Cervus_canadensis,wapiti,folivore,150500,,pasture forages,fiber/foliage,12,2,MRT in HG,,,,,,,,,207,,,Jiang and Hudson (1996),"averaged over diet group; RR = reticulo-rumen, HG = hindgut",N,N
Cervus elaphus canadensis,N,Mammalia,Artiodactyla,,Cervidae,Cervus_canadensis,wapiti,folivore,150500,,pasture forages,fiber/foliage,12,2,TT,,,,573,,,,,,,,Jiang and Hudson (1996),"averaged over diet group; RR = reticulo-rumen, HG = hindgut",N,N
Chelonia mydas,N,Reptilia,Testudines,637.9,Cheloniidae,Chelonia_mydas,green sea turtle,omnivore,7500,reported mean,"vegetables, fish, sardines, vitamins with plastic markers",meat,5,1,transit time: time ingestion to first excretia of marker,,,,21024,,,5184,,,,,Gonzales-Paredes et al. 2021,reported mean for inorganic marker group,,Yes
Chelonia mydas,N,Reptilia,Testudines,637.9,Cheloniidae,Chelonia_mydas,green sea turtle,omnivore,4700,reported mean,"vegetables, fish, sardines, vitamins with corn as marker",meat,8,1,transit time: time ingestion to first excretia of marker,,,,9547.2,,,4752,,,,,Gonzales-Paredes et al. 2021,reported mean for organic marker group,,Yes
Chiloscyllium plagiosum,N,Chondrichthyes,Orectolobiformes,924.8,Hemiscylliidae,Chiloscyllium_punctatum,White-spotted bamboo sharks,carnivore,2310,,98% weight-by-volume suspension,meat,8,,first excretia of marker,1500,,,2394,,2880,198,,,,,Joblon et al 2020,,,Yes
Chinchilla laniger,N,Mammalia,Rodentia,,Chinchillidae,Chinchilla_lanigera,long-tailed chinchilla,folivore,513,,"grass hay, lucerene-based pellets + Co-EDTA liquid marker",fiber/foliage,6,1,mean retention time,,,,,,,,,1332,324,,Hagen et al. (2016),,N,N
Chinchilla laniger,N,Mammalia,Rodentia,,Chinchillidae,Chinchilla_lanigera,long-tailed chinchilla,folivore,513,,"grass hay, lucerene-based pellets + Cr particle parker ",fiber/foliage,6,1,mean retention time,,,,,,,,,1518,312,,Hagen et al. (2016),,N,N
Chiropotes albinasus,N,Mammalia,Primates,,Pitheciidae,Chiropotes_albinasus,white-nosed saki,omnivore,3000,,mixed fruit/veggies/bread/etc + plastic particle marker,protein,2,1,TT,,,,300,,,,,,,,Milton (1984),,N,N
Choeropsis liberiensis,N,Mammalia,Artiodactyla,,Hippopotamidae,Hexaprotodon_liberiensis,pygmy hippo,herbivore,218000,,fluid marker w/ fresh grass,fiber/foliage,6,1,retention time,,,,,,,,,1920,360,,"Schwarm A, Ortmann S, Wolf C, Streich WJ, Clauss M (2008) Excretion patterns of fluid and different sized particle passage markers in banteng (Bos javanicus) and pygmy hippopotamus (Hexaprotidon liberiensis). Comparative Biochemistry and Physiology A 150:32-39",,rate,no
Choeropsis liberiensis,N,Mammalia,Artiodactyla,,Hippopotamidae,Hexaprotodon_liberiensis,pygmy hippo,herbivore,218000,,small particle w/fresh grass,fiber/foliage,6,1,retention time,,,,,,,,,4560,960,,"Schwarm A, Ortmann S, Wolf C, Streich WJ, Clauss M (2008) Excretion patterns of fluid and different sized particle passage markers in banteng (Bos javanicus) and pygmy hippopotamus (Hexaprotidon liberiensis). Comparative Biochemistry and Physiology A 150:32-40",,rate,no
Choeropsis liberiensis,N,Mammalia,Artiodactyla,,Hippopotamidae,Hexaprotodon_liberiensis,pygmy hippo,herbivore,218000,,large particle w/ fresh grass,fiber/foliage,6,1,retention time,,,,,,,,,4380,1020,,"Schwarm A, Ortmann S, Wolf C, Streich WJ, Clauss M (2008) Excretion patterns of fluid and different sized particle passage markers in banteng (Bos javanicus) and pygmy hippopotamus (Hexaprotidon liberiensis). Comparative Biochemistry and Physiology A 150:32-41",,rate,no
Choloepus didactylus,N,Mammalia,Pilosa,198.3774,Megalonychidae,Choloepus_didactylus,Linnaeus's two-toed sloths,folivore,11266.67,,"vegetables, rice, salad + co-EDTA",fiber/foliage,4,,mean retention time,,,,,,,,,6060,1554.123547,,Vendl et al 2016,,yes,No
Choloepus didactylus,N,Mammalia,Pilosa,198.3774,Megalonychidae,Choloepus_didactylus,Linnaeus's two-toed sloths,folivore,11266.67,,"vegetables, rice, salad + chromium mordanted fiber",fiber/foliage,4,,mean retention time,,,,,,,,,8240,1826.143477,,Vendl et al 2016,,yes,No
Chrysocyon brachyurus,N,Mammalia,Carnivora,,Canidae,Chrysocyon_brachyurus,maned wolf,omnivore,25800,,commercial dog kibble; maintenance diet + titanium dioxide marker in mouse meat,protein,6,1,transit time,,,,255,,,,,,,,Childs-Sanford and Angel (2006),,N,N
Chrysocyon brachyurus,N,Mammalia,Carnivora,,Canidae,Chrysocyon_brachyurus,maned wolf,omnivore,25800,,commercial dog kibble; experimental diet with more plant based protein + titanium dioxide marker in mouse meat,protein,6,1,transit time,,,,70.2,,,,,,,,Childs-Sanford and Angel (2006),,N,N
Cinnyris osea,Y,Aves,Passeriformes,637.9,Nectariniidae,Cinnyris_venustus,Palestine sunbird,frugivore/nectarivore,6.15,median of female + male,dye marker in nectar,fruit/nectar/pollen,14,2,transit time: time from beginning of feeding to first sight of marker in feces,19.7,23.15,30.1,34.6,41.325,60.2,15.5,,,,,Markman et al 2006,"calculated IQR and mean/sd from mean shown on bar graph in Fig 2, combining all male/female data + all concentrations of sugar into one. This meant we took the IQR of the following points: 21.5,19.7,24.3,23.7,36.9,35.9,54.6,60.2; formerly known as Nectarinia osea",,Yes
Colobus angolensis; Colobus polykomos; Trachypithecus johnii,N,Mammalia,Primates,,Cercopithecidae,Colobus_angolensis,colobine monkey,frugivore,1450,Angola colobus - Wikipedia,fluid marker,unknown,3,1,retention time,,,,,,,,,3420,1020,,"Schwarm A, Ortmann S, Wolf C, Streich WJ, Clauss M (2009) Passage marker excretion in red kangaroo (Macropus rufus), collared peccary (Pecari tajacu) and colobine monkeys (Colobus angolensis, C. polykomos, Trachypithecus johnii). Journal of Experimental Zoology A 311:647-667",can only access abstract,"food, rate",no
Colobus angolensis; Colobus polykomos; Trachypithecus johnii,N,Mammalia,Primates,,Cercopithecidae,Colobus_angolensis,colobine monkey,frugivore,1450,Angola colobus - Wikipedia,small particle marker,unknown,3,1,retention time,,,,,,,,,3300,1140,,"Schwarm A, Ortmann S, Wolf C, Streich WJ, Clauss M (2009) Passage marker excretion in red kangaroo (Macropus rufus), collared peccary (Pecari tajacu) and colobine monkeys (Colobus angolensis, C. polykomos, Trachypithecus johnii). Journal of Experimental Zoology A 311:647-668",can only access abstract,"food, rate",no
Colobus angolensis; Colobus polykomos; Trachypithecus johnii,N,Mammalia,Primates,,Cercopithecidae,Colobus_angolensis,colobine monkey,frugivore,1450,Angola colobus - Wikipedia,large particle marker,unknown,3,1,retention time,,,,,,,,,3240,1140,,"Schwarm A, Ortmann S, Wolf C, Streich WJ, Clauss M (2009) Passage marker excretion in red kangaroo (Macropus rufus), collared peccary (Pecari tajacu) and colobine monkeys (Colobus angolensis, C. polykomos, Trachypithecus johnii). Journal of Experimental Zoology A 311:647-669",can only access abstract,"food, rate",no
Colobus guereza,N,Mammalia,Primates,,Cercopithecidae,Colobus_guereza,black and white colubus monkey,folivore,1090,,"soybean, corn, fruit nectar (low fiber diet) + acetate bead marker",fiber/foliage,1,1,transit time; MRT,,,,1290,,,,,1842,,,Edwards and Ullrey (1999b),,Y,N
Colobus guereza,N,Mammalia,Primates,,Cercopithecidae,Colobus_guereza,black and white colubus monkey,folivore,1090,,"soybean, corn, fruit nectar (low fiber diet) + Co-EDTA liquid marker",fiber/foliage,1,1,transit time; MRT,,,,2610,,,,,2640,,,Edwards and Ullrey (1999b),,Y,N
Colobus guereza,N,Mammalia,Primates,,Cercopithecidae,Colobus_guereza,black and white colubus monkey,folivore,1090,,"soybean, corn, fruit nectar (low fiber diet) + Cr particle marker",fiber/foliage,1,1,transit time; MRT,,,,2790,,,,,2256,,,Edwards and Ullrey (1999b),,Y,N
Colobus guereza,N,Mammalia,Primates,,Cercopithecidae,Colobus_guereza,black and white colubus monkey,folivore,1070,,"soybean, corn, fruit nectar (high fiber diet) + acetate bead marker",fiber/foliage,1,1,transit time; MRT,,,,1890,,,,,2256,,,Edwards and Ullrey (1999b),,Y,N
Colobus guereza,N,Mammalia,Primates,,Cercopithecidae,Colobus_guereza,black and white colubus monkey,folivore,1070,,"soybean, corn, fruit nectar (high fiber diet) + Co-EDTA liquid marker",fiber/foliage,1,1,transit time; MRT,,,,2610,,,,,3204,,,Edwards and Ullrey (1999b),,Y,N
Colobus guereza,N,Mammalia,Primates,,Cercopithecidae,Colobus_guereza,black and white colubus monkey,folivore,1070,,"soybean, corn, fruit nectar (high fiber diet) + Cr particle marker",fiber/foliage,1,1,transit time; MRT,,,,2610,,,,,4116,,,Edwards and Ullrey (1999b),,Y,N
Columba livia,Y,Aves,Columbiformes,637.9,Columbidae,Columba_livia,Rock dove,omnivore,358.7,https://animaldiversity.org/accounts/Columba_livia/,30% weight-by-volume suspension; commercial pigeon diet,fiber/foliage,6,,first excretia of marker,60,,270,,,480,,,,,,Bloch et al 2010; max and min from barium sulfate suspension not BIPS; self caucluated median,,,Yes
Connochaetes taurinus,N,Mammalia,Artiodactyla,,Bovidae,Connochaetes_taurinus,Blue Wildebeest,herbivore,194000,Connochaetes taurinus (blue wildebeest) | INFORMATION | Animal Diversity Web,grass hay w/particle marker,fiber/foliage,4,1,retention time,,,,,,,,,2580,294,,"Steuer P, S√ºdekum K-H, M√ºller DWH, Franz R, Kaandorp J, Clauss M, Hummel J (2011) Is there an influence of body mass on digesta mean retention time in herbivores? A comparative study on ungulates. Comparative Biochemistry and Physiology A 160:355-368",,"gut, time",no
Connochaetes taurinus,N,Mammalia,Artiodactyla,,Bovidae,Connochaetes_taurinus,Blue Wildebeest,herbivore,194000,Connochaetes taurinus (blue wildebeest) | INFORMATION | Animal Diversity Web,grass hay w/ fluid marker,fiber/foliage,4,1,retention time,,,,,,,,,1920,522,,"Steuer P, S√ºdekum K-H, M√ºller DWH, Franz R, Kaandorp J, Clauss M, Hummel J (2011) Is there an influence of body mass on digesta mean retention time in herbivores? A comparative study on ungulates. Comparative Biochemistry and Physiology A 160:355-369",,"gut, time",no
Corallus caninus,N,Reptilia,Squamata,637.9,Boidae,Corallus_caninus,emerald tree boa,carnivore,1500,https://livingrainforest.org/learning-resources/emerald-tree-boa,mice,meat,8,,transit time,,,,36576,,,5904,,,,,Lillywhite et al 2002,"measured ""gut passage time"" same as transit time (first pass of markers in feces)",yes,No
Cordylus melanotus,N,Reptilia,Squamata,637.9,Cordylidae,Pseudocordylus_melanotus,common crag lizard,omnivore,47.6,"took mean from masses off of plot: 29.52, 35.72, 37.93, 39.59, 39.45, 37.38, 42.34, 44.28, 44.14, 45.38, 49.66, 50.62, 56.41, 56.69, 55.03, 54.62, 56.83, 64.41, 65.24",colored beads in mealworms,protein,19,1,transit time: time from beginning of feeding to first sight of marker in feces,3672,5810,8006.4,8657.43,10260,19641.6,4017.54,,,,,McConnachie and Alexander 2004,"ripped transit time dots from Fig 2 across all temperature; took quantile of whole dataset (days): 8.05, 6.07,  7.08,  8.56, 11.01, 13.64,  6.02,  4.68,  3.62,  3.94,  3.99,  4.08,  3.06,  2.55,  4.96,  5.56,  5.60,  4.59  7.17",,Yes
Coturnix coturnix japonica,Y,Aves,Galliformes,637.9,Phasianidae,Coturnix_coturnix,Japanese quail,omnivore,144,median of female + male,four treatments of different energy quality (low and high)  nitrogen in a sort of meal mash w/ ferrix oxide,protein,64,1,first excretia of marker,52,,,78,,105.25,,6.19,,428,2,Nobrega et al 2020,,,Yes
Cryptotis parva,N,Mammalia,Soricomorpha,,Soricidae,Cryptotis_parvus,North American least shrew,insectivore,5.05,,chitin (insect shells),protein,1,1,transit time,,,,95,,,,,,,,Hamilton (1944),,N,N
Cryptotis parva,N,Mammalia,Soricomorpha,,Soricidae,Cryptotis_parvus,North American least shrew,insectivore,5.05,,hair,protein,1,1,transit time,,,,114,,,,,,,,Hamilton (1944),,N,N
Cuniculus paca,N,Mammalia,Rodentia,,Cuniculidae,Cuniculus_paca,lowland paca,frugivore/nectarivore,5800,,"banana, mango, grass (high), soybean meal, animal pellets + Co-EDTA liquid marker",fruit/nectar/pollen,4,1,mean retention time,,,,,,,,,2580,420,,Guerra Aldrigui et al. (2018),averaged across particle markers within a feeding group because authors note that particle size of markers was likely modified whilethe animal was chewing,Y,N
Cuniculus paca,N,Mammalia,Rodentia,,Cuniculidae,Cuniculus_paca,lowland paca,frugivore/nectarivore,5800,,"banana, mango, grass (high), soybean meal, animal pellets + particle marker",fruit/nectar/pollen,4,1,mean retention time,,,,,,,,,2200,,,Guerra Aldrigui et al. (2018),averaged across particle markers within a feeding group because authors note that particle size of markers was likely modified whilethe animal was chewing,Y,N
Cuniculus paca,N,Mammalia,Rodentia,,Cuniculidae,Cuniculus_paca,lowland paca,frugivore/nectarivore,5800,,"banana, mango, grass (medium), soybean meal, animal pellets + Co-EDTA liquid marker",fruit/nectar/pollen,4,1,mean retention time,,,,,,,,,2580,660,,Guerra Aldrigui et al. (2018),averaged across particle markers within a feeding group because authors note that particle size of markers was likely modified whilethe animal was chewing,Y,N
Cuniculus paca,N,Mammalia,Rodentia,,Cuniculidae,Cuniculus_paca,lowland paca,frugivore/nectarivore,5800,,"banana, mango, grass (medium), soybean meal, animal pellets + particle marker",fruit/nectar/pollen,4,1,mean retention time,,,,,,,,,2240,,,Guerra Aldrigui et al. (2018),averaged across particle markers within a feeding group because authors note that particle size of markers was likely modified whilethe animal was chewing,Y,N
Cuniculus paca,N,Mammalia,Rodentia,,Cuniculidae,Cuniculus_paca,lowland paca,frugivore/nectarivore,5800,,"banana, mango, grass (low), soybean meal, animal pellets + Co-EDTA liquid marker",fruit/nectar/pollen,4,1,mean retention time,,,,,,,,,2460,360,,Guerra Aldrigui et al. (2018),averaged across particle markers within a feeding group because authors note that particle size of markers was likely modified whilethe animal was chewing,Y,N
Cuniculus paca,N,Mammalia,Rodentia,,Cuniculidae,Cuniculus_paca,lowland paca,frugivore/nectarivore,5800,,"banana, mango, grass (low), soybean meal, animal pellets + particle marker",fruit/nectar/pollen,4,1,mean retention time,,,,,,,,,2600,,,Guerra Aldrigui et al. (2018),averaged across particle markers within a feeding group because authors note that particle size of markers was likely modified whilethe animal was chewing,Y,N
Cuniculus paca,N,Mammalia,Rodentia,,Cuniculidae,Cuniculus_paca,lowland paca,frugivore/nectarivore,5800,,"banana, mango, soybean meal, animal pellets + Co-EDTA liquid marker",fruit/nectar/pollen,3,1,mean retention time,,,,,,,,,3660,900,,Guerra Aldrigui et al. (2018),averaged across particle markers within a feeding group because authors note that particle size of markers was likely modified whilethe animal was chewing,Y,N
Cuniculus paca,N,Mammalia,Rodentia,,Cuniculidae,Cuniculus_paca,lowland paca,frugivore/nectarivore,5800,,"banana, mango, soybean meal, animal pellets + particle marker",fruit/nectar/pollen,3,1,mean retention time,,,,,,,,,3820,,,Guerra Aldrigui et al. (2018),averaged across particle markers within a feeding group because authors note that particle size of markers was likely modified whilethe animal was chewing,Y,N
Cynocephalus volans,N,Mammalia,Dermoptera,174.4,Cynocephalidae,Cynocephalus_volans,Philippine flying lemur,folivore,1750,,capsule marker and leaves,fiber/foliage,5,3,T0: time from feeding to first appearance of market in feces,,,,333,,,150.6,,1088.1,126.2,,Wischusen et al 1994,took mean across 2 different marker studies,,Yes
Cynopterus brachyotis,Y,Mammalia,Chiroptera,188,Pteropodidae,Cynopterus_brachyotis,Lesser Short-nosed Fruit Bat,frugivore/nectarivore,37.3,,fruit,fruit/nectar/pollen,10,,unclear - limited methods,11,,13,,,15,,,,,,Boon and Corlett 1990,"average/median calculated by Cara; really unclear methods (N may be off- could be 10, 6 or 51 or 40)",,Yes
Cynopterus sphinx,Y,Mammalia,Chiroptera,188,Pteropodidae,Cynopterus_sphinx,Greater short-nosed fruit bat,frugivore/nectarivore,75.3,reported mean post study,Ficus seed in chopped papaya,fruit/nectar/pollen,7,16,sight of seeds in feces,60,,,401.4,,1080,,,,,,Shilton et al. 1999,average of trials with and without seedsonly study so far reporting such long retention. Might just be for seeds (not papaya),,Yes
Dama dama,N,Mammalia,Artiodactyla,,Cervidae,Dama_dama,Fallow Deer,herbivore,105000,Fallow deer - Wikipedia,european plants,fruit/nectar/pollen,4,1,passage time,780,,1500,,,2280,,,,,,"Mouissie, A. & VEEN, CARMEN & Veen, Ciska & Diggelen, Rudy. (2005). Ecological correlates of seed survival after ingestion by Fallow Deer. Functional Ecology. 19. 284 - 290.",,time,N
Delphinapterus leucas,N,Mammalia,Artiodactyla,188,Monodontidae,Delphinapterus_leucas,beluga whale,carnivore,718333.33,"mean of 1 male and 2 females: 885,726,544 kg",fish with iron oxide marker,meat,3,4,Initial Gastrointestinal Passage (IPT): time from feeding to first poop,8400,11295,12360,12180,12960,15480,1860,,,,,Mazzaro et al 2011,"taken as the mean/SD and IQR of all reported means for all three whales across 6 diet regimens (study finds no difference among diets in IPT): 257,217,207,210,192,231,166,213,258,169,187,154,205,196,140,195,213,244 hrs",,Yes
Delphinapterus leucas,N,Mammalia,Artiodactyla,,Monodontidae,Delphinapterus_leucas,beluga whale,carnivore,633333.33,,"fish, squid + carmine dye liquid marker",meat,10,10,TT (referred to as passage time),,,,270,,,,,,,,Kastelein et al. (1994),trials not evenly distributed amongst individuals,Y,N
Dicaeum hirundinaceum,Y,Aves,Passeriformes,637.9,Dicaeidae,Dicaeum_melanozanthum,mistletoe bird,frugivore/nectarivore,9.25,https://birdsoftheworld.org/bow/species/mistle1/cur/introduction,Amyema quandang (mistletoe) fruit with dye,fruit/nectar/pollen,4,1,Gut Passage Time: mean of eating to time of first sighting in feces,3.1,,,13.66666667,,38.05,,0.483333333,,,,Murphy et al 1993,not quite MGT (mean time of eating to mean defecation) but comparable,,Yes
Diceros bicornis,N,Mammalia,Perissodactyla,,Rhinocerotidae,Diceros_bicornis,Black Rhino,herbivore,1100000,Black rhinoceros - Wikipedia,grass hay w/ fluids,fiber/foliage,4,1,retention time,,,,,,,,,2040,240,,"Steuer P, Clauss M, S√ºdekum K-H, Hatt J-M, Silinski S, Klomburg S, Zimmermann W, Fickel J, Streich WJ, Hummel J (2010) Comparative investigations on digestion in grazing (Ceratotherium simum) and browsing (Diceros bicornis) rhinoceroses. Comparative Biochemistry and Physiology A 156:380-390",,time,no
Diceros bicornis,N,Mammalia,Perissodactyla,,Rhinocerotidae,Diceros_bicornis,Black Rhino,herbivore,1100000,Black rhinoceros - Wikipedia,grass hay w/particles,fiber/foliage,4,1,retention time,,,,,,,,,2340,240,,"Steuer P, Clauss M, S√ºdekum K-H, Hatt J-M, Silinski S, Klomburg S, Zimmermann W, Fickel J, Streich WJ, Hummel J (2010) Comparative investigations on digestion in grazing (Ceratotherium simum) and browsing (Diceros bicornis) rhinoceroses. Comparative Biochemistry and Physiology A 156:380-391",,time,no
Diceros bicornis,N,Mammalia,Perissodactyla,,Rhinocerotidae,Diceros_bicornis,black rhinoceros,folivore,1193000,,"lucerene/grass hay, fruits, vegetables + Co-EDTA liquid marker",fiber/foliage,6,1,transit time; MRT,,,,769.8,,,,,1860,,,Clauss et al. (2005),,N,N
Diceros bicornis,N,Mammalia,Perissodactyla,,Rhinocerotidae,Diceros_bicornis,black rhinoceros,folivore,1193000,,"lucerene/grass hay, fruits, vegetables + Cr mordanted fiber particle marker",fiber/foliage,6,1,transit time; MRT,,,,799.8,,,,,2280,,,Clauss et al. (2005),,N,N
Dicotyles tajacu,N,Mammalia,Artiodactyla,,Tayassuidae,Pecari_tajacu,collared peccary,herbivore,2150,Collared peccary - Wikipedia,fluid marker,unknown,7,1,retention time,,,,,,,,,1560,120,,"Schwarm A, Ortmann S, Wolf C, Streich WJ, Clauss M (2009) Passage marker excretion in red kangaroo (Macropus rufus), collared peccary (Pecari tajacu) and colobine monkeys (Colobus angolensis, C. polykomos, Trachypithecus johnii). Journal of Experimental Zoology A 311:647-664",can only access abstract,"food, rate",no
Dicotyles tajacu,N,Mammalia,Artiodactyla,,Tayassuidae,Pecari_tajacu,collared peccary,herbivore,2150,Collared peccary - Wikipedia,small particle marker,unknown,7,1,retention time,,,,,,,,,2040,300,,"Schwarm A, Ortmann S, Wolf C, Streich WJ, Clauss M (2009) Passage marker excretion in red kangaroo (Macropus rufus), collared peccary (Pecari tajacu) and colobine monkeys (Colobus angolensis, C. polykomos, Trachypithecus johnii). Journal of Experimental Zoology A 311:647-665",can only access abstract,"food, rate",no
Dicotyles tajacu,N,Mammalia,Artiodactyla,,Tayassuidae,Pecari_tajacu,collared peccary,herbivore,2150,Collared peccary - Wikipedia,large particle marker,unknown,7,1,retention time,,,,,,,,,1920,180,,"Schwarm A, Ortmann S, Wolf C, Streich WJ, Clauss M (2009) Passage marker excretion in red kangaroo (Macropus rufus), collared peccary (Pecari tajacu) and colobine monkeys (Colobus angolensis, C. polykomos, Trachypithecus johnii). Journal of Experimental Zoology A 311:647-666",can only access abstract,"food, rate",no
Dipsosaurus dorsalis,N,Reptilia,Squamata,,Iguanidae,Dipsosaurus_dorsalis,desert iguana,folivore,65,,hydrated alfalfa + Sudan III liquid marker,fiber/foliage,5,1,MRT,,,,,,,,,4620,,,Karasov et al. (1986),"50% elimination times, roughly equivalent",Y,N
Dolichotis patagonum,N,Mammalia,Rodentia,0,Caviidae,Dolichotis_patagonum,Patagonian mara,folivore,7400,,"alfalfa, wheat bran, maize, sucrose + Co-EDTA",fiber/foliage,3,,transit time,,,,582,186,,,,1608,168,,Sakaguchi et al 1992b,,no,No
Dolichotis patagonum,N,Mammalia,Rodentia,0,Caviidae,Dolichotis_patagonum,Patagonian mara,folivore,7400,,"alfalfa, wheat bran, maize, sucrose + cell wall constituents",fiber/foliage,3,,transit time,,,,618,186,,,,1638,126,,Sakaguchi et al 1992b,,no,No
Dolichotis patagonum,N,Mammalia,Rodentia,,Caviidae,Dolichotis_patagonum,Patagonian mara,folivore,7670,,lucerene + solute marker,fiber/foliage,5,1,mean retention time,,,,,,,,,924,,,Clauss et al. (2019),,N,N
Dolichotis patagonum,N,Mammalia,Rodentia,,Caviidae,Dolichotis_patagonum,Patagonian mara,folivore,7670,,lucerene + <2m particle marker,fiber/foliage,5,1,mean retention time,,,,,,,,,816,,,Clauss et al. (2019),,N,N
Dolichotis patagonum,N,Mammalia,Rodentia,,Caviidae,Dolichotis_patagonum,Patagonian mara,folivore,7670,,lucerene + 10 mm particle marker,fiber/foliage,5,1,mean retention time,,,,,,,,,798,,,Clauss et al. (2019),,N,N
Dolichotis patagonum,N,Mammalia,Rodentia,,Caviidae,Dolichotis_patagonum,Patagonian mara,folivore,7670,,lucerene + 20 mm particle marker ,fiber/foliage,5,1,mean retention time,,,,,,,,,798,,,Clauss et al. (2019),,N,N
Dromaius novaehollandiae,N,Aves,Struthioniformes,637.9,Dromaiidae,Dromaius_novaehollandiae,emu,omnivore,33000,,alfalfa pellets + Co-EDTA,fiber/foliage,2,,"TT: transit time, time from feeding to first appearance of marker in feces",,,,210.9542004,,,,,67.5,8.485281374,,Frei et al 2015,TT extracted from figure; MRT reported in main text,no,No
Dromaius novaehollandiae,N,Aves,Struthioniformes,637.9,Dromaiidae,Dromaius_novaehollandiae,emu,omnivore,33000,,alfalfa pellets + chromium mordanted fiber,fiber/foliage,2,,"TT: transit time, time from feeding to first appearance of marker in feces",,,,210.7874758,,,,,93,21.21320344,,Frei et al 2015,TT extracted from figure; MRT reported in main text,no,No
Dromaius novaehollandiae,N,Aves,Struthioniformes,637.9,Dromaiidae,Dromaius_novaehollandiae,emu,omnivore,33000,,alfalfa pellets + cerium mordanted fibers,fiber/foliage,2,,"TT: transit time, time from feeding to first appearance of marker in feces",,,,119.6407483,,,,,75,4.242640687,,Frei et al 2015,TT extracted from figure; MRT reported in main text,no,No
Dromaius novaehollandiae,N,Aves,Casuariiformes,,Casuariidae,Dromaius_novaehollandiae,Emu,omnivore,33000,,alfalfa pellet,fiber/foliage,2,1,transit time,,,,,,,,,93,300,,"Frei S, Ortmann S, Reutlinger C, Kreuzer M, Hatt J-M, Clauss M (2015) Comparative digesta retention patterns in ratites. The Auk: Ornithological Advances 132:119-133",,gut,n
Dromaius novaehollandiae,N,Aves,Casuariiformes,,Casuariidae,Dromaius_novaehollandiae,Emu,omnivore,33000,,plant fiber w/Ru-phen marker,fiber/foliage,11,3,mean retention time,,,,,,,,,330,24,,"Herd RM, Dawson TJ (1984) Fiber digestion in the emu, Dromaius novaehollandiae, a large bird with a simple gut and high rates of passage.¬†Physiological Zoology 57:70-84",,"gut, passage, time",n
Dromaius novaehollandiae,N,Aves,Casuariiformes,,Casuariidae,Dromaius_novaehollandiae,Emu,omnivore,33001,,plant fiber w/Cr-EDTA marker,fiber/foliage,11,3,mean retention time,,,,,,,,,246,12,,"Herd RM, Dawson TJ (1984) Fiber digestion in the emu, Dromaius novaehollandiae, a large bird with a simple gut and high rates of passage.¬†Physiological Zoology 57:70-85",,"gut, passage, time",n
Dromaius novaehollandiae,N,Aves,Casuariiformes,,Cassuaridae,Dromaius_novaehollandiae,emu,omnivore,34000,,apples,fruit/nectar/pollen,9,5,transit time,240,,,3600,,,,,,,,Willson MF (1989) Gut retention times of experimental pseudoseeds by emus.¬†Biotropica 21:210-213,"study done with juveniles, TT estimated from graph",time,no
Ducula spilorrhoa,Y,Aves,Columbiformes,,Columbidae,Ducula_bicolor,Torres imperial pigeon,frugivore,445,,apple,fruit/nectar/pollen,4,1,mean retention time,,,,,,,,,94.5,59.6,,"Meehan HJ, Hillyard K, Guy M (2003) Retention time of beads in captive Torres Imperial Pigeons, Ducula spilorrhoa spilorrhoa.¬†Notornis 50:167-168",,"gut, time",no
Dugong dugon,N,Mammalia,Sirenia,,Dugonginae,Dugong_dugon,dugong,folivore,315000,animaldiversity.org,foliage + plastic particle marker,fiber/foliage,2,1,MRT,,,,,,,,,9360,,,Lanyon and Marsh (1995),MRT averaged over range,Y,N
Eidolon helvum,Y,Mammalia,Chiroptera,188,Pteropodidae,Eidolon_helvum,Straw-colored fruit bat,frugivore/nectarivore,270.65,mean of Accra + Kibi sites,"feeding trials with dyed fruit (Ficus mucoso, F. sur, F. trichopoda, Milicia excelsa, and Anthocleista nobilis)",fruit/nectar/pollen,20,112,Mean Passage Time: midpoint of feeding to midpoint of defecation event,4,,72,116,,1143,112,,,,,Abedi-Lartey et al. 2016,gut passage time; they defined feeding trial as period when at least 3 whole fruits presented to bat and at least 1 was eaten; 112 trials = 112 fruits,,Yes
Elaenia parvirostris,Y,Aves,Passeriformes,,Tyrannidae,Elaenia_parvirostris,Short Billed Elaenia,omnivore,16,Small-billed Elaenia,non-pungent seeds,fiber/foliage,,,retention time,,,,,,,,,38,4,,"Tewksbury JJ, Levey DJ, Huizinga M, Haak DC, Traveset A (2008) Costs and benefits of capsaicin‚Äêmediated control of gut retention in dispersers of wild chilies.¬†Ecology 89:107-117",,"gut, passage",no
Elaenia parvirostris,Y,Aves,Passeriformes,,Tyrannidae,Elaenia_parvirostris,Short Billed Elaenia,omnivore,16,Small-billed Elaenia,capsaicin treated seeds,fiber/foliage,,,retention time,,,,,,,,,48,10,,"Tewksbury JJ, Levey DJ, Huizinga M, Haak DC, Traveset A (2008) Costs and benefits of capsaicin‚Äêmediated control of gut retention in dispersers of wild chilies.¬†Ecology 89:107-118",,"gut, passage",no
Elaphe obsoleta,N,Reptilia,Squamata,637.9,Colubridae,Pantherophis_obsoletus,black rat snake,carnivore,500,,mice + plastic markers,meat,10,,transit time,,,,3744,,,288,,,,,Lillywhite et al 2002,"measured ""gut passage time"" same as transit time (first pass of markers in feces)",yes,No
Elaphurus davidianus,N,Mammalia,Artiodactyla,,Cervidae,Elaphurus_davidianus,P√®re David's deer,folivore,150000,,"wheat bran, hay + liquid marker Co-EDTA ",fiber/foliage,5,1,mean retention time,,,,,,,,,2040,240,,Derix et al. (2019),,N,N
Elaphurus davidianus,N,Mammalia,Artiodactyla,,Cervidae,Elaphurus_davidianus,P√®re David's deer,folivore,150000,,"wheat bran, hay + 2mm Cr particle marker (small particle)",fiber/foliage,5,1,mean retention time,,,,,,,,,3600,420,,Derix et al. (2019),,N,N
Elaphurus davidianus,N,Mammalia,Artiodactyla,,Cervidae,Elaphurus_davidianus,P√®re David's deer,folivore,150000,,"wheat bran, hay + 20 mm La particle marker (large particle)",fiber/foliage,5,1,mean retention time,,,,,,,,,4140,540,,Derix et al. (2019),,N,N
Elephantus edwardii,N,Mammalia,Macroscelidea,,Macroscelididae,Elephantulus_edwardii,elephant shrew,herbivore,1500,Cape Rock Sengi (Elephantulus edwardii) - Know Your Mammals,Pronutro cereal diet w/soluble marker,fiber/foliage,6,1,passage rate,30,,192,,,,,,,,,"Woodall,P. F. and Currie,G. J., 19891418745, English, Journal article, 92, (1), Comparative Biochemistry and Physiology, A (Comparative Physiology), (75‚Äì79), Food consumption, assimilation and rate of food passage in the Cape rock elephant shrew, Elephantulus edwardii (Macroscelidea: Macroscelidinae)., (1989)",,"passage, rate",N
Elephantus edwardii,N,Mammalia,Macroscelidea,,Macroscelididae,Elephantulus_edwardii,elephant shrew,herbivore,1500,Cape Rock Sengi (Elephantulus edwardii) - Know Your Mammals,Pronutro cereal diet w/particulate marker,fiber/foliage,6,1,passage rate,111,,201,,,,,,,,,"Woodall,P. F. and Currie,G. J., 19891418745, English, Journal article, 92, (1), Comparative Biochemistry and Physiology, A (Comparative Physiology), (75‚Äì79), Food consumption, assimilation and rate of food passage in the Cape rock elephant shrew, Elephantulus edwardii (Macroscelidea: Macroscelidinae)., (1989)",,"passage, rate",N
Elephas maximus,N,Mammalia,Proboscidea,,Elephantidae,Elephas_maximus,asian elephant,herbivore,3800000,,"leaves, twigs, palm wood, grasses",fiber/foliage,1,1,passage time,840,,,1080,,4320,,,1212,,,"Weerasinghe, Udayani Rose, Palitha Jayasekara and Seiki Takatsuki. ‚ÄúA record of the food retention time of the Asiatic elephant, Elephas maximus.‚Äù Mammal Study 24 (1999): 115-119.",,time,N
Elephas maximus,N,Mammalia,Proboscidea,,Elephantidae,Elephas_maximus,asian elephant,herbivore,3200000,,grasses,fiber/foliage,6,1,passage time,1200,,,2100,,4320,,,,,,"Savini, C. (2016). Seed dispersal potential of Asian elephants. Acta Oecologica. https://doi.org/10.1016/J.ACTAO.2016.10.005",,"gut, passage, time",N
Elephas maximus,N,Mammalia,Proboscidea,,Elephantidae,Elephas_maximus,Asian Elephant,herbivore,3500000,Asian elephant - Wikipedia,D. indica fruit,fruit/nectar/pollen,4,1,mean retention time,,,,,,,,,1866,600,,"Sekar, Nitin & Lee, Chia-Lo & Sukumar, Raman. (2015). In the elephant's seed shadow: The prospects of domestic bovids as replacement dispersers of three tropical Asian trees. Ecology. 96. 2093-2105. 10.1890/14-1543.1.",GRT taken from the Ave. GRT by seed table column in table 1,,N
Elephas maximus,N,Mammalia,Proboscidea,,Elephantidae,Elephas_maximus,Asian Elephant,herbivore,3500000,Asian elephant - Wikipedia,A. chaplasha fruit,fruit/nectar/pollen,6,1,mean retention time,,,,,,,,,3534,1386,,"Sekar, Nitin & Lee, Chia-Lo & Sukumar, Raman. (2015). In the elephant's seed shadow: The prospects of domestic bovids as replacement dispersers of three tropical Asian trees. Ecology. 96. 2093-2105. 10.1890/14-1543.1.",GRT taken from the Ave. GRT by seed table column in table 2,,N
Elephas maximus,N,Mammalia,Proboscidea,,Elephantidae,Elephas_maximus,Asian Elephant,herbivore,3500000,Asian elephant - Wikipedia,C.arborea fruit,fruit/nectar/pollen,3,1,mean retention time,,,,,,,,,2688,900,,"Sekar, Nitin & Lee, Chia-Lo & Sukumar, Raman. (2015). In the elephant's seed shadow: The prospects of domestic bovids as replacement dispersers of three tropical Asian trees. Ecology. 96. 2093-2105. 10.1890/14-1543.1.",GRT taken from the Ave. GRT by seed table column in table 3,,N
Elephas maximus,N,Mammalia,Proboscidea,,Elephantidae,Elephas_maximus,Asian elephant,folivore,3155000,,"tamarind fruit pods, colored plastic beads",fiber/foliage,4,2,mean retention time; reported as seed retention time,,,,,,,,,2370,,,Campos-Arceiz et al. (2008),,N,N
Emydura macquarii,N,Reptilia,Testudines,637.9,Chelidae,Emydura_macquarii,Australian short-necked turtle,omnivore,4000,mass as reported in paper,fish with plastic marker,meat,8,1,transit time: time ingestion to first excretia of marker,,,,4770,,,270,,7215,1245,,Spencer et al 1998,mean MGT as reported in paper averaged for 20C and 30C,,Yes
Emydura macquarii,N,Reptilia,Testudines,637.9,Chelidae,Emydura_macquarii,Australian short-necked turtle,omnivore,4000,mass as reported in paper,plants with plastic marker,fiber/foliage,8,1,transit time: time ingestion to first excretia of marker,,,,11340,,,540,,15990,1185,,Spencer et al 1998,mean MGT as reported in paper averaged for 20C and 30C,,Yes
Epomops buettikoferi,Y,Mammalia,Chiroptera,188,Pteropodidae,Epomops_franqueti,Buettikofer's epauletted fruit bat¬†,frugivore/nectarivore,136,mean of male and female reported weights,banana with dye,fruit/nectar/pollen,,,first dye in poop,,,,69,,,14,,,,,Wolton et al. 1982,average of times of varius defecations in table 2,,Yes
Eptesicus fuscus,Y,Mammalia,Chiroptera,188,Vespertilionidae,Eptesicus_nilssonii,Big Brown Bat,insectivore,17.23,,"cottage cheese, banana, hard-boiled egg mixed with 10% barium sulfate",protein,22,1,"TT: transit time, time from feeding to first appearance of marker in feces",90,,,122,,,16,,,,,Luckens et al. 1971,reported mean,,Yes
Eptesicus serotinus,Y,Mammalia,Chiroptera,188,Vespertilionidae,Eptesicus_serotinus,Serotine bat,insectivore,23.1,reported mean,fluorescent mealworm,protein,5,1,Transit time: time from feeding marker to first appearance of marker in feces,40,,88,,,112,,,174,,,Roswag et al. 2012,as reported in table 2,,Yes
Equus africanus,N,Mammalia,Perissodactyla,,Equidae,Equus_asinus,African wild donkey,folivore,235200,,grass hay + Co-EDTA liquid marker,fiber/foliage,5,1,mean retention time,,,,,,,,,1998,324,,Hummel et al. (2017),,N,N
Equus africanus,N,Mammalia,Perissodactyla,,Equidae,Equus_asinus,African wild donkey,folivore,235200,,grass hay + Cr particle marker,fiber/foliage,5,1,mean retention time,,,,,,,,,2376,234,,Hummel et al. (2017),,N,N
Equus asinus,N,Mammalia,Perissodactyla,,Equidae,Equus_asinus,donkey,folivore,117000,,wheat straw + lanthanum liquid marker,fiber/foliage,5,1,"TT, MRT",,,,1008,,,222,,2262,102,,Izraely et al. (1989),,N,N
Equus asinus,N,Mammalia,Perissodactyla,,Equidae,Equus_asinus,donkey,folivore,129000,,alfalfa hay + lanthanum liquid marker,fiber/foliage,5,1,"TT, MRT",,,,1050,,,156,,2184,192,,Izraely et al. (1989),,N,N
Equus asinus,N,Mammalia,Perissodactyla,,Equidae,Equus_asinus,donkey,folivore,189000,,alfalfa/oat straw + Cr particle marker,fiber/foliage,4,1,MRT,,,,,,,,,2328,,,Pearson et al. (2001),averaged starting weight,Y,N
Equus asinus,N,Mammalia,Perissodactyla,,Equidae,Equus_asinus,donkey,folivore,189000,,alfalfa/oat straw + CoEDTA liquid marker,fiber/foliage,4,1,MRT,,,,,,,,,1926,,,Pearson et al. (2001),averaged starting weight,Y,N
Equus asinus,N,Mammalia,Perissodactyla,,Equidae,Equus_asinus,donkey,folivore,217750,,hay/barley straw + Cr particle marker,fiber/foliage,4,1,MRT,,,,,,,,,2232,,,Pearson et al. (2006),averaged starting weight,N,N
Equus asinus,N,Mammalia,Perissodactyla,,Equidae,Equus_asinus,donkey,folivore,217750,,hay/barley straw + CoEDTA liquid marker,fiber/foliage,4,1,MRT,,,,,,,,,2298,,,Pearson et al. (2006),averaged starting weight,N,N
Equus asinus,N,Mammalia,Perissodactyla,,Equidae,Equus_asinus,donkey,folivore,174000,,alfalfa/oat straw + Cr particle marker,fiber/foliage,4,1,MRT,,,,,,,,,4602,,,Pearson et al. (1992),,Y,N
Equus asinus,N,Mammalia,Perissodactyla,,Equidae,Equus_asinus,donkey,folivore,174000,,alfalfa/oat straw + CoEDTA liquid marker,fiber/foliage,4,1,MRT,,,,,,,,,3708,,,Pearson et al. (1992),,Y,N
Equus asinus,N,Mammalia,Perissodactyla,,Equidae,Equus_asinus,donkey,folivore,174000,,hay + Cr particle marker,fiber/foliage,4,1,MRT,,,,,,,,,2274,,,Pearson and Merrit (1991),no exercise group,Y,N
Equus asinus,N,Mammalia,Perissodactyla,,Equidae,Equus_asinus,donkey,folivore,174000,,straw + Cr particle marker,fiber/foliage,4,1,MRT,,,,,,,,,3180,,,Pearson and Merrit (1991),no exercise group,Y,N
Equus asinus,N,Mammalia,Perissodactyla,,Equidae,Equus_asinus,donkey,folivore,174000,,hay + Co-EDTA liquid marker,fiber/foliage,4,1,MRT,,,,,,,,,2214,,,Pearson and Merrit (1991),no exercise group,Y,N
Equus asinus,N,Mammalia,Perissodactyla,,Equidae,Equus_asinus,donkey,folivore,174000,,straw + Co-EDTA liquid marker,fiber/foliage,4,1,MRT,,,,,,,,,2718,,,Pearson and Merrit (1991),no exercise group,Y,N
Equus asinus,N,Mammalia,Perissodactyla,,Equidae,Equus_asinus,donkey,folivore,174000,,hay + Cr particle marker,fiber/foliage,4,1,MRT,,,,,,,,,2346,,,Pearson and Merrit (1991),exercise group,Y,N
Equus asinus,N,Mammalia,Perissodactyla,,Equidae,Equus_asinus,donkey,folivore,174000,,straw + Cr particle marker,fiber/foliage,4,1,MRT,,,,,,,,,3090,,,Pearson and Merrit (1991),exercise group,Y,N
Equus asinus,N,Mammalia,Perissodactyla,,Equidae,Equus_asinus,donkey,folivore,174000,,hay + Co-EDTA liquid marker,fiber/foliage,4,1,MRT,,,,,,,,,2262,,,Pearson and Merrit (1991),exercise group,Y,N
Equus asinus,N,Mammalia,Perissodactyla,,Equidae,Equus_asinus,donkey,folivore,174000,,straw + Co-EDTA liquid marker,fiber/foliage,4,1,MRT,,,,,,,,,2748,,,Pearson and Merrit (1991),exercise group,Y,N
Equus asinus,N,Mammalia,Perissodactyla,,Equidae,Equus_asinus,African wild donkey,folivore,250000,https://animaldiversity.org/accounts/Equus_asinus/,barley straw + seeds,fiber/foliage,5,17,mean retention time,,,,,,,,,3960,,,Cosyns et al. (2005),Used plot.digitizer.com for MRT values from Figure 3,Y,N
Equus caballus,N,Mammalia,Perissodactyla,188,Equidae,Equus_caballus,horse,folivore,563500,median/mean of range: https://animaldiversity.org/accounts/Equus_caballus/,carbon granules mixed in oats and bran,fiber/foliage,5,,"TT: transit time, time from feeding to first appearance of marker infeces",,,1320,1353.3333,,,354.1172,,,,,calculated from Alexander 1946,mean of all times of marker excretion in all trials of all individuals,,Yes
Equus caballus,N,Mammalia,Perissodactyla,188,Equidae,Equus_caballus,horse,folivore,528000,reported mean,hay and oats with markers,fiber/foliage,6,6,transit time: time ingestion to first excretia of marker,,,,1050,,,210,,1730,250,,Fernandes et al. 2022,took mean across all 6 diets,,Yes
Equus caballus,N,Mammalia,Perissodactyla,188,Equidae,Equus_caballus,horse,folivore,500000,reported mean,hay with markers,fiber/foliage,6,1,gastrointestinal transit time: time from eating to when 80% of beads were excreted,8940,,10207.5,,,11160,,,,,,Patton et al. 2022,reported average from the no bit group (control group),,Yes
Equus caballus,N,Mammalia,Perissodactyla,188,Equidae,Equus_caballus,horse,folivore,509000,median of reported range (486-532),oats,fiber/foliage,4,1,"TT: transit time, time from feeding to first appearance of marker infeces",,,,726.1714286,,,109.5288612,,1660.45714,,,Rosenfeld et al 2006,took mean of 7 model estimates,,Yes
Equus caballus,N,Mammalia,Perissodactyla,,Equidae,Equus_caballus,domestic pony,herbivore,227000,Equus caballus (horse) | INFORMATION | Animal Diversity Web,grass hay w/particle marker,fiber/foliage,3,1,retention time,,,,,,,,,26,1,,"Steuer P, S√ºdekum K-H, M√ºller DWH, Franz R, Kaandorp J, Clauss M, Hummel J (2011) Is there an influence of body mass on digesta mean retention time in herbivores? A comparative study on ungulates. Comparative Biochemistry and Physiology A 160:355-382",,"gut, time",no
Equus caballus,N,Mammalia,Perissodactyla,,Equidae,Equus_caballus,domestic pony,herbivore,227000,Equus caballus (horse) | INFORMATION | Animal Diversity Web,grass hay w/ fluid marker,fiber/foliage,3,1,retention time,,,,,,,,,20,1.2,,"Steuer P, S√ºdekum K-H, M√ºller DWH, Franz R, Kaandorp J, Clauss M, Hummel J (2011) Is there an influence of body mass on digesta mean retention time in herbivores? A comparative study on ungulates. Comparative Biochemistry and Physiology A 160:355-383",,"gut, time",no
Equus caballus,N,Mammalia,Perissodactyla,,Equidae,Equus_caballus,domestic horse,herbivore,900000,Equus caballus (horse) | INFORMATION | Animal Diversity Web,grass hay w/particle marker,fiber/foliage,6,1,retention time,,,,,,,,,29,5.6,,"Steuer P, S√ºdekum K-H, M√ºller DWH, Franz R, Kaandorp J, Clauss M, Hummel J (2011) Is there an influence of body mass on digesta mean retention time in herbivores? A comparative study on ungulates. Comparative Biochemistry and Physiology A 160:355-386",,"gut, time",no
Equus caballus,N,Mammalia,Perissodactyla,,Equidae,Equus_caballus,domestic horse,herbivore,900000,Equus caballus (horse) | INFORMATION | Animal Diversity Web,grass hay w/ fluid marker,fiber/foliage,6,1,retention time,,,,,,,,,25,6.5,,"Steuer P, S√ºdekum K-H, M√ºller DWH, Franz R, Kaandorp J, Clauss M, Hummel J (2011) Is there an influence of body mass on digesta mean retention time in herbivores? A comparative study on ungulates. Comparative Biochemistry and Physiology A 160:355-387",,"gut, time",no
Equus caballus,N,Mammalia,Perissodactyla,,Equidae,Equus_caballus,horse,folivore,300000,,unchopped grass + Yb particle marker,fiber/foliage,4,1,MRT,,,,,,,,,1694.4,,,Moore-Colyer et al. (2003),,Y,N
Equus caballus,N,Mammalia,Perissodactyla,,Equidae,Equus_caballus,horse,folivore,300000,,chopped grass + Yb particle marker,fiber/foliage,4,1,MRT,,,,,,,,,1621.2,,,Moore-Colyer et al. (2003),,Y,N
Equus caballus,N,Mammalia,Perissodactyla,,Equidae,Equus_caballus,horse,folivore,300000,,unchopped hay+ Yb particle marker,fiber/foliage,4,1,MRT,,,,,,,,,1441.2,,,Moore-Colyer et al. (2003),,Y,N
Equus caballus,N,Mammalia,Perissodactyla,,Equidae,Equus_caballus,horse,folivore,300000,,chopped hay+ Yb particle marker,fiber/foliage,4,1,MRT,,,,,,,,,1470.6,,,Moore-Colyer et al. (2003),,Y,N
Equus caballus,N,Mammalia,Perissodactyla,,Equidae,Equus_caballus,horse,folivore,508000,,forage hay + YbCl particle marker,fiber/foliage,4,2,MRT,,,,,,,,,1938,,52.8,Pagan et al. (1998),,N,N
Equus caballus,N,Mammalia,Perissodactyla,,Equidae,Equus_caballus,horse,folivore,508000,,mixed grain hay + YbCl particle marker,fiber/foliage,4,2,MRT,,,,,,,,,2496,,52.8,Pagan et al. (1998),,N,N
Equus caballus,N,Mammalia,Perissodactyla,,Equidae,Equus_caballus,horse,folivore,250000,,alfalfa/oat straw + Cr particle marker,fiber/foliage,4,1,MRT,,,,,,,,,1788,,,Pearson et al. (2001),averaged starting weight,Y,N
Equus caballus,N,Mammalia,Perissodactyla,,Equidae,Equus_caballus,horse,folivore,250000,,alfalfa/oat straw + CoEDTA liquid marker,fiber/foliage,4,1,MRT,,,,,,,,,1662,,,Pearson et al. (2001),averaged starting weight,Y,N
Equus caballus,N,Mammalia,Perissodactyla,,Equidae,Equus_caballus,horse,folivore,205250,,hay/barley straw + Cr particle marker,fiber/foliage,4,1,MRT,,,,,,,,,2106,,,Pearson et al. (2006),averaged starting weight,N,N
Equus caballus,N,Mammalia,Perissodactyla,,Equidae,Equus_caballus,horse,folivore,205250,,hay/barley straw + CoEDTA liquid marker,fiber/foliage,4,1,MRT,,,,,,,,,2400,,,Pearson et al. (2006),averaged starting weight,N,N
Equus caballus,N,Mammalia,Perissodactyla,,Equidae,Equus_caballus,horse,folivore,548000,,alfalfa/oat straw + Cr particle marker,fiber/foliage,4,1,MRT,,,,,,,,,3114,,,Pearson et al. (1992),,Y,N
Equus caballus,N,Mammalia,Perissodactyla,,Equidae,Equus_caballus,horse,folivore,548000,,alfalfa/oat straw + CoEDTA liquid marker,fiber/foliage,4,1,MRT,,,,,,,,,3066,,,Pearson et al. (1992),,Y,N
Equus caballus,N,Mammalia,Perissodactyla,,Equidae,Equus_caballus,horse,folivore,505000,,alfalfa/oat straw + Cr particle marker,fiber/foliage,4,1,MRT,,,,,,,,,3822,,,Pearson et al. (1992),,Y,N
Equus caballus,N,Mammalia,Perissodactyla,,Equidae,Equus_caballus,horse,folivore,505000,,alfalfa/oat straw + CoEDTA liquid marker,fiber/foliage,4,1,MRT,,,,,,,,,3564,,,Pearson et al. (1992),,Y,N
Equus caballus,N,Mammalia,Perissodactyla,,Equidae,Equus_caballus,horse,folivore,108000,,alfalfa/oat straw + Cr particle marker,fiber/foliage,4,1,MRT,,,,,,,,,2778,,,Pearson et al. (1992),,Y,N
Equus caballus,N,Mammalia,Perissodactyla,,Equidae,Equus_caballus,horse,folivore,108000,,alfalfa/oat straw + CoEDTA liquid marker,fiber/foliage,4,1,MRT,,,,,,,,,2496,,,Pearson et al. (1992),,Y,N
Equus caballus,N,Mammalia,Perissodactyla,,Equidae,Equus_caballus,horse,folivore,505000,,low protein feed + Cr-EDTA liquid marker,fiber/foliage,2,1,MRT,,,,,,,,,1380,,,Orton et al. (1985),no exercise group,N,N
Equus caballus,N,Mammalia,Perissodactyla,,Equidae,Equus_caballus,horse,folivore,505000,,high protein feed + Cr-EDTA liquid marker,fiber/foliage,2,1,MRT,,,,,,,,,1260,,,Orton et al. (1985),no exercise group,N,N
Equus caballus,N,Mammalia,Perissodactyla,,Equidae,Equus_caballus,horse,folivore,505000,,low protein feed + Ru particle marker,fiber/foliage,2,1,MRT,,,,,,,,,1500,,,Orton et al. (1985),no exercise group,N,N
Equus caballus,N,Mammalia,Perissodactyla,,Equidae,Equus_caballus,horse,folivore,505000,,high protein feed + Ru particle marker,fiber/foliage,2,1,MRT,,,,,,,,,1740,,,Orton et al. (1985),no exercise group,N,N
Equus caballus,N,Mammalia,Perissodactyla,,Equidae,Equus_caballus,horse,folivore,505000,,low protein feed + Cr-EDTA liquid marker,fiber/foliage,2,1,MRT,,,,,,,,,1560,,,Orton et al. (1985),exercise group,N,N
Equus caballus,N,Mammalia,Perissodactyla,,Equidae,Equus_caballus,horse,folivore,505000,,high protein feed + Cr-EDTA liquid marker,fiber/foliage,2,1,MRT,,,,,,,,,1380,,,Orton et al. (1985),exercise group,N,N
Equus caballus,N,Mammalia,Perissodactyla,,Equidae,Equus_caballus,horse,folivore,505000,,low protein feed + Ru particle marker,fiber/foliage,2,1,MRT,,,,,,,,,1440,,,Orton et al. (1985),exercise group,N,N
Equus caballus,N,Mammalia,Perissodactyla,,Equidae,Equus_caballus,horse,folivore,505000,,high protein feed + Ru particle marker,fiber/foliage,2,1,MRT,,,,,,,,,1380,,,Orton et al. (1985),exercise group,N,N
Equus caballus,N,Mammalia,Perissodactyla,,Equidae,Equus_caballus,horse,folivore,505000,,hay + Cr particle marker,fiber/foliage,4,1,MRT,,,,,,,,,1794,,,Pearson and Merrit (1991),,Y,N
Equus caballus,N,Mammalia,Perissodactyla,,Equidae,Equus_caballus,horse,folivore,505000,,straw + Cr particle marker,fiber/foliage,4,1,MRT,,,,,,,,,2088,,,Pearson and Merrit (1991),,Y,N
Equus caballus,N,Mammalia,Perissodactyla,,Equidae,Equus_caballus,horse,folivore,505000,,hay + Co-EDTA liquid marker,fiber/foliage,4,1,MRT,,,,,,,,,1878,,,Pearson and Merrit (1991),,Y,N
Equus caballus,N,Mammalia,Perissodactyla,,Equidae,Equus_caballus,horse,folivore,505000,,straw + Co-EDTA liquid marker,fiber/foliage,4,1,MRT,,,,,,,,,2046,,,Pearson and Merrit (1991),,Y,N
Equus caballus,N,Mammalia,Perissodactyla,,Equidae,Equus_caballus,horse,folivore,284000,,"grass hay, oats from diet 1 + Cr particle marker",fiber/foliage,4,1,mean retention time,,,,,,,,,1785,,,Clauss et al. (2014),averaged across intake levels for each diet and marker type,N,N
Equus caballus,N,Mammalia,Perissodactyla,,Equidae,Equus_caballus,horse,folivore,284000,,"grass hay, oats from diet 1 + Co-EDTA liquid marker",fiber/foliage,4,1,mean retention time,,,,,,,,,1530,,,Clauss et al. (2014),averaged across intake levels for each diet and marker type,N,N
Equus caballus,N,Mammalia,Perissodactyla,,Equidae,Equus_caballus,horse,folivore,284000,,"grass hay, oats from diet 2 + Cr particle marker",fiber/foliage,4,1,mean retention time,,,,,,,,,2130,,,Clauss et al. (2014),averaged across intake levels for each diet and marker type,N,N
Equus caballus,N,Mammalia,Perissodactyla,,Equidae,Equus_caballus,horse,folivore,284000,,"grass hay, oats from diet 2 + Co-EDTA liquid marker",fiber/foliage,4,1,mean retention time,,,,,,,,,1635,,,Clauss et al. (2014),averaged across intake levels for each diet and marker type,N,N
Equus caballus,N,Mammalia,Perissodactyla,,Equidae,Equus_caballus,horse,folivore,900000,https://animaldiversity.org/accounts/Equus_caballus/,barley straw + seeds,fiber/foliage,5,19,mean retention time,,,,,,,,,3120,,,Cosyns et al. (2005),Used plot.digitizer.com for MRT values from Figure 3,Y,N
Equus caballus,N,Mammalia,Perissodactyla,,Equidae,Equus_caballus,horse,folivore,97000,,hay + Cr particle marker,fiber/foliage,3,1,mean retention time,,,,,,,,,1460,124.89996,,Franz et al. (2010),,N,N
Equus caballus,N,Mammalia,Perissodactyla,,Equidae,Equus_caballus,horse,folivore,164000,,hay + Co liquid marker,fiber/foliage,6,1,mean retention time,,,,,,,,,1446,198,,Hummel et al. (2008),,N,N
Equus caballus,N,Mammalia,Perissodactyla,,Equidae,Equus_caballus,horse,folivore,164000,,hay + Cr particle marker,fiber/foliage,6,1,mean retention time,,,,,,,,,1476,258,,Hummel et al. (2008),,N,N
Equus caballus,N,Mammalia,Perissodactyla,,Equidae,Equus_caballus,horse,folivore,164000,,hay + Ce particle marker,fiber/foliage,6,1,mean retention time,,,,,,,,,1440,228,,Hummel et al. (2008),,N,N
Equus caballus,N,Mammalia,Perissodactyla,,Equidae,Equus_caballus,horse,folivore,164000,,hay + La particle marker,fiber/foliage,6,1,mean retention time,,,,,,,,,1458,228,,Hummel et al. (2008),,N,N
Equus ferus,N,Mammalia,Perissodactyla,,Equidae,Equus_ferus,horse,herbivore,217000,,timothy hay w/ solid marker,fiber/foliage,6,1,mean retention time,,,,,,,,,23,,,"Ud√©n P, Rounsaville TR, Wiggans GR, Van Soest PJ. The measurement of liquid and solid digesta retention in ruminants, equines and rabbits given timothy (Phleum pratense) hay. British Journal of Nutrition. 1982;48(2):329-339. doi:10.1079/BJN19820125",,"passage, time",N
Equus ferus,N,Mammalia,Perissodactyla,,Equidae,Equus_ferus,horse,herbivore,217000,,timothy hay w/ liquid marker,fiber/foliage,6,1,mean retention time,,,,,,,,,18,,,"Ud√©n P, Rounsaville TR, Wiggans GR, Van Soest PJ. The measurement of liquid and solid digesta retention in ruminants, equines and rabbits given timothy (Phleum pratense) hay. British Journal of Nutrition. 1982;48(2):329-339. doi:10.1079/BJN19820126",,"passage, time",N
Equus ferus,N,Mammalia,Perissodactyla,,Equidae,Equus_ferus,horse,herbivore,380000,Horse - Wikipedia,grasses,fiber/foliage,6,1,passage time,,,,19008,,,11952,,,,,"Janzen, D. H. (1981). Enterolobium Cyclocarpum Seed Passage Rate and Survival in Horses, Costa Rican Pleistocene Seed Dispersal Agents. Ecology, 62(3), 593‚Äì601. https://doi.org/10.2307/1937726",,,N
Equus grevyi,N,Mammalia,Perissodactyla,,Equidae,Equus_grevyi,grevy's zebra,herbivore,400000,Gr√©vy's zebra - Wikipedia,grass hay w/particle marker,fiber/foliage,4,1,retention time,,,,,,,,,28,7.2,,"Steuer P, S√ºdekum K-H, M√ºller DWH, Franz R, Kaandorp J, Clauss M, Hummel J (2011) Is there an influence of body mass on digesta mean retention time in herbivores? A comparative study on ungulates. Comparative Biochemistry and Physiology A 160:355-384",,"gut, time",no
Equus grevyi,N,Mammalia,Perissodactyla,,Equidae,Equus_grevyi,grevy's zebra,herbivore,400000,Gr√©vy's zebra - Wikipedia,grass hay w/ fluid marker,fiber/foliage,4,1,retention time,,,,,,,,,25,8.5,,"Steuer P, S√ºdekum K-H, M√ºller DWH, Franz R, Kaandorp J, Clauss M, Hummel J (2011) Is there an influence of body mass on digesta mean retention time in herbivores? A comparative study on ungulates. Comparative Biochemistry and Physiology A 160:355-385",,"gut, time",no
Erethizon dorsatum,N,Mammalia,Rodentia,,Erethizontidae,Erethizon_dorsatum,North American porcupine,folivore,11000,,willow leaves + Co-EDTA liquid marker,fiber/foliage,3,1,mean retention time,,,,,,,,,3445.2,,151.8,Felicetti et al. (2000),,N,N
Erethizon dorsatum,N,Mammalia,Rodentia,,Erethizontidae,Erethizon_dorsatum,North American porcupine,folivore,11000,,willow leaves + YbNO3 particle marker,fiber/foliage,3,1,mean retention time,,,,,,,,,2305.8,,33.6,Felicetti et al. (2000),,N,N
Erithacus rubecula,Y,Aves,Passeriformes,,Muscicapidae,Erithacus_rubecula,European robin,frugivore/nectivore,19,European robin - Wikipedia,unknown,unknown,38,1,gut passage time,,,,40.7,,,22.7,,,,,"Guttal V, Bartumeus F, Hartvigsen G, Nevai AL (2011) Retention time variability as a mechanism for animal mediated long-distance dispersal.¬†PloS One¬†6:e28449",study appears to be fully theoretical,time,n
Eudyptes chrysocome,N,Aves,Sphenisciformes,,Spheniscidae,Eudyptes_pachyrhynchus,Rock hopper penguin,carnivore,2750,"Rockhopper penguin | Diet, Habitat & Adaptations | Britannica",pilchard,meat,5,4,mean retention time,,,,,,,,,900,,,Jackson S (1992) Do seabird gut sizes and mean retention times reflect adaptation to diet and foraging method?¬†Physiological Zoology 65:674-703,"MRTs estimated from graph, could not estimate SD","gastrointestinal, transit, time",n
Eudyptes chrysocome,N,Aves,Sphenisciformes,,Spheniscidae,Eudyptes_pachyrhynchus,Rock hopper penguin,carnivore,2750,"Rockhopper penguin | Diet, Habitat & Adaptations | Britannica",squid,meat,5,4,mean retention time,,,,,,,,,840,,,Jackson S (1992) Do seabird gut sizes and mean retention times reflect adaptation to diet and foraging method?¬†Physiological Zoology 65:674-704,"MRTs estimated from graph, could not estimate SD","gastrointestinal, transit, time",
Eudyptes chrysocome,N,Aves,Sphenisciformes,,Spheniscidae,Eudyptes_pachyrhynchus,Rock hopper penguin,carnivore,2750,"Rockhopper penguin | Diet, Habitat & Adaptations | Britannica",prawn,meat,5,4,mean retention time,,,,,,,,,1170,,,Jackson S (1992) Do seabird gut sizes and mean retention times reflect adaptation to diet and foraging method?¬†Physiological Zoology 65:674-705,"MRTs estimated from graph, could not estimate SD","gastrointestinal, transit, time",
Eulemer rubriventer,N,Mammalia,Primates,,Lemuridae,Eulemur_rubriventer,Red-bellied lemur,frugivore,2000,Red-bellied lemur - Wikipedia,fruits,fruit/nectar/pollen,12,1,passage time,96,,,214.6,,433,,,,,,"Razafindratsima OH, Jones TA, Dunham AE. Patterns of movement and seed dispersal by three lemur species. Am J Primatol. 2014 Jan;76(1):84-96. doi: 10.1002/ajp.22199. Epub 2013 Sep 9. PMID: 24038313.",,"gut, passage, time",N
Eulemer rufifrons,N,Mammalia,Primates,,Lemuridae,Eulemur_rufifrons,Red-fronted brown lemur,frugivore,2250,Red-fronted lemur - Wikipedia,fruits,fruit/nectar/pollen,12,1,passage time,72,,,190.08,,371,,,,,,"Razafindratsima OH, Jones TA, Dunham AE. Patterns of movement and seed dispersal by three lemur species. Am J Primatol. 2014 Jan;76(1):84-96. doi: 10.1002/ajp.22199. Epub 2013 Sep 9. PMID: 24038313.",,"gut, passage, time",N
Eulemur fulvus,N,Mammalia,Primates,174.3696,Lemuridae,Eulemur_albifrons,common brown lemur,frugivore/nectarivore,2258.6,mean of initial and final mass reported in paper,insoluble fiber diet,fiber/foliage,6,2,"TT: transit time, time from feeding to first appearance of marker in feces",,,,192,,,90,,551.1,162,,Campbell et al 2004,mean of Co and Cr values per species,,Yes
Eurillas latirostris,Y,Aves,Passeriformes,,Pycnonotidae,Pycnonotidae,yellow-whiskered greenbul,frugivore/nectivore,29,Eurillas latirostris (Yellow-whiskered Greenbul) - Avibase,M. lancelota fruit,fruit/nectar/pollen,4,1,minimum passage time,,,,12.9,,,0.8,,,,,"Graham CH, Moermond TC, Kristensen KA, Mvukiyumwami J (1995) Seed dispersal effectiveness by two bulbuls on Maesa lanceolata, an African montane forest tree.¬†Biotropica 27:479-487",,time,n
Falco naumanni,Y,Aves,Falconiformes,,Falconidae,Falco_naumanni,kestrel,carnivore,180,,"cockerel, pigeon, rabbit",meat,5,1,transit time,,,,,,,,,431.4,7.2,,"Barton NWH, Houston DC (1993) The influence of gut morphology on digestion time in raptors. Comparative Biochemistry and Physiology A 105:571‚Äì588",,time,n
Falco peregrinus,Y,Aves,Falconiformes,,Falconidae,Falco_peregrinus,peregrine,carnivore,762.5,,"cockerel, pigeon, rabbit",meat,3,1,transit time,,,,,,,,,421.8,12.9,,"Barton NWH, Houston DC (1993) The influence of gut morphology on digestion time in raptors. Comparative Biochemistry and Physiology A 105:571‚Äì585",,time,n
Falco subbuteo,Y,Aves,Falconiformes,,Falconidae,Falco_subbuteo,hobby,carnivore,304,,"cockerel, pigeon, rabbit",meat,2,1,transit time,,,,,,,,,381,0,,"Barton NWH, Houston DC (1993) The influence of gut morphology on digestion time in raptors. Comparative Biochemistry and Physiology A 105:571‚Äì583",,time,n
Falco tinnunculus,Y,Aves,Falconiformes,,Falconidae,Falco_tinnunculus,kestrel,carnivore,170,Falco tinnunculus (common kestrel) | INFORMATION | Animal Diversity Web,lab mice,meat,1,1,meal to pellet interval,,,,23.55,,,0.23,,,,,"Duke GE, Evanson OA, Jegers A (1976) Meal to pellet intervals in 14 species of captive raptors.¬†Comparative Biochemistry and Physiology A¬†53:1-11","some birds were fed at two different times, this did not seem to have any significant impact on the excretion time (so with the exception of the caracara which was only fed at 1100) all numbers reflected are from the 0900 feeding",,n
Felis catus,N,Mammalia,Carnivora,188,Felidae,Felis_catus,domestic cat,carnivore,4200,mean reported in paper,cat food with some fiber mixed in,protein,32,1,Gastrointestinal transit time: from ingestion to last appearance of marker in feces,,,,1236,,,,,,,,Loureiro et al 2017,took mean of control trials as reported in paper,,Yes
Felis catus,N,Mammalia,Carnivora,188,Felidae,Felis_catus,domestic cat,carnivore,3395,mean of young and old in paper,canned cat food with chromium marker,protein,12,4,Total transit: time from ingestion to first appearance of marker in feces,,,,1865.1,,,595.8,,,,,Peachey et al 2000,took mean of young and adult cats,,Yes
Felis catus,N,Mammalia,Carnivora,188,Felidae,Felis_catus,domestic cat,carnivore,3900,reported mean,pet food with pH pill/marker,protein,6,3,transit time: first excretia of marker,926,,2263.5,,,6563,,,,,,Telles et al. 2022,took average from the pre and post-feeding periods since the difference was not significant,,Yes
Ficedula hypoleuca,Y,Aves,Passeriformes,,Muscicapidae,Ficedula_hypoleuca,European pied flycatcher,insectivore,13,https://animaldiversity.org/accounts/Ficedula_hypoleuca/,unknown,unknown,3,1,gut passage time,,,,58.3,,,6,,,,,"Guttal V, Bartumeus F, Hartvigsen G, Nevai AL (2011) Retention time variability as a mechanism for animal mediated long-distance dispersal.¬†PloS One¬†6:e28458",study appears to be fully theoretical,time,n
Fratercula arctica,Y,Aves,Charadriiformes,,Alcidae,Fratercula_arctica,Atlantic puffin,carnivore,420,,lesser sandeel,meat,5,1,mean retention time,,,,,,,,,295.8,13.8,,"Hilton GM, Houston DC, Furness RW (1998) Which components of diet quality affect retention time of digesta in seabirds?¬†Functional Ecology¬†12:929-942",,"gut,time",n
Fratercula arctica,Y,Aves,Charadriiformes,,Alcidae,Fratercula_arctica,Atlantic puffin,carnivore,420,,small whiting,meat,22,1,mean retention time,,,,,,,,,342,12,,"Hilton GM, Houston DC, Furness RW (1998) Which components of diet quality affect retention time of digesta in seabirds?¬†Functional Ecology¬†12:929-943",,"gut,time",n
Fratercula arctica,Y,Aves,Charadriiformes,,Alcidae,Fratercula_arctica,Atlantic puffin,carnivore,420,,sprat,meat,6,1,mean retention time,,,,,,,,,368.4,9,,"Hilton GM, Houston DC, Furness RW (1998) Which components of diet quality affect retention time of digesta in seabirds?¬†Functional Ecology¬†12:929-944",,"gut,time",n
Fratercula arctica,Y,Aves,Charadriiformes,,Alcidae,Fratercula_arctica,atlantic puffin,carnivore,420,,sandeel,meat,,1,mean retention time,,,,71.3,,,5.6,,377.4,37.8,,"Hilton GM, Furness RW, Houston DC (2000) A comparative study of digestion in North Atlantic seabirds.¬†Journal of Avian Biology 31:36-60",could not find number of birds,"gut, passage, time",n
Fratercula arctica,Y,Aves,Charadriiformes,,Alcidae,Fratercula_arctica,atlantic puffin,carnivore,420,,whiting,meat,,1,mean retention time,,,,92.7,,,7.8,,426.6,42,,"Hilton GM, Furness RW, Houston DC (2000) A comparative study of digestion in North Atlantic seabirds.¬†Journal of Avian Biology 31:36-61",could not find number of birds,"gut, passage, time",n
Fulica atra,Y,Aves,Gruiformes,,Rallidae,Fulica_atra,Common Coot,omnivore,820,Eurasian coot - Wikipedia,S. litoralis seeds,fiber/foliage,5,1,transit time,,,,,,,,,1011,123.6,,"Figuerola J, Charalambidou I, Santamaria L, Green AJ (2010) Internal dispersal of seeds by waterfowl: effect of seed size on gut passage time and germination patterns.¬†Naturwissenschaften 97:555-569",,"gut, passage, time",n
Fulica atra,Y,Aves,Gruiformes,,Rallidae,Fulica_atra,Common Coot,omnivore,820,Eurasian coot - Wikipedia,S. maritimus seeds,fiber/foliage,5,1,transit time,,,,,,,,,906.6,124.2,,"Figuerola J, Charalambidou I, Santamaria L, Green AJ (2010) Internal dispersal of seeds by waterfowl: effect of seed size on gut passage time and germination patterns.¬†Naturwissenschaften 97:555-570",,"gut, passage, time",n
Fulmarus glacialis,Y,Aves,Procellariiformes,,Procellariidae,Fulmarus_glacialis,northern fulmar,carnivore,686,,lesser sandeel,meat,6,1,mean retention time,,,,,,,,,438,18.6,,"Hilton GM, Houston DC, Furness RW (1998) Which components of diet quality affect retention time of digesta in seabirds?¬†Functional Ecology¬†12:929-947",,"gut,time",n
Fulmarus glacialis,Y,Aves,Procellariiformes,,Procellariidae,Fulmarus_glacialis,northern fulmar,carnivore,686,,small whiting,meat,5,1,mean retention time,,,,,,,,,427.2,10.8,,"Hilton GM, Houston DC, Furness RW (1998) Which components of diet quality affect retention time of digesta in seabirds?¬†Functional Ecology¬†12:929-948",,"gut,time",n
Fulmarus glacialis,Y,Aves,Procellariiformes,,Procellariidae,Fulmarus_glacialis,northern fulmar,carnivore,686,,sandeel,meat,,1,mean retention time,,,,76.4,,,45.3,,579,87,,"Hilton GM, Furness RW, Houston DC (2000) A comparative study of digestion in North Atlantic seabirds.¬†Journal of Avian Biology 31:36-48",could not find number of birds,"gut, passage, time",n
Fulmarus glacialis,Y,Aves,Procellariiformes,,Procellariidae,Fulmarus_glacialis,northern fulmar,carnivore,686,,whiting,meat,,1,mean retention time,,,,85.4,,,55.8,,648,117.6,,"Hilton GM, Furness RW, Houston DC (2000) A comparative study of digestion in North Atlantic seabirds.¬†Journal of Avian Biology 31:36-49",could not find number of birds,"gut, passage, time",n
Galago moholi,N,Mammalia,Primates,,Galagidae,Galago_moholi,Mohol bush baby,insectivore,200,,Acacia gum and mealworms + Cr particle marker,protein,8,1,transit time; MRT,,,,120,,,18,,1806,264,,Caton et al. (2000),has a specialised diet of Acacia exudate and insects; diet falls in multiple categories,N,N
Galago moholi,N,Mammalia,Primates,,Galagidae,Galago_moholi,Mohol bush baby,insectivore,200,,Acacia gum and mealworms + Co-EDTA liquid marker,protein,8,1,transit time; MRT,,,,120,,,18,,2478,240,,Caton et al. (2000),has a specialised diet of Acacia exudate and insects; diet falls in multiple categories,N,N
Gallirex johnstoni,Y,Aves,Musophagiformes,,Musophagidae,Gallirex_johnstoni,Ruwenzori Turaco,frugivore,235,Rwenzori Turaco - Gallirex johnstoni - Birds of the World,Ilex mitis fruits,fruit/nectar/pollen,5,4,transit time/ retention time,,,,35.7,,,13.4,,108.2,15.3,,"Sun C, Ives AR, Kraeuter HJ, Moermond TC (1997) Effectiveness of three turacos as seed dispersers in a tropical montane forest.¬†Oecologia 112:94-103",,"gut, time",no
Gallirex johnstoni,Y,Aves,Musophagiformes,,Musophagidae,Gallirex_johnstoni,Ruwenzori Turaco,frugivore,236,Rwenzori Turaco - Gallirex johnstoni - Birds of the World,Maesa lanceolota fruits,fruit/nectar/pollen,5,6,transit time/ retention time,,,,31.3,,,10.3,,100.3,29.2,,"Sun C, Ives AR, Kraeuter HJ, Moermond TC (1997) Effectiveness of three turacos as seed dispersers in a tropical montane forest.¬†Oecologia 112:94-104",,"gut, time",no
Gallirex johnstoni,Y,Aves,Musophagiformes,,Musophagidae,Gallirex_johnstoni,Ruwenzori Turaco,frugivore,237,Rwenzori Turaco - Gallirex johnstoni - Birds of the World,Ekebergia capensis fruits,fruit/nectar/pollen,5,9,transit time/ retention time,,,,27.4,,,16.6,,67,17,,"Sun C, Ives AR, Kraeuter HJ, Moermond TC (1997) Effectiveness of three turacos as seed dispersers in a tropical montane forest.¬†Oecologia 112:94-105",,"gut, time",no
Gallirex johnstoni,Y,Aves,Musophagiformes,,Musophagidae,Gallirex_johnstoni,Ruwenzori Turaco,frugivore,238,Rwenzori Turaco - Gallirex johnstoni - Birds of the World,Balthasarea schliebienii fruits,fruit/nectar/pollen,5,3,transit time/ retention time,,,,31.8,,,3.6,,55.6,9.3,,"Sun C, Ives AR, Kraeuter HJ, Moermond TC (1997) Effectiveness of three turacos as seed dispersers in a tropical montane forest.¬†Oecologia 112:94-106",,"gut, time",no
Gallirex johnstoni,Y,Aves,Musophagiformes,,Musophagidae,Gallirex_johnstoni,Ruwenzori Turaco,frugivore,239,Rwenzori Turaco - Gallirex johnstoni - Birds of the World,Psyvhotria mahonii fruits,fruit/nectar/pollen,5,4,transit time/ retention time,,,,22,,,4.1,,46.4,16.9,,"Sun C, Ives AR, Kraeuter HJ, Moermond TC (1997) Effectiveness of three turacos as seed dispersers in a tropical montane forest.¬†Oecologia 112:94-107",,"gut, time",no
Gallirex johnstoni,Y,Aves,Musophagiformes,,Musophagidae,Gallirex_johnstoni,Ruwenzori Turaco,frugivore,240,Rwenzori Turaco - Gallirex johnstoni - Birds of the World,Syzygium parvifloium fruits,fruit/nectar/pollen,5,46,transit time/ retention time,,,,27.8,,,11,,40.1,18.1,,"Sun C, Ives AR, Kraeuter HJ, Moermond TC (1997) Effectiveness of three turacos as seed dispersers in a tropical montane forest.¬†Oecologia 112:94-108",,"gut, time",no
Gallotia atlantica,N,Reptilia,Squamata,,Lacertidae,Gallotia_atlantica,Atlantic lizard,omnivore,,,Lycium intricatum fruits,fruit/nectar/pollen,,,retention time,,,,,,,,,"3,484.80",,,"Nogales M, Delgado JD, Medina FM (1998) Shrikes, lizards and Lycium intricatum (Solanaceae) fruits: a case of indirect seed dispersal on an oceanic island (Alegranza, Canary Islands).¬†Journal of Ecology 86:866-871",MRT seems to be pulled from a different study,"gut, time",no
Gallus gallus,Y,Aves,Galliformes,,Phasianidae,Gallus_gallus,chicken,omnivore,1250,Red junglefowl - Wikipedia,fibers from wheat bran,fiber/foliage,5,1,transit time,,,,156,,,31.8,,432,37.8,,"Ferrando C, Vergara P, Jimenez M, Gonalons E (1987) Study of the rate of passage of food with chromium‚Äêmordanted plant cells in chickens (Gallus gallus).¬†Quarterly Journal of Experimental Physiology: Translation and Integration 72:251-259","juvenile chickens, mrt in this study refers to median retention time",rate,n
Gallus gallus,Y,Aves,Galliformes,,Phasianidae,Gallus_gallus,chicken,omnivore,1250,Red junglefowl - Wikipedia,fibers from wheat bran,fiber/foliage,5,1,transit time,,,,144,,,14.4,,384,25.8,,"Ferrando C, Vergara P, Jimenez M, Gonalons E (1987) Study of the rate of passage of food with chromium‚Äêmordanted plant cells in chickens (Gallus gallus).¬†Quarterly Journal of Experimental Physiology: Translation and Integration 72:251-260","juvenile chickens, mrt in this study refers to median retention time",rate,n
Gallus gallus,Y,Aves,Galliformes,,Phasianidae,Gallus_gallus,chicken,omnivore,1250,Red junglefowl - Wikipedia,fibers from wheat bran,fiber/foliage,5,1,transit time,,,,108,,,10.2,,324,31.2,,"Ferrando C, Vergara P, Jimenez M, Gonalons E (1987) Study of the rate of passage of food with chromium‚Äêmordanted plant cells in chickens (Gallus gallus).¬†Quarterly Journal of Experimental Physiology: Translation and Integration 72:251-261","juvenile chickens, mrt in this study refers to median retention time",rate,n
Gallus gallus,Y,Aves,Galliformes,,Phasianidae,Gallus_gallus,chicken,omnivore,1250,Red junglefowl - Wikipedia,fiber from rice husk,fiber/foliage,5,1,transit time,,,,138,,,16.2,,510,35.4,,"Ferrando C, Vergara P, Jimenez M, Gonalons E (1987) Study of the rate of passage of food with chromium‚Äêmordanted plant cells in chickens (Gallus gallus).¬†Quarterly Journal of Experimental Physiology: Translation and Integration 72:251-262","juvenile chickens, mrt in this study refers to median retention time",rate,n
Gallus gallus,Y,Aves,Galliformes,,Phasianidae,Gallus_gallus,chicken,omnivore,1250,Red junglefowl - Wikipedia,fiber from rice husk,fiber/foliage,5,1,transit time,,,,150,,,27.6,,492,57.6,,"Ferrando C, Vergara P, Jimenez M, Gonalons E (1987) Study of the rate of passage of food with chromium‚Äêmordanted plant cells in chickens (Gallus gallus).¬†Quarterly Journal of Experimental Physiology: Translation and Integration 72:251-263","juvenile chickens, mrt in this study refers to median retention time",rate,n
Gallus gallus,Y,Aves,Galliformes,,Phasianidae,Gallus_gallus,chicken,omnivore,1250,Red junglefowl - Wikipedia,fiber from rice husk,fiber/foliage,5,1,transit time,,,,96,,,13.8,,306,21.6,,"Ferrando C, Vergara P, Jimenez M, Gonalons E (1987) Study of the rate of passage of food with chromium‚Äêmordanted plant cells in chickens (Gallus gallus).¬†Quarterly Journal of Experimental Physiology: Translation and Integration 72:251-264","juvenile chickens, mrt in this study refers to median retention time",rate,n
Gallus gallus domesticus,Y,Aves,Galliformes,637.9,Phasianidae,Gallus_gallus,domestic chicken,omnivore,2580.2,https://animaldiversity.org/accounts/Gallus_gallus/,corn-soy-vitamin mixture with chromic oxide marker,fiber/foliage,8,1,"TT: transit time, time from feeding to first appearance in feces",,,,191.6666667,,,21.385353,,,,,Buyse et al 1993,mean across three different photo period experiments,,Yes
Gallus gallus domesticus,Y,Aves,Galliformes,637.9,Phasianidae,Gallus_gallus,domestic chicken,omnivore,2580.2,https://animaldiversity.org/accounts/Gallus_gallus/,"sorghum, peanut-meal and soybrean meal with marker",fiber/foliage,18,4,TT: time from feeding to first appearance of marker in feces,,,,139.7,,,11.28,,372.7,9.66,,Chee et al 2010,"reported mean from all trials since diets were not signifcantly different (my value was way different from Cara's 391.285714, 674.270132 SD); mrt: when 50% of the marker was excreted",,Yes
Gallus gallus domesticus,Y,Aves,Galliformes,637.9,Phasianidae,Gallus_gallus,domestic chicken,omnivore,2580.2,https://animaldiversity.org/accounts/Gallus_gallus/,wheat bran and rice husk with marker,fiber/foliage,30,1,T0: time from feeding to first appearance of marker in feces,,,,132,,,19,,408,34.9,,Ferrando et al 1986,reported mean across all food types (all size varying in rice/bran/wheat husk); calculated values from results table,,Yes
Gallus gallus domesticus,Y,Aves,Galliformes,637.9,Phasianidae,Gallus_gallus,domestic chicken,omnivore,2580.2,https://animaldiversity.org/accounts/Gallus_gallus/,corn-soy-vitamin mixture with chromic oxide marker,fiber/foliage,120,1,Transit time: time from feeding marker to first appearance of marker in feces,,,,192,,,3.559026084,,,,,Golian and Maurice 1992,mean across all percent supplemental fat trials (no differences calculated among them),,Yes
Gallus gallus domesticus,Y,Aves,Galliformes,637.9,Phasianidae,Gallus_gallus,domestic chicken,omnivore,2580.2,https://animaldiversity.org/accounts/Gallus_gallus/,corn-soy-vitamin mixture with chromic oxide marker,fiber/foliage,35,1,Gut Passage Time: mean of eating to time of first sighting in feces,,,,193,,,,,,,,Mateo et al 1980,mean of only 0% fat diet reported since significant differences reported among diets,,Yes
Gallus gallus domesticus,Y,Aves,Galliformes,637.9,Phasianidae,Gallus_gallus,domestic chicken,omnivore,2580.2,https://animaldiversity.org/accounts/Gallus_gallus/,corn-soy-vitamin mixture,fiber/foliage,16,1,Gut Passage Time: mean of eating to time of first sighting in feces,,,,191.25,,,6.05,,,,,McKenzie et al 1986,mean of gut passage time for controls at all time points (extracted data from points),,Yes
Gallus gallus domesticus,Y,Aves,Galliformes,637.9,Phasianidae,Gallus_gallus,domestic chicken,omnivore,2580.2,https://animaldiversity.org/accounts/Gallus_gallus/,corn-soy-vitamin mixture with chromic oxide marker,fiber/foliage,6,1,Transit time: time from beginning of feeding to first sight of marker in feces,,,,68.8,,,3.75,,,,,Nasir et al 1999,mean reported in sham-operated (control) individuals,,Yes
Gallus gallus domesticus,Y,Aves,Galliformes,,Phasianidae,Gallus_gallus,broiler chicken,omnivore,203,,soybean diet/cornmeal diet,fiber/foliage,120,2,retention time,,,,,,,,,338,10.8,,"Shires A, Thompson JR, Turner BV, Kennedy PM, Goh YK (1987) Rate of passage of corn-canola meal and corn-soybean meal diets through the gastrointestinal tract of broiler and white leghorn chickens.¬†Poultry Science 66:289-298",,gastrointestinal,no
Gallus gallus domesticus,Y,Aves,Galliformes,,Phasianidae,Gallus_gallus,white leghorn chicken,omnivore,115,,soybean diet/cornmeal diet,fiber/foliage,120,2,retention time,,,,,,,,,359.9,10.8,,"Shires A, Thompson JR, Turner BV, Kennedy PM, Goh YK (1987) Rate of passage of corn-canola meal and corn-soybean meal diets through the gastrointestinal tract of broiler and white leghorn chickens.¬†Poultry Science 66:289-299",,gastrointestinal,no
Gazella gazella,N,Mammalia,Artiodactyla,,Bovidae,Gazella_gazella,Idmi gazelle,folivore,16400,,"lucerene, grass hay, wheat bran + Cr particle marker",fiber/foliage,5,1,mean retention time,,,,,,,,,1950,204,,Dittmann et al. (2015b),,N,N
Gazella gazella,N,Mammalia,Artiodactyla,,Bovidae,Gazella_gazella,Idmi gazelle,folivore,16400,,"lucerene, grass hay, wheat bran + Co-EDTA liquid marker",fiber/foliage,5,1,mean retention time,,,,,,,,,1554,132,,Dittmann et al. (2015b),,N,N
Gazella spekei,N,Mammalia,Artiodactyla,,Bovidae,Gazella_spekei,Speke's gazelle,folivore,13000,,"lucerene, grass hay, wheat bran + Cr particle marker",fiber/foliage,5,1,mean retention time,,,,,,,,,1308,222,,Dittmann et al. (2015b),,N,N
Gazella spekei,N,Mammalia,Artiodactyla,,Bovidae,Gazella_spekei,Speke's gazelle,folivore,13000,,"lucerene, grass hay, wheat bran + Co-EDTA liquid marker",fiber/foliage,5,1,mean retention time,,,,,,,,,1074,138,,Dittmann et al. (2015b),,N,N
Gazella subgutturosa marica,N,Mammalia,Artiodactyla,,Bovidae,Gazella,Rheem gazelle,folivore,17600,,"lucerene, grass hay, wheat bran + Cr particle marker",fiber/foliage,7,1,mean retention time,,,,,,,,,2442,294,,Dittmann et al. (2015b),,N,N
Gazella subgutturosa marica,N,Mammalia,Artiodactyla,,Bovidae,Gazella,Rheem gazelle,folivore,17600,,"lucerene, grass hay, wheat bran + Co-EDTA liquid marker",fiber/foliage,7,1,mean retention time,,,,,,,,,1578,216,,Dittmann et al. (2015b),,N,N
Giraffa camelopardalis,N,Mammalia,Artiodactyla,188,Giraffidae,Giraffa_reticulata,giraffe,folivore,665200,,wheat brain + Co-EDTA,fiber/foliage,12,,mean retention time,,,,,,,,,2240.4,236.4,,Przybylo et al 2019,,no,No
Giraffa camelopardalis,N,Mammalia,Artiodactyla,188,Giraffidae,Giraffa_reticulata,giraffe,folivore,665200,,wheat brain + chromium mordanted fiber,fiber/foliage,12,,mean retention time,,,,,,,,,2319,266.4,,Przybylo et al 2019,,no,No
Giraffa camelopardalis,N,Mammalia,Artiodactyla,,Giraffidae,Giraffa_reticulata,giraffe,folivore,850000,,lucerene hay/browse + Co-EDTA liquid marker,fiber/foliage,3,1,mean retention time,,,,,,,,,2023.8,,,Clauss et al. (1998),,Y,N
Giraffa camelopardalis,N,Mammalia,Artiodactyla,,Giraffidae,Giraffa_reticulata,giraffe,folivore,850000,,lucerene hay/browse + Cr particle marker,fiber/foliage,3,1,mean retention time,,,,,,,,,2401.8,,,Clauss et al. (1998),,Y,N
Giraffa camelopardalis,N,Mammalia,Artiodactyla,,Giraffidae,Giraffa_reticulata,giraffe,folivore,1555000,https://animaldiversity.org/accounts/Giraffa_camelopardalis/,"oat, wheat, clover hay + Co-EDTA liquid marker",fiber/foliage,3,1,mean retention time,,,,,,,,,1860,,,Hatt et al. (1998),,N,N
Giraffa camelopardalis,N,Mammalia,Artiodactyla,,Giraffidae,Giraffa_reticulata,giraffe,folivore,1555000,https://animaldiversity.org/accounts/Giraffa_camelopardalis/,"oat, wheat, clover hay + C36 alkane particle marker",fiber/foliage,3,1,mean retention time,,,,,,,,,2460,,,Hatt et al. (1998),,N,N
Giraffa camelopardalis,N,Mammalia,Artiodactyla,,Giraffidae,Giraffa_reticulata,giraffe,folivore,1555000,https://animaldiversity.org/accounts/Giraffa_camelopardalis/,"oat, wheat, clover hay + C29 alkane particle marker",fiber/foliage,3,1,mean retention time,,,,,,,,,2580,,,Hatt et al. (1998),,N,N
Gorilla gorilla,N,Mammalia,Primates,,Hominidae,Gorilla_gorilla,gorilla,frugivore,112300,,mixed fruits and vegetables,fruit/nectar/pollen,4,2,transit time/retention time,,,,2203.8,,,268.8,,4462.2,292.8,,"Remis MJ, Dierenfeld ES (2004) Digesta passage, digestibility and behavior in captive gorillas under two dietary regimes. International Journal of Primatology 25:825-845",,time,no
Gorilla gorilla,N,Mammalia,Primates,,Hominidae,Gorilla_gorilla,gorilla,herbivore,103000,,mixed fruit/veggies/bread/etc + plastic particle marker,fruit/nectar/pollen,2,1,TT,,,,2220,,,,,,,,Milton (1984),averaged across range,N,N
Gorilla gorilla,N,Mammalia,Primates,,Hominidae,Gorilla_gorilla,Western lowland gorilla,frugivore,105000,Western lowland gorilla - Wikipedia,Fruits,fruit/nectar/pollen,5,5,mean retention time,,,,480,,,,,3036,1686,,"Petre, Charles-Albert & Tagg, Nikki & Beudels-Jamar, Roseline & Haurez, Barbara & Doucet, Jean-Louis. (2015). Western lowland gorilla seed dispersal: Are seeds adapted to long gut retention times?. Acta Oecologica. 67. 59-65. 10.1016/j.actao.2015.06.003.",one juvenile used in study,"gut, passage, time",N
Gulosus aristotelis,Y,Aves,Suliformes,,Phalacrocoracidae,,shag,carnivore,1451,,lesser sandeel,meat,5,1,mean retention time,,,,,,,,,270.6,7.8,,"Hilton GM, Houston DC, Furness RW (1998) Which components of diet quality affect retention time of digesta in seabirds?¬†Functional Ecology¬†12:929-959",,"gut,time",n
Gulosus aristotelis,Y,Aves,Suliformes,,Phalacrocoracidae,,shag,carnivore,1451,,small whiting,meat,5,1,mean retention time,,,,,,,,,324.6,21.6,,"Hilton GM, Houston DC, Furness RW (1998) Which components of diet quality affect retention time of digesta in seabirds?¬†Functional Ecology¬†12:929-960",,"gut,time",n
Gulosus aristotelis,Y,Aves,Suliformes,,Phalacrocoracidae,,shag,carnivore,1451,,sandeel,meat,,1,mean retention time,,,,73.5,,,17.9,,396.6,37.2,,"Hilton GM, Furness RW, Houston DC (2000) A comparative study of digestion in North Atlantic seabirds.¬†Journal of Avian Biology 31:36-46",could not find number of birds,"gut, passage, time",n
Gulosus aristotelis,Y,Aves,Suliformes,,Phalacrocoracidae,,shag,carnivore,1451,,whiting,meat,,1,mean retention time,,,,56.8,,,5.9,,438.6,63.6,,"Hilton GM, Furness RW, Houston DC (2000) A comparative study of digestion in North Atlantic seabirds.¬†Journal of Avian Biology 31:36-47",could not find number of birds,"gut, passage, time",n
Haliaeetus leucocephalus,Y,Aves,Falconiformes,,Accipitridae,Haliaeetus_leucocephalus,bald eagle,carnivore,4300,Haliaeetus leucocephalus (bald eagle) | INFORMATION | Animal Diversity Web,lab mice,meat,3,1,meal to pellet interval,,,,21.74,,,1.3,,,,,"Duke GE, Evanson OA, Jegers A (1976) Meal to pellet intervals in 14 species of captive raptors.¬†Comparative Biochemistry and Physiology A¬†53:1-6","some birds were fed at two different times, this did not seem to have any significant impact on the excretion time (so with the exception of the caracara which was only fed at 1100) all numbers reflected are from the 0900 feeding",,n
Hapalemur griseus,N,Mammalia,Primates,174.3696,Lemuridae,Hapalemur_aureus,Eastern lesser bamboo lemur,folivore,1050,mean of initial and final mass reported in paper,insoluble to soluble fiber diet,fiber/foliage,6,2,"TT: transit time, time from feeding to first appearance of marker in feces",,,,1816.8,,,81,,2801.4,147,,Campbell et al 2004,mean of Co and Cr values per species,,Yes
Hemiphaga novaeseelandiae,Y,Aves,Columbiformes,,Columbidae,Hemiphaga_novaeseelandiae,New Zealand pigeons,,630,Kerer≈´ | New Zealand pigeon | New Zealand Birds Online,ripe miro fruits,fruit/nectar/pollen,2,3,transit time,,,,,,,,,95.4,25.6,,"Clout MN, Tilley JAV (1992) Germination of miro (Prumnopitys ferruginea) seeds after consumption by New Zealand pigeons (Hemiphaga novaeseelandiae).¬†New Zealand Journal of Botany 30:25-28",,,n
Hexaprotodon liberiensis,N,Mammalia,Artiodactyla,,Hippopotamidae,Hexaprotodon_liberiensis,pygmy hippopotamus,folivore,238000,,"lucerene hay, lucerene hay + Cr particle marker",fiber/foliage,4,1,mean retention time,,,,,,,,,4020,1560,,Clauss et al. (2004),,Y,N
Hippopotamus amphibius,N,Mammalia,Artiodactyla,,Hippopotamidae,Hippopotamus_amphibius,common hippopotamus,folivore,2175000,,"grass hay, lucerene hay + Cr particle marker",fiber/foliage,4,1,mean retention time,,,,,,,,,4260,1200,,Clauss et al. (2004),,Y,N
Hippotragus niger,N,Mammalia,Artiodactyla,,Bovidae,Hippotragus_niger,Sable antelope,herbivore,229000,Hippotragus niger (mbarapi) | INFORMATION | Animal Diversity Web,grass hay w/particle marker,fiber/foliage,3,1,retention time,,,,,,,,,3240,900,,"Steuer P, S√ºdekum K-H, M√ºller DWH, Franz R, Kaandorp J, Clauss M, Hummel J (2011) Is there an influence of body mass on digesta mean retention time in herbivores? A comparative study on ungulates. Comparative Biochemistry and Physiology A 160:355-372",,"gut, time",no
Hippotragus niger,N,Mammalia,Artiodactyla,,Bovidae,Hippotragus_niger,Sable antelope,herbivore,229000,Hippotragus niger (mbarapi) | INFORMATION | Animal Diversity Web,grass hay w/ fluid marker,fiber/foliage,3,1,retention time,,,,,,,,,2220,786,,"Steuer P, S√ºdekum K-H, M√ºller DWH, Franz R, Kaandorp J, Clauss M, Hummel J (2011) Is there an influence of body mass on digesta mean retention time in herbivores? A comparative study on ungulates. Comparative Biochemistry and Physiology A 160:355-373",,"gut, time",no
Homo sapien,N,Mammalia,Primates,,Hominidae,Homo_sapiens,human,omnivore,67700,Human body weight - Wikipedia,coarse bran,fiber/foliage,12,1,transit time,,,,2148,,,,,,,,"Wrick KL, Robertson JB, Van Soest PJ, Lewis BA, Rivers JM, Roe DA, Hackler LR. The influence of dietary fiber source on human intestinal transit and stool output. J Nutr. 1983 Aug;113(8):1464-79. doi: 10.1093/jn/113.8.1464. PMID: 6308191.",Transit time reported from pellet marker results,"transit, time",N
Homo sapien,N,Mammalia,Primates,,Hominidae,Homo_sapiens,human,omnivore,67700,Human body weight - Wikipedia,fine bran,fiber/foliage,12,1,transit time,,,,3090,,,,,,,,"Wrick KL, Robertson JB, Van Soest PJ, Lewis BA, Rivers JM, Roe DA, Hackler LR. The influence of dietary fiber source on human intestinal transit and stool output. J Nutr. 1983 Aug;113(8):1464-79. doi: 10.1093/jn/113.8.1464. PMID: 6308191.",Transit time reported from pellet marker results,"transit, time",N
Homo sapien,N,Mammalia,Primates,,Hominidae,Homo_sapiens,human,omnivore,67700,Human body weight - Wikipedia,cellulose,fiber/foliage,12,1,transit time,,,,2820,,,,,,,,"Wrick KL, Robertson JB, Van Soest PJ, Lewis BA, Rivers JM, Roe DA, Hackler LR. The influence of dietary fiber source on human intestinal transit and stool output. J Nutr. 1983 Aug;113(8):1464-79. doi: 10.1093/jn/113.8.1464. PMID: 6308191.",Transit time reported from pellet marker results,"transit, time",N
Homo sapien,N,Mammalia,Primates,,Hominidae,Homo_sapiens,human,omnivore,67700,Human body weight - Wikipedia,cabbage,fiber/foliage,12,1,transit time,,,,3510,,,,,,,,"Wrick KL, Robertson JB, Van Soest PJ, Lewis BA, Rivers JM, Roe DA, Hackler LR. The influence of dietary fiber source on human intestinal transit and stool output. J Nutr. 1983 Aug;113(8):1464-79. doi: 10.1093/jn/113.8.1464. PMID: 6308191.",Transit time reported from pellet marker results,"transit, time",N
Homo sapien,N,Mammalia,Primates,,Hominidae,Homo_sapiens,human,omnivore,67700,Human body weight - Wikipedia,basal,fiber/foliage,12,1,transit time,,,,3390,,,,,,,,"Wrick KL, Robertson JB, Van Soest PJ, Lewis BA, Rivers JM, Roe DA, Hackler LR. The influence of dietary fiber source on human intestinal transit and stool output. J Nutr. 1983 Aug;113(8):1464-79. doi: 10.1093/jn/113.8.1464. PMID: 6308191.",Transit time reported from pellet marker results,"transit, time",N
Homo sapiens,N,Mammalia,Primates,,Hominidae,Homo_sapiens,human,omnivore,67000,,mixed fruit/veggies/bread/etc + plastic particle marker,protein,3,1,TT,,,,1560,,,,60,,,,Milton (1984),,N,N
Hydrochoerus hydrochaeris,N,Mammalia,Rodentia,,Caviidae,Hydrochoerus_hydrochaeris,capybara,folivore,37333,,grass forage + Co liquid marker,fiber/foliage,12,1,MRT,,,,,,,,,2220,786,,Kiani et al. (2019),,N,N
Hydrochoerus hydrochaeris,N,Mammalia,Rodentia,,Caviidae,Hydrochoerus_hydrochaeris,capybara,folivore,37333,,grass forage + 2mm Cr particle marker,fiber/foliage,12,1,MRT,,,,,,,,,1752,489,,Kiani et al. (2019),,N,N
Hydrochoerus hydrochaeris,N,Mammalia,Rodentia,,Caviidae,Hydrochoerus_hydrochaeris,capybara,folivore,37444,,grass forage + 10mm Ce particle marker,fiber/foliage,9,1,MRT,,,,,,,,,2190,493.8,,Kiani et al. (2019),,N,N
Hydrochoerus hydrochaeris,N,Mammalia,Rodentia,,Caviidae,Hydrochoerus_hydrochaeris,capybara,folivore,36250,,grass forage + 20 mm La particle marker,fiber/foliage,4,1,MRT,,,,,,,,,2106,574.2,,Kiani et al. (2019),,N,N
Hydrurga leptonyx,N,Mammalia,Carnivora,,Phocidae,Hydrurga_leptonyx,leopard seals,carnivore,262000,,"mullet, mackerel, yellowtail, herring, whiting, pilchards + large bead marker",meat,3,4,transit time; MRT,918,,,4384,,2790,,,5146,,,Hall-Aspland et al. (2011),,Y,N
Hydrurga leptonyx,N,Mammalia,Carnivora,,Phocidae,Hydrurga_leptonyx,leopard seals,carnivore,262000,,"mullet, mackerel, yellowtail, herring, whiting, pilchards + small bead marker",meat,1,9,transit time; MRT,1026,,,1230,,1632,,,3600,,,Hall-Aspland et al. (2011),,Y,N
Hydrurga leptonyx,N,Mammalia,Carnivora,,Phocidae,Hydrurga_leptonyx,leopard seals,carnivore,262000,,"mullet, mackerel, yellowtail, herring, whiting, pilchards + titanium dioxide",meat,1,1,transit time; MRT,,,,1080,,,,,2280,,,Hall-Aspland et al. (2011),,Y,N
Hylobates lar,N,Mammalia,Primates,,Hylobatidae,Hylobates_lar,white-handed gibbon,frugivore/nectivore,5960,,"greens, leaves, dragon fruit seeds (low fiber diet)",fiber/foliage,4,5,transit time; MRT,,,,960,,,,0,1236,,36,Chang et al. (2016),,N,N
Hylobates lar,N,Mammalia,Primates,,Hylobatidae,Hylobates_lar,white-handed gibbon,frugivore/nectivore,5960,,"greens, leaves, dragon fruit seeds (high fiber diet)",fiber/foliage,4,5,transit time; MRT,,,,960,,,,0,1470,,36,Chang et al. (2016),,N,N
Hypsipetes amaurotis,Y,Aves,Passeriformes,,Pycnonotidae,Hypsipetes_leucocephalus,Brown-eared bulbul,omnivore,75,Brown-eared Bulbul - Hypsipetes amaurotis - Birds of the World,Aucuba japonica seeds,fiber/foliage,7,32,mean retention time,,,,,,,,,11.6,4.9,,Fukui A (2003) Relationship between seed retention time in bird's gut and fruit characteristics.¬†Ornithological Science 2:41-48,,"gut, time",n
Hypsipetes amaurotis,Y,Aves,,,Pycnonotidae,Hypsipetes_leucocephalus,Brown-eared bulbul,omnivore,75,Brown-eared Bulbul - Hypsipetes amaurotis - Birds of the World,Daphniphyllum seeds,fiber/foliage,7,17,mean retention time,,,,,,,,,15.7,5.5,,Fukui A (2003) Relationship between seed retention time in bird's gut and fruit characteristics.¬†Ornithological Science 2:41-49,,"gut, time",n
Hypsipetes amaurotis,Y,Aves,,,Pycnonotidae,Hypsipetes_leucocephalus,Brown-eared bulbul,omnivore,75,Brown-eared Bulbul - Hypsipetes amaurotis - Birds of the World,Elaegnus umbellata seeds,fiber/foliage,7,4,mean retention time,,,,,,,,,19.8,7.2,,Fukui A (2003) Relationship between seed retention time in bird's gut and fruit characteristics.¬†Ornithological Science 2:41-50,,"gut, time",n
Hypsipetes amaurotis,Y,Aves,,,Pycnonotidae,Hypsipetes_leucocephalus,Brown-eared bulbul,omnivore,75,Brown-eared Bulbul - Hypsipetes amaurotis - Birds of the World,Cinnamomum camphora seeds,fiber/foliage,7,9,mean retention time,,,,,,,,,13.1,7.8,,Fukui A (2003) Relationship between seed retention time in bird's gut and fruit characteristics.¬†Ornithological Science 2:41-51,,"gut, time",n
Hypsipetes amaurotis,Y,Aves,,,Pycnonotidae,Hypsipetes_leucocephalus,Brown-eared bulbul,omnivore,75,Brown-eared Bulbul - Hypsipetes amaurotis - Birds of the World,Paederia scandens seeds,fiber/foliage,7,3,mean retention time,,,,,,,,,24.2,3.6,,Fukui A (2003) Relationship between seed retention time in bird's gut and fruit characteristics.¬†Ornithological Science 2:41-52,,"gut, time",n
Hypsipetes amaurotis,Y,Aves,,,Pycnonotidae,Hypsipetes_leucocephalus,Brown-eared bulbul,omnivore,75,Brown-eared Bulbul - Hypsipetes amaurotis - Birds of the World,Ligustrum japonicum seeds,fiber/foliage,7,4,mean retention time,,,,,,,,,12.1,7.4,,Fukui A (2003) Relationship between seed retention time in bird's gut and fruit characteristics.¬†Ornithological Science 2:41-53,,"gut, time",n
Hypsipetes amaurotis,Y,Aves,,,Pycnonotidae,Hypsipetes_leucocephalus,Brown-eared bulbul,omnivore,75,Brown-eared Bulbul - Hypsipetes amaurotis - Birds of the World,cornus florida seeds,fiber/foliage,7,6,mean retention time,,,,,,,,,13.1,6,,Fukui A (2003) Relationship between seed retention time in bird's gut and fruit characteristics.¬†Ornithological Science 2:41-54,,"gut, time",n
Hypsipetes amaurotis,Y,Aves,,,Pycnonotidae,Hypsipetes_leucocephalus,Brown-eared bulbul,omnivore,75,Brown-eared Bulbul - Hypsipetes amaurotis - Birds of the World,nandina domestica seeds,fiber/foliage,7,6,mean retention time,,,,,,,,,20.8,5.4,,Fukui A (2003) Relationship between seed retention time in bird's gut and fruit characteristics.¬†Ornithological Science 2:41-55,,"gut, time",n
Hypsipetes amaurotis,Y,Aves,,,Pycnonotidae,Hypsipetes_leucocephalus,Brown-eared bulbul,omnivore,75,Brown-eared Bulbul - Hypsipetes amaurotis - Birds of the World,Viburnum dilatum seeds,fiber/foliage,7,4,mean retention time,,,,,,,,,28,15.5,,Fukui A (2003) Relationship between seed retention time in bird's gut and fruit characteristics.¬†Ornithological Science 2:41-56,,"gut, time",n
Hypsipetes amaurotis,Y,Aves,,,Pycnonotidae,Hypsipetes_leucocephalus,Brown-eared bulbul,omnivore,75,Brown-eared Bulbul - Hypsipetes amaurotis - Birds of the World,Ilex crenata seeds,fiber/foliage,7,4,mean retention time,,,,,,,,,21.5,12,,Fukui A (2003) Relationship between seed retention time in bird's gut and fruit characteristics.¬†Ornithological Science 2:41-57,,"gut, time",n
Hypsipetes amaurotis,Y,Aves,,,Pycnonotidae,Hypsipetes_leucocephalus,Brown-eared bulbul,omnivore,75,Brown-eared Bulbul - Hypsipetes amaurotis - Birds of the World,Celastrus orbiculatus,fiber/foliage,7,4,mean retention time,,,,,,,,,26.9,10.6,,Fukui A (2003) Relationship between seed retention time in bird's gut and fruit characteristics.¬†Ornithological Science 2:41-58,,"gut, time",n
Hypsipetes amaurotis,Y,Aves,,,Pycnonotidae,Hypsipetes_leucocephalus,Brown-eared bulbul,omnivore,75,Brown-eared Bulbul - Hypsipetes amaurotis - Birds of the World,Phytolacca americana seeds,fiber/foliage,7,11,mean retention time,,,,,,,,,21.1,16.7,,Fukui A (2003) Relationship between seed retention time in bird's gut and fruit characteristics.¬†Ornithological Science 2:41-59,,"gut, time",n
Hypsipetes amaurotis,Y,Aves,,,Pycnonotidae,Hypsipetes_leucocephalus,Brown-eared bulbul,omnivore,75,Brown-eared Bulbul - Hypsipetes amaurotis - Birds of the World,Ilex serrate seeds,fiber/foliage,7,4,mean retention time,,,,,,,,,16.8,11.5,,Fukui A (2003) Relationship between seed retention time in bird's gut and fruit characteristics.¬†Ornithological Science 2:41-60,,"gut, time",n
Hypsipetes amaurotis,Y,Aves,,,Pycnonotidae,Hypsipetes_leucocephalus,Brown-eared bulbul,omnivore,75,Brown-eared Bulbul - Hypsipetes amaurotis - Birds of the World,Pyracantha angustifolia seeds,fiber/foliage,7,8,mean retention time,,,,,,,,,16.7,17.2,,Fukui A (2003) Relationship between seed retention time in bird's gut and fruit characteristics.¬†Ornithological Science 2:41-61,,"gut, time",n
Hypsipetes amaurotis,Y,Aves,,,Pycnonotidae,Hypsipetes_leucocephalus,Brown-eared bulbul,omnivore,75,Brown-eared Bulbul - Hypsipetes amaurotis - Birds of the World,Callicarpa mollis seeds,fiber/foliage,7,4,mean retention time,,,,,,,,,41.5,14.4,,Fukui A (2003) Relationship between seed retention time in bird's gut and fruit characteristics.¬†Ornithological Science 2:41-62,,"gut, time",n
Hypsipetes amaurotis,Y,Aves,,,Pycnonotidae,Hypsipetes_leucocephalus,Brown-eared bulbul,omnivore,75,Brown-eared Bulbul - Hypsipetes amaurotis - Birds of the World,Eurya japonica seeds,fiber/foliage,7,6,mean retention time,,,,,,,,,21.1,7.9,,Fukui A (2003) Relationship between seed retention time in bird's gut and fruit characteristics.¬†Ornithological Science 2:41-63,,"gut, time",n
Hystrix indica,N,Mammalia,Rodentia,,Hystricidae,Hystrix_indica,Indian crested porcupine,folivore,16100,,lucerene pellets + liquid marker,fiber/foliage,3,1,mean retention time,,,,,,,,,1584,,,Hagen et al. (2019b),,N,N
Hystrix indica,N,Mammalia,Rodentia,,Hystricidae,Hystrix_indica,Indian crested porcupine,folivore,16100,,lucerene pellets + <2 mm particle marker,fiber/foliage,3,1,mean retention time,,,,,,,,,1890,,,Hagen et al. (2019b),,N,N
Hystrix indica,N,Mammalia,Rodentia,,Hystricidae,Hystrix_indica,Indian crested porcupine,folivore,16100,,lucerene pellets + 10 mm particle marker,fiber/foliage,3,1,mean retention time,,,,,,,,,1608,,,Hagen et al. (2019b),,N,N
Hystrix indica,N,Mammalia,Rodentia,,Hystricidae,Hystrix_indica,Indian crested porcupine,folivore,16100,,lucerene pellets + 20 mm particle marker,fiber/foliage,3,1,mean retention time,,,,,,,,,1572,,,Hagen et al. (2019b),,N,N
Iguana iguana,N,Reptilia,Squamata,637.9,Iguanidae,Iguana_iguana,Green iguana,folivore,2350,mass as reported in paper,25% weight-by-volume suspension,fiber/foliage,5,,first excretia of marker,2160,,4320,3744,,4320,870,,,,,Smith et al 2001,reported in table 2,,Yes
Inia geoffrensis,N ,Mammalia,Cetacea,,Iniidae,Inia_geoffrensis,Amazon river dolphin,carnivore,275000,,live/fresh fish + carmine dye liquid marker,meat,3,6,TT (referred to as passage time),,,,,,,,,250,,,Kastelein et al. (1999),mass averaged from estimated masses; trials not evenly distributed amongst individuals,Y,N
Isoodon macrourus,N,Mammalia,Peramelemorphia,320,Peramelidae,Isoodon_macrourus,northern brown bandicoot,omnivore,1368,mean of initial and final masses,Co-EDTA or Cr-cell walls in protein slush,protein,5,1,transit time: time from beginning of feeding to first sight of marker in feces,,,,351,,,48,,1626,312,,McClelland et al 1999,mean of two markers presented,,Yes
Isoodon macrourus,N,Mammalia,Peramelemorphia,320,Peramelidae,Isoodon_macrourus,northern brown bandicoot,omnivore,977.5,mean of initial and final masses,Co-EDTA or Cr-cell walls in protein slush,fiber/foliage,5,1,transit time: time from beginning of feeding to first sight of marker in feces,,,,90,,,54,,1122,315,,McClelland et al 1999,mean of two markers presented,,Yes
Isoodon macrourus,N,Mammalia,Peramelemorphia,,Peramelidae,Isoodon_macrourus,northern brown bandicoot,omnivore,625,,termites,protein,1,1,transit time; MRT,,,,420,,,,,1740,,,Griffiths (1965),,Y,N
Kobus ellipsiprymnus,N,Mammalia,Artiodactyla,188,Bovidae,Kobus_ellipsiprymnus,waterbuck,folivore,173500,,wheat brain + Co-EDTA,fiber/foliage,5,,mean retention time,,,,,,,,,1428,372,,Przybylo et al 2019,,no,No
Kobus ellipsiprymnus,N,Mammalia,Artiodactyla,188,Bovidae,Kobus_ellipsiprymnus,waterbuck,folivore,173500,,wheat brain + chromium mordanted fiber,fiber/foliage,5,,mean retention time,,,,,,,,,2625,726,,Przybylo et al 2019,,no,No
Kobus ellipsiprymnus,N,Mammalia,Artiodactyla,,Bovidae,Kobus_ellipsiprymnus,waterbuck,herbivore,230000,Kobus ellipsiprymnus (waterbuck) | INFORMATION | Animal Diversity Web,grass hay w/particle marker,fiber/foliage,2,1,retention time,,,,,,,,,3120,2520,,"Steuer P, S√ºdekum K-H, M√ºller DWH, Franz R, Kaandorp J, Clauss M, Hummel J (2011) Is there an influence of body mass on digesta mean retention time in herbivores? A comparative study on ungulates. Comparative Biochemistry and Physiology A 160:355-374",,"gut, time",no
Kobus ellipsiprymnus,N,Mammalia,Artiodactyla,,Bovidae,Kobus_ellipsiprymnus,waterbuck,herbivore,230000,Kobus ellipsiprymnus (waterbuck) | INFORMATION | Animal Diversity Web,grass hay w/ fluid marker,fiber/foliage,2,1,retention time,,,,,,,,,1620,1140,,"Steuer P, S√ºdekum K-H, M√ºller DWH, Franz R, Kaandorp J, Clauss M, Hummel J (2011) Is there an influence of body mass on digesta mean retention time in herbivores? A comparative study on ungulates. Comparative Biochemistry and Physiology A 160:355-375",,"gut, time",no
Lagenorhynchus obscurus,N ,Mammalia,Artiodactyla,,Delphinidae,Lagenorhynchus_obscurus,dusky dolphin,carnivore,67500,,"fish, cephalopods + carmine liquid marker",meat,1,12,TT (referred to as passage time),100,,,150,,250,,,,,,Kastelein et al. (2000a),mass averaged from range of weights after age 6 ,Y,N
Lagopus muta,Y,Aves,Galliformes,,Phasianidae,Lagopus_muta,Rock Ptarmigan,herbivore,540,Rock ptarmigan - Wikipedia,CrEDTA marker,unknown,3,1,transit time,54,,186,,,114,,,,,,"Gasaway WC, Holleman DF, White RG (1975) Flow of digesta in the intestine and cecum of the rock ptarmigan.¬†The Condor 77:467-474",no mean transit time or MRT,"gut, passage, time",n
Lagopus muta,Y,Aves,Galliformes,,Phasianidae,Lagopus_muta,Rock Ptarmigan,herbivore,540,Rock ptarmigan - Wikipedia,Ce144 marker,unknown,3,1,transit time,84,,108,,,180,,,,,,"Gasaway WC, Holleman DF, White RG (1975) Flow of digesta in the intestine and cecum of the rock ptarmigan.¬†The Condor 77:467-475",no mean transit time or MRT,"gut, passage, time",n
Lagostomus maximus,N,Mammalia,Rodentia,,Chinchillidae,Lagostomus_maximus,plains viscacha,folivore,3800,,"grass hay, lucerene hay, commercial guinea pig pellets, carrots + Cr particle marker",fiber/foliage,16,1,mean retention time,,,,,,,,,1620,154.9193338,,Hagen et al. (2015),,N,N
Lagostomus maximus,N,Mammalia,Rodentia,,Chinchillidae,Lagostomus_maximus,plains viscacha,folivore,3800,,"grass hay, lucerene hay, commercial guinea pig pellets, carrots + Co particle marker",fiber/foliage,16,1,mean retention time,,,,,,,,,1620,201.9900988,,Hagen et al. (2015),,N,N
Lagothrix lagothricha,N,Mammalia,Primates,,Atelidae,Lagothrix_lagotricha,Woolly Monkey,frugivore,7000,Woolly monkey - Wikipedia,fruit,fruit/nectar/pollen,30,1,passage time,,,,672,,,390,,,,,"Stevenson, P.R. (2000), Seed dispersal by woolly monkeys (Lagothrix lagothricha) at Tinigua National Park, Colombia: Dispersal distance, germination rates, and dispersal quantity. Am. J. Primatol., 50: 275-289. https://doi.org/10.1002/(SICI)1098-2345(200004)50:4<275::AID-AJP4>3.0.CO;2-K",,"passage, rate",N
Lagothrix lagotricha,N,Mammalia,Primates,,Atelidae,Lagothrix_lagotricha,common woolly monkey,omnivore,6500,,mixed fruit/veggies/bread/etc + plastic particle marker,protein,3,1,TT,,,,405,,,,,,,,Milton (1984),,N,N
Lagurus lagurus,N,Mammalia,Rodentia,,Cricetidae,Lagurus_lagurus,steppe lemming,folivore,19.8,,fiber pellets + Co-EDTA liquid marker,fiber/foliage,6,1,mean retention time,,,,,,,,,300,90,,Hagen et al. (2018),,Y,N
Lagurus lagurus,N,Mammalia,Rodentia,,Cricetidae,Lagurus_lagurus,steppe lemming,folivore,19.8,,fiber pellets + Cr particle marker,fiber/foliage,6,1,mean retention time,,,,,,,,,198,54,,Hagen et al. (2018),,Y,N
Lama glama,N,Mammalia,Artiodactyla,188,Camelidae,Lama_glama,llama,folivore,2500,https://extension.psu.edu/how-well-are-they-growing (<1 month old cria),45% weight-by-volume suspension; milk with barium,protein,6,1,first excretia of marker,2880,,,3300,,4320,,,,,,Timm et al 1999,"study was terminated when barium still visible in colon of all crias, so actual duration is likely much longer",,Yes
Lama glama,N,Mammalia,Artiodactyla,,Camelidae,Lama_glama,llama,folivore,148000,,lucerene hay + Co-EDTA liquid marker,fiber/foliage,6,1,mean retention time,,,,,,,,,1740,120,,Dittmann et al. (2015a),,N,N
Lama glama,N,Mammalia,Artiodactyla,,Camelidae,Lama_glama,llama,folivore,148000,,lucerene hay + 2 mm Cr particle marker,fiber/foliage,6,1,mean retention time,,,,,,,,,2400,240,,Dittmann et al. (2015a),,N,N
Lama glama,N,Mammalia,Artiodactyla,,Camelidae,Lama_glama,llama,folivore,148000,,lucerene hay + 10 mm Ce particle marker,fiber/foliage,6,1,mean retention time,,,,,,,,,3480,240,,Dittmann et al. (2015a),,N,N
Lama glama,N,Mammalia,Artiodactyla,,Camelidae,Lama_glama,llama,folivore,148000,,lucerene hay + 20 mm La particle marker,fiber/foliage,6,1,mean retention time,,,,,,,,,3420,180,,Dittmann et al. (2015a),,N,N
Lama guanicoe,N,Mammalia,Artiodactyla,,Camelidae,Lama_guanicoe,guanaco,folivore,135000,,hay + PEG fluid marker,fiber/foliage,2,6,mean retention time,,,,,,,,,2172,,,Heller et al. (1986b),,N,N
Lama guanicoe,N,Mammalia,Artiodactyla,,Camelidae,Lama_guanicoe,guanaco,folivore,135000,,hay + cerium particle marker,fiber/foliage,2,9,mean retention time,,,,,,,,,3594,,,Heller et al. (1986b),,N,N
Lama guanicoe,N,Mammalia,Artiodactyla,,Camelidae,Lama_guanicoe,guanaco,folivore,135000,,hay + samarium particle marker,fiber/foliage,2,9,mean retention time,,,,,,,,,3120,,,Heller et al. (1986b),,N,N
Lama pacos,N,Mammalia,Artiodactyla,,Camelidae,Vicugna_pacos,alpaca,folivore,63000,,lucerene hay + Co-EDTA liquid marker,fiber/foliage,5,1,mean retention time,,,,,,,,,2040,360,,Dittmann et al. (2015a),,N,N
Lama pacos,N,Mammalia,Artiodactyla,,Camelidae,Vicugna_pacos,alpaca,folivore,63000,,lucerene hay + 2 mm Cr particle marker,fiber/foliage,5,1,mean retention time,,,,,,,,,3000,720,,Dittmann et al. (2015a),,N,N
Lama pacos,N,Mammalia,Artiodactyla,,Camelidae,Vicugna_pacos,alpaca,folivore,63000,,lucerene hay + 10 mm Ce particle marker,fiber/foliage,5,1,mean retention time,,,,,,,,,3540,720,,Dittmann et al. (2015a),,N,N
Lanius excubitor,Y,Aves,Passeriformes,,Laniidae,Lanius_excubitor,Great grey shrike,carnivore,65,Great grey shrike - Wikipedia,Lycium intricatum fruits,fruit/nectar/pollen,,,retention time,,,,,,,,,50,,,"Nogales M, Delgado JD, Medina FM (1998) Shrikes, lizards and Lycium intricatum (Solanaceae) fruits: a case of indirect seed dispersal on an oceanic island (Alegranza, Canary Islands).¬†Journal of Ecology 86:866-872",MRT seems to be pulled from a different study,"gut, time",no
Larus smithsonianus,Y,Aves,Charadriiformes,,Laridae,Larus_smithsonianus,herring gull,carnivore,907,,lesser sandeel,meat,5,1,mean retention time,,,,,,,,,300.6,7.2,,"Hilton GM, Houston DC, Furness RW (1998) Which components of diet quality affect retention time of digesta in seabirds?¬†Functional Ecology¬†12:929-949",,"gut,time",n
Larus smithsonianus,Y,Aves,Charadriiformes,,Laridae,Larus_smithsonianus,herring gull,carnivore,907,,small whiting,meat,5,1,mean retention time,,,,,,,,,308.4,21,,"Hilton GM, Houston DC, Furness RW (1998) Which components of diet quality affect retention time of digesta in seabirds?¬†Functional Ecology¬†12:929-950",,"gut,time",n
Larus smithsonianus,Y,Aves,Charadriiformes,,Laridae,Larus_smithsonianus,herring gull,carnivore,907,,sprat,meat,10,1,mean retention time,,,,,,,,,320.4,4.8,,"Hilton GM, Houston DC, Furness RW (1998) Which components of diet quality affect retention time of digesta in seabirds?¬†Functional Ecology¬†12:929-951",,"gut,time",n
Larus smithsonianus,Y,Aves,Charadriiformes,,Laridae,Larus_smithsonianus,herring gull,carnivore,907,,sandeel,meat,,1,mean retention time,,,,61.4,,,7.8,,423,22.8,,"Hilton GM, Furness RW, Houston DC (2000) A comparative study of digestion in North Atlantic seabirds.¬†Journal of Avian Biology 31:36-54",could not find number of birds,"gut, passage, time",n
Larus smithsonianus,Y,Aves,Charadriiformes,,Laridae,Larus_smithsonianus,herring gull,carnivore,907,,whiting,meat,,1,mean retention time,,,,49.4,,,1.6,,433.2,37.2,,"Hilton GM, Furness RW, Houston DC (2000) A comparative study of digestion in North Atlantic seabirds.¬†Journal of Avian Biology 31:36-55",could not find number of birds,"gut, passage, time",n
Lasiopodomys brandtii,N,Mammalia,Rodentia,0,Cricetidae,Lasiopodomys_brandtii,Brandt's vole,folivore,4.9,median of initial + final body mass across both diet regimes,Co-EDTA in apple,fruit/nectar/pollen,11,1,transit time: time from beginning of feeding to first 5% of food in feces,,,,45,,,6,,381,33,,Pei et al. 2001,metrics were the same in both low and high fibre base diet,,Yes
Lasiorhinus latifrons,N,Mammalia,Diprotodontia,,Vombatidae,Lasiorhinus_latifrons,southern hairy-nosed wombat,folivore,26000,,"high fiber ratios: barley straw, ground corn, hydrochloric casein + fluid marker (CrEDTA)",fiber/foliage,4,1,mean retention time,,,,,,,,,1800,300,,Barboza (1993),,N,N
Lasiorhinus latifrons,N,Mammalia,Diprotodontia,,Vombatidae,Lasiorhinus_latifrons,southern hairy-nosed wombat,folivore,26000,,"high fiber ratios: barley straw, ground corn, hydrochloric casein + particulate marker (RuP)",fiber/foliage,4,1,mean retention time,,,,,,,,,3120,300,,Barboza (1993),,N,N
Lasiorhinus latifrons,N,Mammalia,Diprotodontia,,Vombatidae,Lasiorhinus_latifrons,southern hairy-nosed wombat,folivore,26400,,"low fiber ratios: barley straw, ground corn, hydrochloric casein + fluid marker (CrEDTA)",fiber/foliage,4,1,mean retention time,,,,,,,,,2940,1380,,Barboza (1993),,N,N
Lasiorhinus latifrons,N,Mammalia,Diprotodontia,,Vombatidae,Lasiorhinus_latifrons,southern hairy-nosed wombat,folivore,26400,,"low fiber ratios: barley straw, ground corn, hydrochloric casein + particulate marker (RuP)",fiber/foliage,4,1,mean retention time,,,,,,,,,4140,2280,,Barboza (1993),,N,N
Leontopithecus rosalia,N,Mammalia,Primates,,Callitrichidae,Leontopithecus_rosalia,golden lion marmoset,insectivore,600,Golden Lion Tamarin Animal Facts - Leontopithecus rosalia - A-Z Animals,"basic diet (canned marmoset diet, banana, gelatin)",fruit/nectar/pollen,7,2,transit time,,,,310,,,,,,,,"Power ML, Oftedal OT (1996) Differences among captive callitrichids in the digestive responses to dietary gum. American Journal of Primatology 40:131-152",,"transit, time",no
Leontopithecus rosalia,N,Mammalia,Primates,,Callitrichidae,Leontopithecus_rosalia,golden lion marmoset,insectivore,600,Golden Lion Tamarin Animal Facts - Leontopithecus rosalia - A-Z Animals,basic diet w/gum arabic,fruit/nectar/pollen,7,2,transit time,,,,285,,,,,,,,"Power ML, Oftedal OT (1996) Differences among captive callitrichids in the digestive responses to dietary gum. American Journal of Primatology 40:131-153",,"transit, time",no
Leptonycteris curasoae,Y,Mammalia,Chiroptera,188,Phyllostomidae,Leptonycteris_curasoae,Southern long-nosed bat,frugivore/nectarivore,23.3,mean as reported in paper,Columnar cactus,fruit/nectar/pollen,5,1,"TT: transit time, time from feeding to first appearance in feces",50,,,115,,,34.5,,,,,Herrera and Martinez del Rio 1998,Fed pollen solutions,,Yes
Lissonycteris angolensis,Y,Mammalia,Chiroptera,188,Pteropodidae,Lissonycteris_angolensis,Angolan rousette,frugivore/nectarivore,58.5,reported mass,banana with dye,fruit/nectar/pollen,,,first dye in poop,,,,50,,,14,,,,,Wolton et al. 1982,average of times of varius defecations in table 2,,Yes
Litocranius walleri,N,Mammalia,Artiodactyla,188,Bovidae,Litocranius_walleri,gerenuk,folivore,37000,,wheat brain + Co-EDTA,fiber/foliage,1,,mean retention time,,,,,,,,,1830,,,Przybylo et al 2019,,no,No
Litocranius walleri,N,Mammalia,Artiodactyla,188,Bovidae,Litocranius_walleri,gerenuk,folivore,37000,,wheat brain + chromium mordanted fiber,fiber/foliage,1,,mean retention time,,,,,,,,,2856,,,Przybylo et al 2019,,no,No
Lontra canadensis,N,Mammalia,Carnivora,,Mustelidae,Lontra_canadensis,northern river otter,carnivore,9500,animaldiversity.org,fish + glass bead particle markers,meat,9,1,"MRT, TT",,,,441,,,,,513,,,Ormseth and Ben-David (2000),"only control group used, averaged over oiling/non-oiling days",Y,N
Lophocebus albigena,N,Mammalia,Primates,174.3696,Cercopithecidae,Lophocebus_albigena,Gray-cheecked mangabey,frugivore/nectarivore,5300,took median of female: https://www.neprimateconservancy.org/gray-cheeked-mangabey.html,banana,fruit/nectar/pollen,2,2,Transit time: first marker in feces,,,,1362,,,270,,2280,,390,Maisels et al. 1993,reported mean,,Yes
Lotra canadensis,N,Mammalia,Carnivora,,Mustelidae,Lontra_canadensis,north american river otter,carnivore,9800,North American river otter - Wikipedia,Nebraska feline diet,meat,3,1,passage time,,,,188,,,9,,,,,"White SC, Clark DW, Day CD, Sikes RS. Variation in digestive efficiency of captive North American river otters (Lontra canadensis) on various diets. Zoo Biol. 2007 Jan;26(1):41-50. doi: 10.1002/zoo.20116. PMID: 19360560.",,"passage, rate",N
Lotra canadensis,N,Mammalia,Carnivora,,Mustelidae,Lontra_canadensis,north american river otter,carnivore,9800,North American river otter - Wikipedia,Mazuri polar bear diet,meat,3,1,passage time,,,,167,,,9,,,,,"White SC, Clark DW, Day CD, Sikes RS. Variation in digestive efficiency of captive North American river otters (Lontra canadensis) on various diets. Zoo Biol. 2007 Jan;26(1):41-50. doi: 10.1002/zoo.20116. PMID: 19360560.",,"passage, rate",N
Lotra canadensis,N,Mammalia,Carnivora,,Mustelidae,Lontra_canadensis,north american river otter,carnivore,9800,North American river otter - Wikipedia,"fish, eggs, carrots, grapes",meat,3,1,passage time,,,,177,,,9,,,,,"White SC, Clark DW, Day CD, Sikes RS. Variation in digestive efficiency of captive North American river otters (Lontra canadensis) on various diets. Zoo Biol. 2007 Jan;26(1):41-50. doi: 10.1002/zoo.20116. PMID: 19360560.",,"passage, rate",N
Loxodonta africana,N,Mammalia,Proboscidea,,Elephantidae,Loxodonta_africana,african elephant,herbivore,4050000,Loxodonta africana (African bush elephant) | INFORMATION | Animal Diversity Web,grass hay w/particle marker,fiber/foliage,6,1,retention time,,,,,,,,,30,5.2,,"Steuer P, S√ºdekum K-H, M√ºller DWH, Franz R, Kaandorp J, Clauss M, Hummel J (2011) Is there an influence of body mass on digesta mean retention time in herbivores? A comparative study on ungulates. Comparative Biochemistry and Physiology A 160:355-390",,"gut, time",no
Loxodonta africana,N,Mammalia,Proboscidea,,Elephantidae,Loxodonta_africana,african elephant,herbivore,4050000,Loxodonta africana (African bush elephant) | INFORMATION | Animal Diversity Web,grass hay w/ fluid marker,fiber/foliage,6,1,retention time,,,,,,,,,30,1,,"Steuer P, S√ºdekum K-H, M√ºller DWH, Franz R, Kaandorp J, Clauss M, Hummel J (2011) Is there an influence of body mass on digesta mean retention time in herbivores? A comparative study on ungulates. Comparative Biochemistry and Physiology A 160:355-391",,"gut, time",no
Loxodonta africana,N,Mammalia,Proboscidea,,Elephantidae,Loxodonta_africana,African savanna elephant,folivore,4200000,,mango,fruit/nectar/pollen,4,1,mean retention time,900,,,,,3960,,,2082,,,Bunney et al. (2017),GPS telemetry; MRT estimated from gut passage curves,Y,N
Loxodonta africana,N,Mammalia,Proboscidea,,Elephantidae,Loxodonta_africana,African savanna elephant,folivore,4200000,,honeydew melon,fruit/nectar/pollen,4,1,mean retention time,420,,,,,5760,,,2010,,,Bunney et al. (2017),GPS telemetry; MRT estimated from gut passage curves,Y,N
Loxodonta cyclotis,N,Mammalia,Proboscidea,,Elephantidae,Loxodonta_cyclotis,African forest elephant,folivore,4350000,https://animaldiversity.org/accounts/Loxodonta_cyclotis/; average of the range,modified native fruit (Chrysophyllum lacourtianum) seeds,fiber/foliage,1,1,"transit time; reported as gut passage time (GPT), time from ingestion to defecation; based on GPS telemetry: difference in time from the initial feeding event to the time at the nearest elephant location to the dung pile was considered to be the GPT",996,,,2388,,6822,,,,,,Beirnet al. (2019),GPS telemetry and elephant observations,Y,N
Lutra canadensus,N,Mammalia,Carnivora,188,Mustelidae,Lontra_canadensis,Northern river otter,carnivore,9500,mean of 9.3 before trial and 9.7 kg after,"mixed diet mink food, poultry, eggs",protein,12,1,transit time: time from beginning of feeding to first sight of marker in feces,135,,,202,,300,8.8,,,,,Davis et al 1992,"reported as Lutra cacadensis, now Lontra canadensis",,Yes
Lycalopex culpaeus,N,Mammalia,Carnivora,,Canidae,Lycalopex_culpaeus,culpeo fox,omnivore,8700,Lycalopex culpaeus (culpeo) | INFORMATION | Animal Diversity Web,peppertree fruit,fruit/nectar/pollen,5,1,retention time,,,,,,,,,720,42,,"Silva S, Jaksic F, Bozinovic F (2005) Nutritional ecology and digestive response to dietary shift in the large South American fox Pseudalopex culpaeus. Revista Chilena de Historia Natural 78:239-246",,time,no
Lycalopex culpaeus,N,Mammalia,Carnivora,,Canidae,Lycalopex_culpaeus,culpeo fox,omnivore,8700,Lycalopex culpaeus (culpeo) | INFORMATION | Animal Diversity Web,peppertree fruit and live lab rats,mixed,5,1,retention time,,,,,,,,,1128,60,,"Silva S, Jaksic F, Bozinovic F (2005) Nutritional ecology and digestive response to dietary shift in the large South American fox Pseudalopex culpaeus. Revista Chilena de Historia Natural 78:239-247",,time,no
Lycalopex culpaeus,N,Mammalia,Carnivora,,Canidae,Lycalopex_culpaeus,culpeo fox,omnivore,8700,Lycalopex culpaeus (culpeo) | INFORMATION | Animal Diversity Web,live lab rats,meat,5,1,retention time,,,,,,,,,1692,96,,"Silva S, Jaksic F, Bozinovic F (2005) Nutritional ecology and digestive response to dietary shift in the large South American fox Pseudalopex culpaeus. Revista Chilena de Historia Natural 78:239-248",,time,no
Lycalopex gymnocercus,N,Mammalia,Carnivora,,Canidae,Lycalopex_gymnocercus,pampa fox,omnivore,4210,,various fruits,fruit/nectar/pollen,2,1,passage time,275,,,408,,486,72,,,,,"Bucher, E. (2006). Passage time, viability, and germination of seeds ingested by foxes. Journal of Arid Environments. https://doi.org/10.1016/J.JARIDENV.2006.03.013",,"passage, gut, time",N
Macaca cyclopis,N,Mammalia,Primates,,Cercopithecidae,Macaca_cyclopis,Taiwanese macaque,omnivore,8310,,"greens, leaves, dragon fruit seeds (low fiber diet)",fiber/foliage,6,5,transit time; MRT,,,,1032,,,,72,2004,,198,Chang et al. (2016),,N,N
Macaca cyclopis,N,Mammalia,Primates,,Cercopithecidae,Macaca_cyclopis,Taiwanese macaque,omnivore,8310,,"greens, leaves, dragon fruit seeds (high fiber diet)",fiber/foliage,6,5,transit time; MRT,,,,1236,,,,216,2220,,354,Chang et al. (2016),,N,N
Macaca fascicularis,N,Mammalia,Primates,,Cercopthecidae,Macaca_fascicularis,long-tailed macaque,omnivore,4100,Crab-eating macaque - Wikipedia,seeds,fiber/foliage,5,1,mean retention time,,,,,,,,,1.25,,,"Yoshihiro NAKASHIMA, Jumrafiha Abd. SUKOR, Importance of common palm civets (Paradoxurus hermaphroditus) as a long-distance disperser for large-seeded plants in degraded forests, Tropics, 2009, Volume 18, Issue 4, Pages 221-229, Released on J-STAGE August 31, 2010, Online ISSN 1882-5729, Print ISSN 0917-415X, https://doi.org/10.3759/tropics.18.221,",one juvenile,"gut, passage, time",N
Macaca fascicularis,N,Mammalia,Primates,,Cercopithecidae,Macaca_fascicularis,long-tailed macaque,omnivore,4690,,"greens, leaves, dragon fruit seeds (low fiber diet)",fiber/foliage,4,5,transit time; MRT,,,,1146,,,,96,2214,,180,Chang et al. (2016),,N,N
Macaca fascicularis,N,Mammalia,Primates,,Cercopithecidae,Macaca_fascicularis,long-tailed macaque,omnivore,4690,,"greens, leaves, dragon fruit seeds (high fiber diet)",fiber/foliage,4,5,transit time; MRT,,,,1326,,,,186,2268,,180,Chang et al. (2016),,N,N
Macaca fuscata,N,Mammalia,Primates,174.3696,Cercopithecidae,Macaca_fuscata,Japanese macaque,frugivore/nectarivore,8600,median of range reported in paper (6.7-10.5 kg),banana with seed,fruit/nectar/pollen,5,1,transit time: time ingestion to first excretia of marker,1200,,1320,,,1440,,,2160,,,Tsuji et al 2016b,median of range reported in paper,,Yes
Macaca fuscata,N,Mammalia,Primates,174.3696,Cercopithecidae,Macaca_fuscata,Japanese macaque,frugivore/nectarivore,13600,,high fiber diet+ Co-EDTA,fiber/foliage,4,,mean retention time,,,,,,,,,1755.75,198.6855017,,Sawada et al 2011,,yes,No
Macaca fuscata,N,Mammalia,Primates,174.3696,Cercopithecidae,Macaca_fuscata,Japanese macaque,frugivore/nectarivore,13600,,high fiber diet + chromium mordanted fiber,fiber/foliage,4,,mean retention time,,,,,,,,,2107.5,115.8459568,,Sawada et al 2011,,yes,No
Macaca fuscata,N,Mammalia,Primates,174.3696,Cercopithecidae,Macaca_fuscata,Japanese macaque,frugivore/nectarivore,13600,,low fiber diet+ Co-EDTA,fiber/foliage,4,,mean retention time,,,,,,,,,2718,637.4699993,,Sawada et al 2011,,yes,No
Macaca fuscata,N,Mammalia,Primates,174.3696,Cercopithecidae,Macaca_fuscata,Japanese macaque,frugivore/nectarivore,13600,,low fiber diet + chromium mordanted fiber,fiber/foliage,4,,mean retention time,,,,,,,,,2853,560.9186343,,Sawada et al 2011,,yes,No
Macaca fuscata,N,Mammalia,Primates,174.3696,Cercopithecidae,Macaca_fuscata,Japanese macaque,frugivore/nectarivore,9200,,fiberous pellets + Co-EDTA,fiber/foliage,2,,mean retention time,,,,,,,,,1926,7.14177849,,Sawada et al 2012,two adults,no,No
Macaca fuscata,N,Mammalia,Primates,174.3696,Cercopithecidae,Macaca_fuscata,Japanese macaque,frugivore/nectarivore,9200,,fiberous pellets + cell wall constituents,fiber/foliage,2,,mean retention time,,,,,,,,,2643,13.64716088,,Sawada et al 2012,two adults,no,No
Macaca fuscata,N,Mammalia,Primates,,Cercopithecidae,Macaca_fuscata,Japanese Macaque,frugivore,8550,,E. emarginala fruits,fruit/nectar/pollen,4,,mean retention time,,,,,,,,,2346,198,,"OTANI, T. Effects of macaque ingestion on seed destruction and germination of a fleshy-fruited tree,¬†Eurya emarginata.¬†Ecol Res¬†19, 495‚Äì501 (2004). https://doi.org/10.1111/j.1440-1703.2004.00663.x",,"gut, passage",N
Macaca fuscata,N,Mammalia,Primates,,Cercopithecidae,Macaca_fuscata,Japanese Macaque,frugivore,9850,Japanese macaque - Wikipedia,banana,fruit/nectar/pollen,5,8,transit time/mean retention time,1320,,,,,2100,,,2790,,,"Tsuji, Y., Morimoto, M. and Matsubayashi, K. (2010), Effects of the physical characteristics of seeds on gastrointestinal passage time in captive Japanese macaques. Journal of Zoology, 280: 171-176. https://doi.org/10.1111/j.1469-7998.2009.00650.x",,"gut, time",N
Macaca nemestrina,N,Mammalia,Primates,,Cercopthecidae,Macaca_nemestrina,pig-tailed macaque,omnivore,7000,Southern pig-tailed macaque - Wikipedia,seeds,fiber/foliage,5,1,mean retention time,,,,,,,,,2.6,,,"Yoshihiro NAKASHIMA, Jumrafiha Abd. SUKOR, Importance of common palm civets (Paradoxurus hermaphroditus) as a long-distance disperser for large-seeded plants in degraded forests, Tropics, 2009, Volume 18, Issue 4, Pages 221-229, Released on J-STAGE August 31, 2010, Online ISSN 1882-5729, Print ISSN 0917-415X, https://doi.org/10.3759/tropics.18.221,",one juvenile,"gut, passage, time",N
Macronectes giganteus,Y,Aves,Procellariiformes,,Procellariidae,Macronectes_giganteus,Southern Giant Petrel,carnivore,1500,,aqueous phase marker,meat,6,1,retention time,,,,,,,,,642,,,"Roby DD, Brink KL, Place AR (1989) Relative passage rates of lipid and aqueous digesta in the formation of stomach oils.¬†The Auk¬†106:303-313",study done on juveniles,time,no
Macronectes giganteus,Y,Aves,Procellariiformes,,Procellariidae,Macronectes_giganteus,Southern Giant Petrel,carnivore,1500,,lipid phase marker,meat,6,1,retention time,,,,,,,,,1170,,,"Roby DD, Brink KL, Place AR (1989) Relative passage rates of lipid and aqueous digesta in the formation of stomach oils.¬†The Auk¬†106:303-314",study done on juveniles,time,no
Macropus eugenii,N,Mammalia,Diprotodontia,,Macropodidae,Notamacropus_eugenii,Tammar,herbivore,8000,Tammar wallaby - Wikipedia,lucerne hay pellets w/solute marker,fiber/foliage,6,1,mean retention time,,,,,,,,,942,,,"Warner A. (1981) The Mean Retention Times of Digesta Markers in the Gut of the Tammar, Macropus Eugenii.. Australian Journal of Zoology 29, 759‚Äì771. https://doi.org/10.1071/ZO9810759",,time,N
Macropus eugenii,N,Mammalia,Diprotodontia,,Macropodidae,Notamacropus_eugenii,Tammar,herbivore,8000,Tammar wallaby - Wikipedia,lucerne hay pellets w/particle marker,fiber/foliage,6,1,mean retention time,,,,,,,,,678,,,"Warner A. (1981) The Mean Retention Times of Digesta Markers in the Gut of the Tammar, Macropus Eugenii.. Australian Journal of Zoology 29, 759‚Äì771. https://doi.org/10.1071/ZO9810760",,time,N
Macropus giganteus,N,Mammalia,Diprotodontia,,Macropodidae,Macropus_giganteus,grey kangaroo,folivore,22700,,lucerene hay + fuchsin stain,fiber/foliage,4,1,mean retention time,,,,,,,,,2886,,,Forbes and Tribe (1970),,N,N
Macropus giganteus,N,Mammalia,Diprotodontia,,Macropodidae,Macropus_giganteus,grey kangaroo,folivore,22700,,oat straw + fuchsin stain,fiber/foliage,3,1,mean retention time,,,,,,,,,1900,,,Forbes and Tribe (1970),,N,N
Macropus rufus,N,Mammalia,Diprotodontia,,Macropodidae,Osphranter_rufus,red kangaroo,folivore,3788.89,,lucerene hay + fuchsin stain,fiber/foliage,3,1,mean retention time,,,,,,,,,2088,,,Foot and Romberg (1965),,N,N
Macropus rufus,N,Mammalia,Diprotodontia,,Macropodidae,Osphranter_rufus,red kangaroo,folivore,3788.89,,oat straw + fuchsin stain,fiber/foliage,3,1,mean retention time,,,,,,,,,2652,,,Foot and Romberg (1965),,N,N
Macropus rufus,N,Mammalia,Diprotodontia,,Macropodidae,Osphranter_rufus,red kangaroo,folivore,23500,,lucerene hay + fuchsin stain,fiber/foliage,1,1,mean retention time,,,,,,,,,3804,,,Forbes and Tribe (1970),,N,N
Macropus rufus,N,Mammalia,Diprotodontia,,Macropodidae,Osphranter_rufus,red kangaroo,folivore,23500,,oat straw + fuchsin stain,fiber/foliage,3,1,mean retention time,,,,,,,,,1538,,,Forbes and Tribe (1970),,N,N
Madoqua saltiana phillipsi,N,Mammalia,Artiodactyla,,Bovidae,Madoqua_saltiana,Phillip's dik dik,folivore,2100,,"lucerene, grass hay, wheat bran + Cr particle marker",fiber/foliage,7,1,mean retention time,,,,,,,,,1518,174,,Dittmann et al. (2015b),,N,N
Madoqua saltiana phillipsi,N,Mammalia,Artiodactyla,,Bovidae,Madoqua_saltiana,Phillip's dik dik,folivore,2100,,"lucerene, grass hay, wheat bran + Co-EDTA liquid marker",fiber/foliage,7,1,mean retention time,,,,,,,,,1308,222,,Dittmann et al. (2015b),,N,N
Madoqua saltiana phillipsi,N,Mammalia,Artiodactyla,,Bovidae,Madoqua_saltiana,Phillip's dik dik,folivore,2420,,"alfalfa, carrots, apple, wheat bran, pelleted food A + Co-EDTA liquid marker",fiber/foliage,12,1,mean retention time,,,,,,,,,1180,,,Hebel et al. (2011),,N,N
Madoqua saltiana phillipsi,N,Mammalia,Artiodactyla,,Bovidae,Madoqua_saltiana,Phillip's dik dik,folivore,2420,,"alfalfa, carrots, apple, wheat bran, pelleted food A + Cr particle marker",fiber/foliage,12,1,mean retention time,,,,,,,,,2440,,,Hebel et al. (2011),,N,N
Madoqua saltiana phillipsi,N,Mammalia,Artiodactyla,,Bovidae,Madoqua_saltiana,Phillip's dik dik,folivore,2420,,"alfalfa, carrots, apple, wheat bran, pelleted food B + Co-EDTA liquid marker",fiber/foliage,12,1,mean retention time,,,,,,,,,1500,,,Hebel et al. (2011),,N,N
Madoqua saltiana phillipsi,N,Mammalia,Artiodactyla,,Bovidae,Madoqua_saltiana,Phillip's dik dik,folivore,2420,,"alfalfa, carrots, apple, wheat bran, pelleted food B+ Cr particle marker",fiber/foliage,12,1,mean retention time,,,,,,,,,2800,,,Hebel et al. (2011),,N,N
Manacus vittelinus,Y,Aves,Passeriformes,637.9,Pipridae,Manacus_vitellinus,golden-collared manakin,frugivore/nectarivore,17.9,median of female + male means reported,marker or seed inserted into fruit or skin of fruit marked,fruit/nectar/pollen,8,1,Gut Passage Time: mean of eating to time of first sighting in feces,,,,16.73333333,,,1.77,,,,,Worthington 1989,took mean across the three different marker studies,,Yes
Marmaronetta angustirostris,Y,Aves,Anseriformes,,Anatidae,Marmaronetta_angustirostris,Marbled Teal,omnivore,308,Marbled Teal Facts and Information | United Parks & Resorts,S. litoralis seeds,fiber/foliage,5,1,transit time,,,,,,,,,1011,123.6,,"Figuerola J, Charalambidou I, Santamaria L, Green AJ (2010) Internal dispersal of seeds by waterfowl: effect of seed size on gut passage time and germination patterns.¬†Naturwissenschaften 97:555-571",,"gut, passage, time",n
Marmaronetta angustirostris,Y,Aves,Anseriformes,,Anatidae,Marmaronetta_angustirostris,Marbled Teal,omnivore,308,Marbled Teal Facts and Information | United Parks & Resorts,S. maritimus seeds,fiber/foliage,5,1,transit time,,,,,,,,,906.6,124.2,,"Figuerola J, Charalambidou I, Santamaria L, Green AJ (2010) Internal dispersal of seeds by waterfowl: effect of seed size on gut passage time and germination patterns.¬†Naturwissenschaften 97:555-572",,"gut, passage, time",n
Marmota caligata,N,Mammalia,Rodentia,0,Sciuridae,Marmota_caligata,hoary marmot,folivore,2308,,peanut butter w/Co-EDTA,protein,6,,transit time,,,,780,,,150,,1488,192,,Hume et al 1993,"2 equations for mrt, marmots are juvenilles born in the last year",yes,No
Marmota caligata,N,Mammalia,Rodentia,0,Sciuridae,Marmota_caligata,hoary marmot,folivore,2308,,peanut butter w/cell wall constituents,protein,6,,transit time,,,,1026,,,204,,1734,204,,Hume et al 1993,"2 equations for mrt, marmots are juvenilles born in the last year",yes,No
Martes americana,N,Mammalia,Carnivora,,Mustelidae,Martes_americana,american marten,omnivore,950,American marten - Wikipedia,"berries,voles, mice",mixed,6,1,passage time,90,,270,,,660,,,,,,"Hickey, J. R., Flynn, R. W., Buskirk, S. W., Gerow, K. G., & Willson, M. F. (1999). An Evaluation of a Mammalian Predator, Martes americana, as a Disperser of Seeds. Oikos, 87(3), 499‚Äì508. https://doi.org/10.2307/3546814",,"gut, passage, time",N
Martes melampus,N,Mammalia,Carnivora,188,Mustelidae,Martes_melampus,Japanese marten,omnivore,1400,median of range reported in paper (range: 1-1.8 kg),seeds placed in dead chicks,meat,4,1,Gut Passage Time: mean of eating to time of first sighting in feces,36,,,444,,3102,,,,,,Tsuji et al 2016,mean as reported,,Yes
Martes melampus,N,Mammalia,Carnivora,,Mustelidae,Martes_melampus,Japanese Marten,carnivore,1866,,"chicken, sweet potato, fresh fruit",mixed,4,1,transit time/retention time,,,,156,,1428,18,,582,66,,"Tsuji Y, Shiraishi T, Miura S (2011) Gastrointestinal passage time of seeds ingested by captive Japanese martens Acta Theriologica 56:353-357",,"gastrointestinal, passage, time",no
Martes melampus,N,Mammalia,Carnivora,,Mustelidae,Martes_melampus,Japanese Marten,carnivore,1866,,"chicken, sweet potato, fresh fruit with large seeds",mixed,4,1,transit time/retention time,,,,121.2,,,,,355.8,,,"Tsuji Y, Miura S, Kotoge T, Shiraishi T, Murai H (2015) Effects of food intake on digesta passage time in captive Japanese martens (Martes melampus) and implications for endozoochorous seed dispersal. Mammal Study 40:13-18",,"gut, passage, time",no
Martes melampus,N,Mammalia,Carnivora,,Mustelidae,Martes_melampus,Japanese Marten,carnivore,1866,,"chicken, sweet potato, fresh fruit with small seeds",mixed,4,1,transit time/retention time,,,,131.4,,,,,306.6,,,"Tsuji Y, Miura S, Kotoge T, Shiraishi T, Murai H (2015) Effects of food intake on digesta passage time in captive Japanese martens (Martes melampus) and implications for endozoochorous seed dispersal. Mammal Study 40:13-19",,"gut, passage, time",no
Megalaima nuchalis,Y,Aves,Piciformes,,Megalaimidae,Psilopogon_nuchalis,Taiwan Barbets,frugivore/nectivore,80,Taiwan Barbet,A. sieboldii fruit,fruit/nectar/pollen,7,1,seed retention time,9.2,,26.3,,,40.1,,,,,,"Chang SY, Lee YF, Kuo YM, Chen JH (2012) Frugivory by Taiwan Barbets (Megalaima nuchalis) and the effects of deinhibition and scarification on seed germination.¬†Canadian Journal of Zoology 90:640-650",these are listed as retention times instead of transit times in the paper and no mean is given,"gut, passage, time",n
Megalaima nuchalis,Y,Aves,Piciformes,,Megalaimidae,Psilopogon_nuchalis,Taiwan Barbets,frugivore/nectivore,80,Taiwan Barbet,A. squamulosa fruit,fruit/nectar/pollen,7,1,seed retention time,16.5,,27,,,33.7,,,,,,"Chang SY, Lee YF, Kuo YM, Chen JH (2012) Frugivory by Taiwan Barbets (Megalaima nuchalis) and the effects of deinhibition and scarification on seed germination.¬†Canadian Journal of Zoology 90:640-651",these are listed as retention times instead of transit times in the paper and no mean is given,"gut, passage, time",n
Megalaima nuchalis,Y,Aves,Piciformes,,Megalaimidae,Psilopogon_nuchalis,Taiwan Barbets,frugivore/nectivore,80,Taiwan Barbet,B. javanica fruit,fruit/nectar/pollen,7,1,seed retention time,11.4,,18.3,,,22.8,,,,,,"Chang SY, Lee YF, Kuo YM, Chen JH (2012) Frugivory by Taiwan Barbets (Megalaima nuchalis) and the effects of deinhibition and scarification on seed germination.¬†Canadian Journal of Zoology 90:640-652",these are listed as retention times instead of transit times in the paper and no mean is given,"gut, passage, time",n
Megalaima nuchalis,Y,Aves,Piciformes,,Megalaimidae,Psilopogon_nuchalis,Taiwan Barbets,frugivore/nectivore,80,Taiwan Barbet,C. manillana fruit,fruit/nectar/pollen,7,1,seed retention time,26.8,,28.2,,,27.9,,,,,,"Chang SY, Lee YF, Kuo YM, Chen JH (2012) Frugivory by Taiwan Barbets (Megalaima nuchalis) and the effects of deinhibition and scarification on seed germination.¬†Canadian Journal of Zoology 90:640-653",these are listed as retention times instead of transit times in the paper and no mean is given,"gut, passage, time",n
Megalaima nuchalis,Y,Aves,Piciformes,,Megalaimidae,Psilopogon_nuchalis,Taiwan Barbets,frugivore/nectivore,80,Taiwan Barbet,D. ferrea fruit,fruit/nectar/pollen,7,1,seed retention time,12,,19,,,23.5,,,,,,"Chang SY, Lee YF, Kuo YM, Chen JH (2012) Frugivory by Taiwan Barbets (Megalaima nuchalis) and the effects of deinhibition and scarification on seed germination.¬†Canadian Journal of Zoology 90:640-654",these are listed as retention times instead of transit times in the paper and no mean is given,"gut, passage, time",n
Megalaima nuchalis,Y,Aves,Piciformes,,Megalaimidae,Psilopogon_nuchalis,Taiwan Barbets,frugivore/nectivore,80,Taiwan Barbet,E. acuminata fruit,fruit/nectar/pollen,7,1,seed retention time,17.3,,27.9,,,36.6,,,,,,"Chang SY, Lee YF, Kuo YM, Chen JH (2012) Frugivory by Taiwan Barbets (Megalaima nuchalis) and the effects of deinhibition and scarification on seed germination.¬†Canadian Journal of Zoology 90:640-655",these are listed as retention times instead of transit times in the paper and no mean is given,"gut, passage, time",n
Megalaima nuchalis,Y,Aves,Piciformes,,Megalaimidae,Psilopogon_nuchalis,Taiwan Barbets,frugivore/nectivore,80,Taiwan Barbet,L. guineensis fruit,fruit/nectar/pollen,7,1,seed retention time,17.2,,14.5,,,15.2,,,,,,"Chang SY, Lee YF, Kuo YM, Chen JH (2012) Frugivory by Taiwan Barbets (Megalaima nuchalis) and the effects of deinhibition and scarification on seed germination.¬†Canadian Journal of Zoology 90:640-656",these are listed as retention times instead of transit times in the paper and no mean is given,"gut, passage, time",n
Megalaima nuchalis,Y,Aves,Piciformes,,Megalaimidae,Psilopogon_nuchalis,Taiwan Barbets,frugivore/nectivore,80,Taiwan Barbet,M. japonica fruit,fruit/nectar/pollen,7,1,seed retention time,4.6,,,,,,,,,,,"Chang SY, Lee YF, Kuo YM, Chen JH (2012) Frugivory by Taiwan Barbets (Megalaima nuchalis) and the effects of deinhibition and scarification on seed germination.¬†Canadian Journal of Zoology 90:640-657",these are listed as retention times instead of transit times in the paper and no mean is given,"gut, passage, time",n
Megalaima nuchalis,Y,Aves,Piciformes,,Megalaimidae,Psilopogon_nuchalis,Taiwan Barbets,frugivore/nectivore,80,Taiwan Barbet,M. adenphora fruit,fruit/nectar/pollen,7,1,seed retention time,18.8,,24.3,,,27.1,,,,,,"Chang SY, Lee YF, Kuo YM, Chen JH (2012) Frugivory by Taiwan Barbets (Megalaima nuchalis) and the effects of deinhibition and scarification on seed germination.¬†Canadian Journal of Zoology 90:640-658",these are listed as retention times instead of transit times in the paper and no mean is given,"gut, passage, time",n
Megalaima nuchalis,Y,Aves,Piciformes,,Megalaimidae,Psilopogon_nuchalis,Taiwan Barbets,frugivore/nectivore,80,Taiwan Barbet,P. angustifolia fruit,fruit/nectar/pollen,7,1,seed retention time,15.8,,17.4,,,19.2,,,,,,"Chang SY, Lee YF, Kuo YM, Chen JH (2012) Frugivory by Taiwan Barbets (Megalaima nuchalis) and the effects of deinhibition and scarification on seed germination.¬†Canadian Journal of Zoology 90:640-659",these are listed as retention times instead of transit times in the paper and no mean is given,"gut, passage, time",n
Megalaima nuchalis,Y,Aves,Piciformes,,Megalaimidae,Psilopogon_nuchalis,Taiwan Barbets,frugivore/nectivore,80,Taiwan Barbet,T. orientalis fruit,fruit/nectar/pollen,7,1,seed retention time,28.8,,48.1,,,65.9,,,,,,"Chang SY, Lee YF, Kuo YM, Chen JH (2012) Frugivory by Taiwan Barbets (Megalaima nuchalis) and the effects of deinhibition and scarification on seed germination.¬†Canadian Journal of Zoology 90:640-660",these are listed as retention times instead of transit times in the paper and no mean is given,"gut, passage, time",n
Megalaima nuchalis,Y,Aves,Piciformes,,Megalaimidae,Psilopogon_nuchalis,Taiwan Barbets,frugivore/nectivore,80,Taiwan Barbet,V. odoratissimum fruit,fruit/nectar/pollen,7,1,seed retention time,12.3,,24.4,,,36.5,,,,,,"Chang SY, Lee YF, Kuo YM, Chen JH (2012) Frugivory by Taiwan Barbets (Megalaima nuchalis) and the effects of deinhibition and scarification on seed germination.¬†Canadian Journal of Zoology 90:640-661",these are listed as retention times instead of transit times in the paper and no mean is given,"gut, passage, time",n
Megalaima nuchalis,Y,Aves,Piciformes,,Megalaimidae,Psilopogon_nuchalis,Taiwan Barbets,frugivore/nectivore,80,Taiwan Barbet,F. ampelas fruit,fruit/nectar/pollen,7,1,seed retention time,10.6,,30,,,47.3,,,,,,"Chang SY, Lee YF, Kuo YM, Chen JH (2012) Frugivory by Taiwan Barbets (Megalaima nuchalis) and the effects of deinhibition and scarification on seed germination.¬†Canadian Journal of Zoology 90:640-662",these are listed as retention times instead of transit times in the paper and no mean is given,"gut, passage, time",n
Megalaima nuchalis,Y,Aves,Piciformes,,Megalaimidae,Psilopogon_nuchalis,Taiwan Barbets,frugivore/nectivore,80,Taiwan Barbet,F. benjamina fruit,fruit/nectar/pollen,7,1,seed retention time,20.7,,36.9,,,57.9,,,,,,"Chang SY, Lee YF, Kuo YM, Chen JH (2012) Frugivory by Taiwan Barbets (Megalaima nuchalis) and the effects of deinhibition and scarification on seed germination.¬†Canadian Journal of Zoology 90:640-663",these are listed as retention times instead of transit times in the paper and no mean is given,"gut, passage, time",n
Megalaima nuchalis,Y,Aves,Piciformes,,Megalaimidae,Psilopogon_nuchalis,Taiwan Barbets,frugivore/nectivore,80,Taiwan Barbet,F. caulocarpa fruit,fruit/nectar/pollen,7,1,seed retention time,12,,23.6,,,35.2,,,,,,"Chang SY, Lee YF, Kuo YM, Chen JH (2012) Frugivory by Taiwan Barbets (Megalaima nuchalis) and the effects of deinhibition and scarification on seed germination.¬†Canadian Journal of Zoology 90:640-664",these are listed as retention times instead of transit times in the paper and no mean is given,"gut, passage, time",n
Megalaima nuchalis,Y,Aves,Piciformes,,Megalaimidae,Psilopogon_nuchalis,Taiwan Barbets,frugivore/nectivore,80,Taiwan Barbet,F. irisana fruit,fruit/nectar/pollen,7,1,seed retention time,21.9,,28.3,,,34.6,,,,,,"Chang SY, Lee YF, Kuo YM, Chen JH (2012) Frugivory by Taiwan Barbets (Megalaima nuchalis) and the effects of deinhibition and scarification on seed germination.¬†Canadian Journal of Zoology 90:640-665",these are listed as retention times instead of transit times in the paper and no mean is given,"gut, passage, time",n
Megalaima nuchalis,Y,Aves,Piciformes,,Megalaimidae,Psilopogon_nuchalis,Taiwan Barbets,frugivore/nectivore,80,Taiwan Barbet,F. microcarpa fruit,fruit/nectar/pollen,7,1,seed retention time,15.8,,36.8,,,57,,,,,,"Chang SY, Lee YF, Kuo YM, Chen JH (2012) Frugivory by Taiwan Barbets (Megalaima nuchalis) and the effects of deinhibition and scarification on seed germination.¬†Canadian Journal of Zoology 90:640-666",these are listed as retention times instead of transit times in the paper and no mean is given,"gut, passage, time",n
Megalaima nuchalis,Y,Aves,Piciformes,,Megalaimidae,Psilopogon_nuchalis,Taiwan Barbets,frugivore/nectivore,80,Taiwan Barbet,F. superba fruit,fruit/nectar/pollen,7,1,seed retention time,15.1,,23.5,,,31.2,,,,,,"Chang SY, Lee YF, Kuo YM, Chen JH (2012) Frugivory by Taiwan Barbets (Megalaima nuchalis) and the effects of deinhibition and scarification on seed germination.¬†Canadian Journal of Zoology 90:640-667",these are listed as retention times instead of transit times in the paper and no mean is given,"gut, passage, time",n
Megalaima nuchalis,Y,Aves,Piciformes,s,Megalaimidae,Psilopogon_nuchalis,Taiwan Barbets,frugivore/nectivore,80,Taiwan Barbet,F. virgata fruit,fruit/nectar/pollen,7,1,seed retention time,16.6,,29.6,,,42.5,,,,,,"Chang SY, Lee YF, Kuo YM, Chen JH (2012) Frugivory by Taiwan Barbets (Megalaima nuchalis) and the effects of deinhibition and scarification on seed germination.¬†Canadian Journal of Zoology 90:640-668",these are listed as retention times instead of transit times in the paper and no mean is given,"gut, passage, time",n
Meleagris gallopavo,Y,Aves,Galliformes,,Phasianidae,Meleagris_gallopavo,Turkey,omnivore,6650,"Wild Turkey Identification, All About Birds, Cornell Lab of Ornithology",alfalfa pellet w/Co,fiber/foliage,6,1,transit time,,,,,,,,,624,,,"Frei S, Ortmann S, Kreuzer M, Hatt J-M, Clauss M (2017) Digesta retention patterns in geese (Anser anser) and turkeys (Meleagris gallopavo) and deduced function of avian caeca. Comparative Biochemistry and Physiology A 204:219-230",no reported standard deviation,gut,n
Meleagris gallopavo,Y,Aves,Galliformes,,Phasianidae,Meleagris_gallopavo,Turkey,omnivore,6650,"Wild Turkey Identification, All About Birds, Cornell Lab of Ornithology",alfalfa pellet w/Cr,fiber/foliage,6,1,transit time,,,,,,,,,1398,,,"Frei S, Ortmann S, Kreuzer M, Hatt J-M, Clauss M (2017) Digesta retention patterns in geese (Anser anser) and turkeys (Meleagris gallopavo) and deduced function of avian caeca. Comparative Biochemistry and Physiology A 204:219-231",no reported standard deviation,gut,n
Meleagris gallopavo,Y,Aves,Galliformes,,Phasianidae,Meleagris_gallopavo,Turkey,omnivore,6650,"Wild Turkey Identification, All About Birds, Cornell Lab of Ornithology",alfalfa pellet w/Ce,fiber/foliage,6,1,transit time,,,,,,,,,570,,,"Frei S, Ortmann S, Kreuzer M, Hatt J-M, Clauss M (2017) Digesta retention patterns in geese (Anser anser) and turkeys (Meleagris gallopavo) and deduced function of avian caeca. Comparative Biochemistry and Physiology A 204:219-232",no reported standard deviation,gut,n
Melogale moschata,N,Mammalia,Carnivora,,Mustelidae,Melogale_moschata,chinese ferret-badger,omnivore,2000,Melogale moschata (Chinese ferret-badger) | INFORMATION | Animal Diversity Web,fruit,fruit/nectar/pollen,35,1,passage time,,,,211.8,,63.6,,,,,,"Zhou, You-Bing & Zhang, Liang & Kaneko, Yayoi & Newman, Chris & Wang, Xiao-Ming. (2008). Frugivory and seed dispersal by a small carnivore, the Chinese ferret-badger, Melogale moschata, in a fragmented subtropical forest of central China. Forest Ecology and Management. 255. 1595-1603. 10.1016/j.foreco.2007.11.018.",,"gut, passage",N
Meriones unguiculatus,N,Mammalia,Rodentia,0,Muridae,Meriones_unguiculatus,Mongolian gerbils,folivore,51.3,median of initial masses for low and high fiber,Co-EDTA or Cr-cell walls in foliage slush,fiber/foliage,11,1,transit time: time from beginning of feeding to first 5% of food in feces,,,,67.5,,,6,,657,,,Pei et al. 2001b,took mean of two markers of both high and low fibre diet,,Yes
Mesocricetus auratus,N,Mammalia,Rodentia,0,Cricetidae,Mesocricetus_auratus,hamster,folivore,105,,"alfalfa, wheat bran, maize, sucrose + Co-EDTA",fiber/foliage,6,,transit time,,,,198,,,,,546,,,Sakaguchi et al 1987,,no,No
Mesocricetus auratus,N,Mammalia,Rodentia,0,Cricetidae,Mesocricetus_auratus,hamster,folivore,105,,dry fruit and fiber,fiber/foliage,8,1,Transit time: time from beginning of feeding to first sight of marker in feces,,,,612,,,4.2,,,,,Huang et al 2007,took control rather than high cardamom values,,Yes
Microtus agrestis,N,Mammalia,Rodentia,,Cricetidae,Microtus_agrestis,short-tailed field vole,folivore,28.6,,fiber pellets + Co-EDTA liquid marker,fiber/foliage,6,1,mean retention time,,,,,,,,,336,30,,Hagen et al. (2018),,Y,N
Microtus agrestis,N,Mammalia,Rodentia,,Cricetidae,Microtus_agrestis,short-tailed field vole,folivore,28.6,,fiber pellets + Cr particle marker,fiber/foliage,6,1,mean retention time,,,,,,,,,288,54,,Hagen et al. (2018),,Y,N
Microtus townsendii,N,Mammalia,Rodentia,0,Cricetidae,Microtus_townsendii,Townsend vole,folivore,54.9,,peanut butter w/Co-EDTA,protein,6,,transit time,,,,102,,,18,,888,114,,Hume et al 1993,2 equations for mrt,yes,No
Microtus townsendii,N,Mammalia,Rodentia,0,Cricetidae,Microtus_townsendii,Townsend vole,folivore,54.9,,peanut butter w/cell wall constituents,protein,6,,transit time,,,,102,,,24,,786,144,,Hume et al 1993,2 equations for mrt,yes,No
Milvus milvus,Y,Aves,Accipitriformes,,Accipitridae,Milvus_milvus,red kite,carnivore,1033.5,,"cockerel, pigeon, rabbit",meat,2,1,transit time,,,,,,,,,449.4,0,,"Barton NWH, Houston DC (1993) The influence of gut morphology on digestion time in raptors. Comparative Biochemistry and Physiology A 105:571‚Äì578",,time,n
Mirounga angustirostris,N,Mammalia,Carnivora,,Phocidae,Mirounga_angustirostris,northern elephant seal,carnivore,750000,,gelatin capsules + teflon-coated magnetic stirrers,protein,13,1,"transit time, reported as initial defecation time",,,,288,,,,,,,,Helm (1984),,Y,N
Mirounga leonina,N,Mammalia,Carnivora,,Phocidae,Mirounga_leonina,southern elephant seals,carnivore,2050000,animaldiversity.org,fish + Yb particle marker,meat,3,11,MRT,,,,,,,,,690,,,Krockenberger and Bryden (1994),estimate from Thielemans et al 1978; averaged by marker,Y,N
Mirounga leonina,N,Mammalia,Carnivora,,Phocidae,Mirounga_leonina,southern elephant seals,carnivore,2050000,animaldiversity.org,fish + Cr-EDTA liquid marker,meat,3,9,MRT,,,,,,,,,724,,,Krockenberger and Bryden (1994),,Y,N
Mitu salvini,N,Aves,Galliformes,,Cracidae,Mitu_salvini,Salvin's curassows,frugivore,3100,Salvin's curassow - Wikipedia,G. repens fruit,fruit/nectar/pollen,2,1,retention time,,,,,,368,,,112,80,,"Yumoto T (1999) Seed dispersal by Salvin's Curassow, Mitu salvini (Cracidae), in a tropical forest of colombia: direct measurements of dispersal distance.¬†Biotropica¬†31:654-660",,time,no
Mitu salvini,N,Aves,Galliformes,,Cracidae,Mitu_salvini,Salvin's curassows,frugivore,3100,Salvin's curassow - Wikipedia,F. sphenophylla fruit,fruit/nectar/pollen,2,1,retention time,,,,,,428,,,195,37,,"Yumoto T (1999) Seed dispersal by Salvin's Curassow, Mitu salvini (Cracidae), in a tropical forest of colombia: direct measurements of dispersal distance.¬†Biotropica¬†31:654-661",,time,no
Mitu salvini,N,Aves,Galliformes,,Cracidae,Mitu_salvini,Salvin's curassows,frugivore,3100,Salvin's curassow - Wikipedia,S. americana fruit,fruit/nectar/pollen,2,1,retention time,,,,,,529,,,115,116,,"Yumoto T (1999) Seed dispersal by Salvin's Curassow, Mitu salvini (Cracidae), in a tropical forest of colombia: direct measurements of dispersal distance.¬†Biotropica¬†31:654-662",,time,no
Molossus molossus,Y,Mammalia,Chiroptera,188,Molossidae,Molossus_molossus,Velvety free-tailed bat,insectivore,10.7,mean as reported in paper,"dye introduced through intubation, then track by lethal sampling at periodic intervals",unknown,5,1,"5 bats killed at 5 diff time points; first site of dye in colon; reported value at death in which ""some dye was still visible"" in all guts",,,,120,,,,,,,,Klite 1965,bats killed at 120 still had some dye in colon; formerly called Molossus major,,Yes
Monachus schauinslandi,N,Mammalia,Carnivora,,Phocidae,Neomonachus_schauinslandi,Hawaiian monk seal,carnivore,186000,https://animaldiversity.org/accounts/Monachus_schauinslandi/,herring + chromic oxide and corn kernel markers,meat,3,2,transit time; MRT,,,,840,,,288,,1020,180,,Goodman-Lowe et al. (1997),,N,N
Morus capensis,Y,Aves,Suliformes,,Sulidae,Morus_capensis,Cape gannet,carnivore,2600,https://en.wikipedia.org/wiki/Cape_gannet,pilchard,meat,5,4,mean retention time,,,,,,,,,540,,,Jackson S (1992) Do seabird gut sizes and mean retention times reflect adaptation to diet and foraging method?¬†Physiological Zoology 65:674-700,"MRTs estimated from graph, could not estimate SD","gastrointestinal, transit, time",n
Morus capensis,Y,Aves,Suliformes,,Sulidae,Morus_capensis,Cape gannet,carnivore,2600,https://en.wikipedia.org/wiki/Cape_gannet,squid,meat,5,4,mean retention time,,,,,,,,,630,,,Jackson S (1992) Do seabird gut sizes and mean retention times reflect adaptation to diet and foraging method?¬†Physiological Zoology 65:674-701,"MRTs estimated from graph, could not estimate SD","gastrointestinal, transit, time",
Morus capensis,Y,Aves,Suliformes,,Sulidae,Morus_capensis,Cape gannet,carnivore,2600,https://en.wikipedia.org/wiki/Cape_gannet,prawn,meat,5,4,mean retention time,,,,,,,,,720,,,Jackson S (1992) Do seabird gut sizes and mean retention times reflect adaptation to diet and foraging method?¬†Physiological Zoology 65:674-702,"MRTs estimated from graph, could not estimate SD","gastrointestinal, transit, time",
Morus capensis,Y,Aves,Pelecaniformes,,Sulidae,Morus_capensis,cape gannet,carnivore,2600,Morus capensis (Cape gannet) | INFORMATION | Animal Diversity Web,tilapia,meat,4,2,transit time,,,,12.7,,,1.74,,,,,"Laugksch RC, Duffy DC (1986) Food transit rates in cape gannets and jackass penguins.¬†The Condor 88:117-120",,"transit, rate",n
Mus musculus,N,Mammalia,Rodentia,,Muridae,Mus_musculus,laboratory mouse,folivore,29,,hydrated alfalfa,fiber/foliage,6,1,MRT,,,,,,,,,240,,,Karasov et al. (1986),averaged MRT upper and lower limits,Y,N
Muscicaps striata,Y,Aves,Passeriformes,,Muscicapidae,Muscicapa_ferruginea,Spotted flycatcher,insectivore,17,Spotted flycatcher - Wikipedia,unknown,unknown,4,1,gut passage time,,,,48,,,16.5,,,,,"Guttal V, Bartumeus F, Hartvigsen G, Nevai AL (2011) Retention time variability as a mechanism for animal mediated long-distance dispersal.¬†PloS One¬†6:e28454",study appears to be fully theoretical,time,n
Mustela putorius furo,N,Mammalia,Carnivora,188,Mustelidae,Mustela_putorius,European ferret,carnivore,1357,"reported mean of pre-male and female ferret masses in the study, not post","mixed diet mink food, poultry, eggs with dye",protein,18,1,transit time: time from beginning of feeding to first sight of marker in feces,148,,,181.8,,219,,6.7,,,,Bleavins et al 1981,,,Yes
Myadestes melanops,Y,Aves,Passeriformes,,Turdidae,Myadestes_melanops,Black-faced solitaire,frugivore,33,Black-faced solitaire - Wikipedia,artificial fruit with pulp,fruit/nectar/pollen,,1,passage rate,,,15,,,,,,,,,"Murray KG, Russell S, Picone CM, Winnett-Murray K, Sherwood W, Kuhlmann ML (1994) Fruit laxatives and seed passage rates in frugivores: consequences for plant reproductive success.¬†Ecology¬†75:989-994",,"gut, rate",no
Myadestes melanops,Y,Aves,Passeriformes,,Turdidae,Myadestes_melanops,Black-faced solitaire,frugivore,33,Black-faced solitaire - Wikipedia,artificial fruit without pulp,fruit/nectar/pollen,,1,passage rate,,,27,,,,,,,,,"Murray KG, Russell S, Picone CM, Winnett-Murray K, Sherwood W, Kuhlmann ML (1994) Fruit laxatives and seed passage rates in frugivores: consequences for plant reproductive success.¬†Ecology¬†75:989-995",,"gut, rate",no
Myocastor coypus,N,Mammalia,Rodentia,0,Echimyidae,Myocastor_coypus,nutria,folivore,4400,reported mean,50% alfalfa with additional supplements,fiber/foliage,5,1,transit time: first excretia of marker,,,,348,,,181.8,,2700.6,1251,,Sakaguchi and Nabata 1992,reported in table 3,,Yes
Myocastor coypus,N,Mammalia,Rodentia,0,Echimyidae,Myocastor_coypus,nutria,folivore,4400,reported mean,liquid EDTA,fiber/foliage,5,1,transit time: first excretia of marker,,,,300,,,147,,2650.2,1240.8,,Sakaguchi and Nabata 1992,reported in table 3,,Yes
Myocastor coypus,N,Mammalia,Rodentia,,Myocastoridae,Myocastor_coypus,nutria,folivore,1860,,lucerene pellets + liquid marker,fiber/foliage,4,1,mean retention time,,,,,,,,,1812,252,,Hagen et al. (2019a),,Y,N
Myocastor coypus,N,Mammalia,Rodentia,,Myocastoridae,Myocastor_coypus,nutria,folivore,1860,,lucerene pellets + particle marker,fiber/foliage,4,1,mean retention time,,,,,,,,,1452,252,,Hagen et al. (2019a),,Y,N
Myonycteris torquata,Y,Mammalia,Chiroptera,188,Pteropodidae,Myonycteris_torquata,little collared fruit bat,frugivore/nectarivore,48,mean of male and female reported weights,banana with dye,fruit/nectar/pollen,,,first dye in poop,,,,28,,,12,,,,,Wolton et al. 1982,average of times of varius defecations in table 2,,Yes
Myotis bechsteinii,Y,Mammalia,Chiroptera,188,Vespertilionidae,Myotis_bechsteinii,Bechstein's bat,insectivore,8,reported mean,fluorescent mealworm,protein,5,1,Transit time: time from feeding marker to first appearance of marker in feces,71,,95,,,124,,,309,,,Roswag et al. 2012,as reported in table 2,,Yes
Myotis daubentonii,Y,Mammalia,Chiroptera,188,Vespertilionidae,Myotis_daubentonii,Daubenton's bat,insectivore,7.6,reported mean,fluorescent mealworm,protein,17,1,Transit time: time from feeding marker to first appearance of marker in feces,32,,90,,,128,,,182,,,Roswag et al. 2012,as reported in table 2,,Yes
Myotis lucifugus,Y,Mammalia,Chiroptera,188,Vespertilionidae,Myotis_lucifugus,little brown bat,insectivore,9.5,averaged range from https://animaldiversity.org/accounts/Myotis_lucifugus/,moths and mealworms,protein,2,8,Food Transit time (time from 5 min feeding event to passage of the actual insect; averaged across all events),35,62.25,103,102.5,139.75,170,46.2241,,,,,Buchler 1975; trials was currently listed as the total number of trials between the 2 individuals (16); changed to trials per individual (8 trials each); self calculated values based on data table,,,Yes
Myotis myotis,Y,Mammalia,Chiroptera,188,Vespertilionidae,Myotis_myotis,Greater mouse-eared bat,insectivore,25.8,reported mean,fluorescent mealworm,protein,8,1,Transit time: time from feeding marker to first appearance of marker in feces,36,,55,,,71,,,123,,,Roswag et al. 2012,as reported in table 2,,Yes
Myotis myotis,Y,Mammalia,Chiroptera,188,Vespertilionidae,Myotis_myotis,Greater mouse-eared bat,insectivore,21,,cockroaches with basic fuchsin dye solution,protein,9,4,sight of dye in feces,25,,44,,,77,,,,,,Stalinski 1994,median taken as t50% (passage of 50% of food),,Yes
Myotis nattereri,Y,Mammalia,Chiroptera,188,Vespertilionidae,Myotis_nattereri,Natterer's bat,insectivore,6.8,reported mean,fluorescent mealworm,protein,3,1,Transit time: time from feeding marker to first appearance of marker in feces,39,,77,,,114,,,188,,,Roswag et al. 2012,as reported in table 2,,Yes
Myrmecophaga tridactyla,N,Mammalia,Pilosa,,Myrmecophagidae,Myrmecophaga_tridactyla,giant ant eater,insectivore,55000,,"banana, apple, pear, tomato, eggs, beef heart, dry dog food, oats, honey, skim curd, shrimp meal, lucerene meal + Co-EDTA solute marker",protein,2,8,mean retention time,,,,,,,,,2208,630,,Gull et al. (2015),,N,N
Myrmecophaga tridactyla,N,Mammalia,Pilosa,,Myrmecophagidae,Myrmecophaga_tridactyla,giant ant eater,insectivore,55000,,"banana, apple, pear, tomato, eggs, beef heart, dry dog food, oats, honey, skim curd, shrimp meal, lucerene meal + Cr particle marker",protein,8,8,mean retention time,,,,,,,,,2370,606,,Gull et al. (2015),,N,N
Nanger dama,N,Mammalia,Artiodactyla,,Bovidae,Nanger_dama,Dama gazelle,folivore,61100,,"lucerene, grass hay, wheat bran + Cr particle marker",fiber/foliage,4,1,mean retention time,,,,,,,,,1914,318,,Dittmann et al. (2015b),,N,N
Nanger dama,N,Mammalia,Artiodactyla,,Bovidae,Nanger_dama,Dama gazelle,folivore,61100,,"lucerene, grass hay, wheat bran + Co-EDTA liquid marker",fiber/foliage,4,1,mean retention time,,,,,,,,,1230,234,,Dittmann et al. (2015b),,N,N
Nanger soemmerringii,N,Mammalia,Artiodactyla,,Bovidae,Nanger_soemmerringii,Soemmerring's gazelle,folivore,35600,,"lucerene, grass hay, wheat bran + Cr particle marker",fiber/foliage,11,1,mean retention time,,,,,,,,,1890,372,,Dittmann et al. (2015b),,N,N
Nanger soemmerringii,N,Mammalia,Artiodactyla,,Bovidae,Nanger_soemmerringii,Soemmerring's gazelle,folivore,35600,,"lucerene, grass hay, wheat bran + Co-EDTA liquid marker",fiber/foliage,11,1,mean retention time,,,,,,,,,1482,270,,Dittmann et al. (2015b),,N,N
Nasalis larvatus,N,Mammalia,Primates,,Cercopithecidae,Nasalis_larvatus,proboscis monkey,folivore,10000,,leaves/veggies + Co liquid marker,fiber/foliage,4,1,MRT,,,,,,,,,2470.5,,,Matsuda et al. (2015),averaged over all animals,Y,N
Nasalis larvatus,N,Mammalia,Primates,,Cercopithecidae,Nasalis_larvatus,proboscis monkey,folivore,10000,,leaves/veggies + 2mm Cr particle marker,fiber/foliage,4,1,MRT,,,,,,,,,2472,,,Matsuda et al. (2015),averaged over all animals,Y,N
Nasalis larvatus,N,Mammalia,Primates,,Cercopithecidae,Nasalis_larvatus,proboscis monkey,folivore,10000,,leaves/veggies + 5mm La particle marker,fiber/foliage,4,1,MRT,,,,,,,,,2419.5,,,Matsuda et al. (2015),averaged over all animals,Y,N
Nasalis larvatus,N,Mammalia,Primates,,Cercopithecidae,Nasalis_larvatus,proboscis monkey,folivore,10000,,leaves/veggies + 8mm Ce particle marker,fiber/foliage,4,1,MRT,,,,,,,,,2395.5,,,Matsuda et al. (2015),averaged over all animals,Y,N
Nasalis larvatus,N,Mammalia,Primates,,Cercopithecidae,Nasalis_larvatus,proboscis monkey,folivore,10000,,"browse, peanut butter sandwiches + colored plastic markers",protein,6,3,transit time; MRT,,,,840,,,,,2940,,,Dierenfeld et al. (1992),,N,N
Nectarinia amesthystina,Y,Aves,Passeriformes,,Nectariniidae,Nectarinia_senegalensis,black sunbird,frugivore/nectivore,7.5,Black Sunbird,.25 mol sucrose solution,fruit/nectar/pollen,7,1,transit time,,,,,,,,,14.9,4.26,,"Downs CT (1997) Sugar digestion efficiencies of Gurney's sugarbirds, malachite sunbirds, and black sunbirds.¬†Physiological Zoology 70:93-101",,transit,n
Nectarinia amesthystina,Y,Aves,Passeriformes,,Nectariniidae,Nectarinia_senegalensis,black sunbird,frugivore/nectivore,7.5,Black Sunbird,.73 mol sucrose solution,fruit/nectar/pollen,7,1,transit time,,,,,,,,,13.5,3.25,,"Downs CT (1997) Sugar digestion efficiencies of Gurney's sugarbirds, malachite sunbirds, and black sunbirds.¬†Physiological Zoology 70:93-102",,transit,n
Nectarinia amesthystina,Y,Aves,Passeriformes,,Nectariniidae,Nectarinia_senegalensis,black sunbird,frugivore/nectivore,7.5,Black Sunbird,glucose solution,fruit/nectar/pollen,7,1,transit time,,,,,,,,,26.6,8.83,,"Downs CT (1997) Sugar digestion efficiencies of Gurney's sugarbirds, malachite sunbirds, and black sunbirds.¬†Physiological Zoology 70:93-103",,transit,n
Nectarinia famosa,Y,Aves,Passeriformes,,Nectariniidae,Nectarinia_famosa,malachite sunbird,frugivore/nectivore,13,Malachite Sunbird,.25 mol sucrose solution,fruit/nectar/pollen,5,1,transit time,,,,,,,,,6.8,1.71,,"Downs CT (1997) Sugar digestion efficiencies of Gurney's sugarbirds, malachite sunbirds, and black sunbirds.¬†Physiological Zoology 70:93-97",,transit,n
Nectarinia famosa,Y,Aves,Passeriformes,,Nectariniidae,Nectarinia_famosa,malachite sunbird,frugivore/nectivore,13,Malachite Sunbird,.73 mol sucrose solution,fruit/nectar/pollen,5,1,transit time,,,,,,,,,21.4,2.87,,"Downs CT (1997) Sugar digestion efficiencies of Gurney's sugarbirds, malachite sunbirds, and black sunbirds.¬†Physiological Zoology 70:93-98",,transit,n
Nectarinia famosa,Y,Aves,Passeriformes,,Nectariniidae,Nectarinia_famosa,malachite sunbird,frugivore/nectivore,13,Malachite Sunbird,glucose solution,fruit/nectar/pollen,5,1,transit time,,,,,,,,,39,12.65,,"Downs CT (1997) Sugar digestion efficiencies of Gurney's sugarbirds, malachite sunbirds, and black sunbirds.¬†Physiological Zoology 70:93-99",,transit,n
Neotoma lepida,N,Mammalia,Rodentia,,Cricetidae,Neotoma_lepida,desert woodrat,folivore,125,,hydrated alfalfa,fiber/foliage,5,1,MRT,,,,,,,,,780,,,Karasov et al. (1986),averaged MRT upper and lower limits,Y,N
Neovison vison,N,Mammalia,Carnivora,188,Mustelidae,Neogale_vison,American mink,carnivore,1347.5,"reported mean of pre-male and female mink masses in the study, not post","mixed diet mink food, poultry, eggs with dye",protein,18,1,transit time: time from beginning of feeding to first sight of marker in feces,138,,,186.8,,235,,9.72,,,,Bleavins et al 1981,"reported as Mustela vison (""mink""); assumed American mink, now Neovison vison",,Yes
Neovison vison,N,Mammalia,Carnivora,188,Mustelidae,Neogale_vison,American mink,carnivore,8350,median of range: https://animaldiversity.org/accounts/Neovison_vison/,"mixed diet mink food, poultry, eggs; half wet and half dry with carmine dy",protein,1,4,transit time: time from beginning of feeding to first sight of marker in feces,62,,,142,,215,,,,,,Sibbald et al 1962,"unclear how many mink were assayed; only total number of observations reported at end; noted no difference by sex or diet type; reported as ""standard dark mink"": assumed American Mink (Neovison vison) because authors were in Canada",,Yes
Netta rufina,Y,Aves,Anseriformes,,Anatidae,Netta_rufina,Red-crested Pochard,omnivore,1150,Red Crested Pochard Duck Facts | Netta Rufina,S. litoralis seeds,fiber/foliage,3,1,transit time,,,,,,,,,1011,123.6,,"Figuerola J, Charalambidou I, Santamaria L, Green AJ (2010) Internal dispersal of seeds by waterfowl: effect of seed size on gut passage time and germination patterns.¬†Naturwissenschaften 97:555-573",,"gut, passage, time",n
Netta rufina,Y,Aves,Anseriformes,,Anatidae,Netta_rufina,Red-crested Pochard,omnivore,1150,Red Crested Pochard Duck Facts | Netta Rufina,S. maritimus seeds,fiber/foliage,3,1,transit time,,,,,,,,,906.6,124.2,,"Figuerola J, Charalambidou I, Santamaria L, Green AJ (2010) Internal dispersal of seeds by waterfowl: effect of seed size on gut passage time and germination patterns.¬†Naturwissenschaften 97:555-574",,"gut, passage, time",n
Notamacropus eugenii,N,Mammalia,Diprotodontia,,Macropodidae,Notamacropus_eugenii,tammar wallaby,folivore,5200,,hay + Cr particle marker,fiber/foliage,7,1,MRT,,,,,,,,,1500,360,,Munn et al. (2012),,N,N
Notamacropus eugenii,N,Mammalia,Diprotodontia,,Macropodidae,Notamacropus_eugenii,tammar wallaby,folivore,5200,,hay + Ce particle marker,fiber/foliage,7,1,MRT,,,,,,,,,1620,360,,Munn et al. (2012),,N,N
Notamacropus eugenii,N,Mammalia,Diprotodontia,,Macropodidae,Notamacropus_eugenii,tammar wallaby,folivore,5200,,hay + Co-EDTA liquid marker,fiber/foliage,7,1,MRT,,,,,,,,,96,360,,Munn et al. (2012),,N,N
Nyctalus leisleri,Y,Mammalia,Chiroptera,188,Vespertilionidae,Nyctalus_leisleri,Lesser Noctule,insectivore,12.5,reported mean,fluorescent mealworm,protein,3,1,Transit time: time from feeding marker to first appearance of marker in feces,167,,204,,,250,,,259,,,Roswag et al. 2012,as reported in table 2,,Yes
Nyctalus noctula,Y,Mammalia,Chiroptera,188,Vespertilionidae,Nyctalus_noctula,Noctule,insectivore,27,https://animaldiversity.org/accounts/Nyctalus_noctula/,"mixed diet dog food, beetles, mealworms",protein,1,1,very unclear methods; paper is a natural history report based on observations,,,,28,,,,,,,,Cranbrook 1965,very unclear methods; this paper is an old natural history report,,Yes
Nyctalus noctula,Y,Mammalia,Chiroptera,188,Vespertilionidae,Nyctalus_noctula,Noctule,insectivore,27.5,reported mean,fluorescent mealworm,protein,9,1,Transit time: time from feeding marker to first appearance of marker in feces,41,,70,,,95,,,295,,,Roswag et al. 2012,as reported in table 2,,Yes
Nyctea scandiaca,Y,Aves,Stringiformes,,Stringidae,Bubo_scandiacus,snowy owl,carnivore,1525,Nyctea scandiaca (snowy owl) | INFORMATION | Animal Diversity Web,lab mice,meat,2,1,meal to pellet interval,,,,12.02,,,4.15,,,,,"Duke GE, Evanson OA, Jegers A (1976) Meal to pellet intervals in 14 species of captive raptors.¬†Comparative Biochemistry and Physiology A¬†53:1-13","some birds were fed at two different times, this did not seem to have any significant impact on the excretion time (so with the exception of the caracara which was only fed at 1100) all numbers reflected are from the 0900 feeding",,n
Nyctereutes procynoides,N,Mammalia,Carnivora,,Canidae,Nyctereutes_procyonoides,raccoon dog,omnivore,4130,,A. delciciosa fruits,fruit/nectar/pollen,6,6,mean retention time,,,,,,,,,450,,,"Mise, Yumiko & Yamazaki, Koji & Soga, Masashi & Koike, Shinsuke. (2016). Comparing methods of acquiring mammalian endozoochorous seed dispersal distance distributions. Ecological Research. 31. 1-9. 10.1007/s11284-016-1397-0.",,"gut, time",N
Nyctereutes procynoides,N,Mammalia,Carnivora,,Canidae,Nyctereutes_procyonoides,raccoon dog,omnivore,4131,,fish sausage,meat,6,6,mean retention time,,,,,,,,,775,,,"Mise, Yumiko & Yamazaki, Koji & Soga, Masashi & Koike, Shinsuke. (2016). Comparing methods of acquiring mammalian endozoochorous seed dispersal distance distributions. Ecological Research. 31. 1-9. 10.1007/s11284-016-1397-0.",,"gut, time",N
Nyctimene rabori,Y,Mammalia,Chiroptera,188,Pteropodidae,Nyctimene_albiventer,Philippine tube-nosed fruit bat,frugivore/nectarivore,75,Alcazar et al 2019,Ficus chrysolepis fruits with seeds,fruit/nectar/pollen,3,1,range of minimum transit time reported (site of seeds in feces),20-45,,57.5,,,,,,,,,Utzurrum and Heidman 1991,Range of minimum transit times reported only. Upper end of minimum time + half the range taken as the median,,Yes
Nyctophilus gouldi,Y,Mammalia,Chiroptera,188,Vespertilionidae,Nyctophilus_gouldi,Gould's long-eared bat,insectivore,9,median of female + male range combined,moths and mealworms,protein,36,,Mean Passage Time: midpoint of feeding to midpoint of defecation event,,,,56.333333,,,,0.69966667,,,,Grant 1988,"calculated mean of males, pregnant females and non-lactating females",,Yes
Nyctophilus gouldi,Y,Mammalia,Chiroptera,,Vespertillionidae,Nyctophilus_gouldi,Gould‚Äôs long-eared bat,insectivore,9.25,,mealworms + pollen marker,meat,5,1,"TT, MRT",,,,219.6,,,,9,322.8,,34.2,Morris et al. (1994),,Y,N
Nymphicus hollandicus,Y,Aves,Psittaciformes,637.9,Psittacidae,Nymphicus_hollandicus,Cockatiel,frugivore/nectarivore,97,mean reported in paper,lactated Ringer's solution; seed mix,fiber/foliage,12,1,transit time: time from ingestion to Ô¨Årst appearance of marker in cloaca or feces,30,,60,,,120,,,,,,Martel et al 2018,median of reported control group,,Yes
Obis aries,N,Mammalia,Artiodactyla,,Bovidae,Ovis_aries,Domestic Sheep,herbivore,110000,Ovis aries (mouflon) | INFORMATION | Animal Diversity Web,grass hay w/ fluid marker,fiber/foliage,3,1,retention time,,,,,,,,,2040,108,,"Steuer P, S√ºdekum K-H, M√ºller DWH, Franz R, Kaandorp J, Clauss M, Hummel J (2011) Is there an influence of body mass on digesta mean retention time in herbivores? A comparative study on ungulates. Comparative Biochemistry and Physiology A 160:355-367",,"gut, time",no
Octodon degus,N,Mammalia,Rodentia,0,Octodontidae,Octodon_degus,degu,folivore,177,,"alfalfa, wheat bran, maize, sucrose + Co-EDTA",fiber/foliage,8,,transit time,,,,312,,,,,1164,,,Sakaguchi et al 1992c,,no,No
Octodon degus,N,Mammalia,Rodentia,0,Octodontidae,Octodon_degus,degu,folivore,177,,"alfalfa, wheat bran, maize, sucrose + cell wall constituents",fiber/foliage,8,,transit time,,,,306,,,,,930,,,Sakaguchi et al 1992c,,no,No
Octodon degus,N,Mammalia,Rodentia,,Octodontidae,Octodon_degus,degu,herbivore,285,Common degu - Wikipedia,lucerne diet w/particle marker,fiber/foliage,8,1,transit time/retention time,,,,306,,,,,930,,,"Sakaguchi E, Ohmura S (1992) Fibre digestion and digesta retention time in guinea-pigs, degus and leaf-eared mice. Comparative Biochemistry and Physiology A 103:787-793",,"transit, time",no
Octodon degus,N,Mammalia,Rodentia,,Octodontidae,Octodon_degus,degu,herbivore,286,Common degu - Wikipedia,lucerne diet w/fluid marker,fiber/foliage,8,1,transit time/retention time,,,,312,,,,,1164,,,"Sakaguchi E, Ohmura S (1992) Fibre digestion and digesta retention time in guinea-pigs, degus and leaf-eared mice. Comparative Biochemistry and Physiology A 103:787-794",,"transit, time",no
Odobenus rosmarus divergens,N,Mammalia,Carnivora,,Odobenidae,Odobenus_rosmarus,Pacific walrus,carnivore,170000,,formula + carmine dye liquid marker,protein,2,53,"TT (referred to as initial passage time, IPT)",420,,870,,,1260,,,,,,Kastelein et al. (2003b),trials not evenly distributed amongst individuals; approx. mass recorded at 12 mo (time of study),Y,N
Odocoileus virginianus,N,Mammalia,Artiodactyla,,Cervidae,Odocoileus_virginianus,white-tailed deer,folivore,52250,,standard pellets + Cr marker,fiber/foliage,2,2,MRT,,,,,,,,,930,,,Mautz and Petrides (1971),averaged by diet,Y,N
Odocoileus virginianus,N,Mammalia,Artiodactyla,,Cervidae,Odocoileus_virginianus,white-tailed deer,folivore,52250,,aspen + Cr marker,fiber/foliage,2,2,MRT,,,,,,,,,1383,,,Mautz and Petrides (1971),averaged by diet,Y,N
Odocoileus virginianus,N,Mammalia,Artiodactyla,,Cervidae,Odocoileus_virginianus,white-tailed deer,folivore,52250,,natural forage + Cr marker,fiber/foliage,2,2,MRT,,,,,,,,,1350,,,Mautz and Petrides (1971),averaged by diet,Y,N
Okapia johnstoni,N,Mammalia,Artiodactyla,188,Giraffidae,Okapia_johnstoni,Okapi,folivore,290000,https://animaldiversity.org/accounts/Okapia_johnstoni/,"lucerne hay, fresh browse, Co-EDTA, Cr-F",fiber/foliage,4,3,"TT: transit time, time from feeding to first appearance in feces",780,,,1012.5,,1500,,,,,,Hummel et al 2005,"3 trials for 2 animals, 1 trial for other two. Took mean of 3 model;  predictions for all animals across all trials; originally 1293.75",,Yes
Onychognathus morio,Y,Aves,Passeriformes,,Sturnidae,Onychognathus_morio,red-winged starling,frugivore,135,Red-winged Starling,arilate seeds,fiber/foliage,4,50,mean retention time,,,,,,,,,35,1.9,,"Mokotjomela TM, Hoffmann JH, Downs CT (2015) The potential for birds to disperse the seeds of Acacia cyclops, an invasive alien plant in South Africa.¬†Ibis¬†157:449-459",,"gut, time",no
Onychognathus tristramii,Y,Aves,Passeriformes,,Sturnidae,Onychognathus_morio,Tristam's Grackle,frugivore,119,,Ochradaneus fruit,fruit/nectar/pollen,9,3,retention time,,,,,,328.3,,,135.1,14.1,,"Spiegel O, Nathan R (2007) Incorporating dispersal distance into the disperser effectiveness framework: frugivorous birds provide complementary dispersal to plants in a patchy environment.¬†Ecology letters¬†10:718-728",,"gut, time",no
Opisthocomus hoazin,Y,Aves,Opisthocomiformes,,Opisthocomidae,Opisthocomus_hoazin,Hoatzin,folivore,900,Life Science - Hoatzin,Cr-EDTA liquid,unknown,5,1,transit time and retention time,,,,156,,,30,,1098,198,,"Grajal A, Parra O (1995) Passage rates of digesta markers in the gut of the hoatzin, a folivorous bird with foregut fermentation.¬†The Condor 97:675-683",,passage,n
Opisthocomus hoazin,Y,Aves,Opisthocomiformes,,Opisthocomidae,Opisthocomus_hoazin,Hoatzin,folivore,900,Life Science - Hoatzin,Yb on 1mm fiber solid marker,unknown,5,1,transit time and retention time,,,,270,,,180,,1506,168,,"Grajal A, Parra O (1995) Passage rates of digesta markers in the gut of the hoatzin, a folivorous bird with foregut fermentation.¬†The Condor 97:675-684",,passage,n
Opisthocomus hoazin,Y,Aves,Opisthocomiformes,,Opisthocomidae,Opisthocomus_hoazin,Hoatzin,folivore,900,Life Science - Hoatzin,Yb on 1mm plastic solid marker,unknown,5,1,transit time and retention time,,,,450,,,60,,2016,678,,"Grajal A, Parra O (1995) Passage rates of digesta markers in the gut of the hoatzin, a folivorous bird with foregut fermentation.¬†The Condor 97:675-685",,passage,n
Opisthocomus hoazin,Y,Aves,Opisthocomiformes,,Opisthocomidae,Opisthocomus_hoazin,Hoatzin,folivore,900,Life Science - Hoatzin,Yb on 4mm plastic solid marker,unknown,5,1,transit time and retention time,,,,642,,,276,,2742,468,,"Grajal A, Parra O (1995) Passage rates of digesta markers in the gut of the hoatzin, a folivorous bird with foregut fermentation.¬†The Condor 97:675-686",,passage,n
Oryctolagus cuniculus,N,Mammalia,Lagomorpha,157.9412,Leporidae,Oryctolagus_cuniculus,domestic rabbit,folivore,1757,,"alfalfa, wheat bran, maize, sucrose + Co-EDTA",fiber/foliage,7,,transit time,,,,228,,,,,942,,,Sakaguchi et al 1987,,no,No
Oryctolagus cuniculus,N,Mammalia,Lagomorpha,157.9412,Leporidae,Oryctolagus_cuniculus,domestic rabbit,folivore,2900,,"alfalfa, oats, corn starch, sugar,dry matter, crude protein + Co-EDTA",fiber/foliage,4,,transit time,,,,540,402,,,,,,,Sakaguchi et al 1990,,no,No
Oryctolagus cuniculus,N,Mammalia,Lagomorpha,157.9412,Leporidae,Oryctolagus_cuniculus,domestic rabbit,folivore,2900,,"alfalfa, oats, corn starch, sugar,dry matter, crude protein + cell wall constituents",fiber/foliage,4,,transit time,,,,540,402,,,,2625,654,,Sakaguchi et al 1990,,no,No
Oryctolagus cuniculus,N,Mammalia,Lagomorpha,157.9412,Leporidae,Oryctolagus_cuniculus,domestic rabbit,folivore,2900,,"alfalfa, oats, corn starch, sugar,dry matter, crude protein, nitrogen + Co-EDTA",fiber/foliage,4,,transit time,,,,390,114,,,,,,,Sakaguchi et al 1990,,no,No
Oryctolagus cuniculus,N,Mammalia,Lagomorpha,157.9412,Leporidae,Oryctolagus_cuniculus,domestic rabbit,folivore,2900,,"alfalfa, oats, corn starch, sugar,dry matter, crude protein, nitrogen + cell wall constituents",fiber/foliage,4,,transit time,,,,369,108,,,,8610,4395,,Sakaguchi et al 1990,,no,No
Oryctolagus cuniculus,N,Mammalia,Lagomorpha,157.9412,Leporidae,Oryctolagus_cuniculus,domestic rabbit,folivore,1450,,"alfalfa, barley, sucrose, agar (large particle fiber diet) + Co-EDTA",fiber/foliage,4,,transit time,,,,240,30,,,,3486,732,,Sakaguchi et al 1992a,,no,No
Oryctolagus cuniculus,N,Mammalia,Lagomorpha,157.9412,Leporidae,Oryctolagus_cuniculus,domestic rabbit,folivore,1450,,"alfalfa, barley, sucrose, agar (large particle fiber diet) + cell wall constituents",fiber/foliage,4,,transit time,,,,390,60,,,,2604,678,,Sakaguchi et al 1992a,,no,No
Oryctolagus cuniculus,N,Mammalia,Lagomorpha,157.9412,Leporidae,Oryctolagus_cuniculus,domestic rabbit,folivore,1450,,"alfalfa, barley, sucrose, agar (small particle fiber diet) + Co-EDTA",fiber/foliage,5,,transit time,,,,450,42,,,,2448,174,,Sakaguchi et al 1992a,,no,No
Oryctolagus cuniculus,N,Mammalia,Lagomorpha,157.9412,Leporidae,Oryctolagus_cuniculus,domestic rabbit,folivore,1450,,"alfalfa, barley, sucrose, agar (small particle fiber diet) + cell wall constituents",fiber/foliage,5,,transit time,,,,612,120,,,,1572,288,,Sakaguchi et al 1992a,,no,No
Oryctolagus cuniculus,N,Mammalia,Lagomorpha,157.9412,Leporidae,Oryctolagus_cuniculus,domestic rabbit,folivore,1047,mean of live weight reported for control and low-fibre groups,grass pellets with varying fiber load,fiber/foliage,24,1,"TT: transit time, time from feeding to first appearance of marker infeces",,,,360,,,,,1521,,,Bellier and Gidenne 1995,took mean of TT for control and lower fiber diet; mean retention time also reported in paper,,Yes
Oryctolagus cuniculus,N,Mammalia,Lagomorpha,157.9412,Leporidae,Oryctolagus_cuniculus,domestic rabbit,folivore,3100,,30% weight-by-volume suspension,fiber/foliage,7,,first excretia of marker,120,,,206,,360,91,,,,,Botman et al 2019,study reports onset of formation of hard feces in colon; not sure if this is really complete gut transit,,Yes
Oryctolagus cuniculus,N,Mammalia,Lagomorpha,,Leporidae,Oryctolagus_cuniculus,rabbit,herbivore,,,"diet 1 w/ fluid marker (alfalfa, oats, agar, corn starch, sugar, dry matter)",fiber/foliage,4,1,transit time/retention time,,,,9,,,6.7,,,,,"Sakaguchi E, Hume ID (1990) Digesta retention and fibre digestion in brushtail possums, ringtail possums and rabbits. Comparative Biochemistry and Physiology A 96:351-357",unclear whether times were given in minutes or hours,time,no
Oryctolagus cuniculus,N,Mammalia,Lagomorpha,,Leporidae,Oryctolagus_cuniculus,rabbit,herbivore,,,"diet 1 w/ small particle (alfalfa, oats, agar, corn starch, sugar, dry matter)",fiber/foliage,4,1,transit time/retention time,,,,9,,,6.7,,49.2,10.8,,"Sakaguchi E, Hume ID (1990) Digesta retention and fibre digestion in brushtail possums, ringtail possums and rabbits. Comparative Biochemistry and Physiology A 96:351-358",unclear whether times were given in minutes or hours,time,no
Oryctolagus cuniculus,N,Mammalia,Lagomorpha,,Leporidae,Oryctolagus_cuniculus,rabbit,herbivore,,,"diet 1 w/large particle (alfalfa, oats, agar, corn starch, sugar, dry matter)",fiber/foliage,4,1,transit time/retention time,,,,9,,,6.7,,38.3,11,,"Sakaguchi E, Hume ID (1990) Digesta retention and fibre digestion in brushtail possums, ringtail possums and rabbits. Comparative Biochemistry and Physiology A 96:351-359",unclear whether times were given in minutes or hours,time,no
Oryctolagus cuniculus,N,Mammalia,Lagomorpha,,Leporidae,Oryctolagus_cuniculus,rabbit,herbivore,,,"diet 2 w/ fluid marker (alfalfa, oats, agar, corn starch, sugar, dry matter)",fiber/foliage,4,1,transit time/retention time,,,,6.5,,,1.9,,,,,"Sakaguchi E, Hume ID (1990) Digesta retention and fibre digestion in brushtail possums, ringtail possums and rabbits. Comparative Biochemistry and Physiology A 96:351-363",unclear whether times were given in minutes or hours,time,no
Oryctolagus cuniculus,N,Mammalia,Lagomorpha,,Leporidae,Oryctolagus_cuniculus,rabbit,herbivore,,,"diet 2 w/ fluid marker (alfalfa, oats, agar, corn starch, sugar, dry matter)",fiber/foliage,4,1,transit time/retention time,,,,6.5,,,1.9,,196.5,106.2,,"Sakaguchi E, Hume ID (1990) Digesta retention and fibre digestion in brushtail possums, ringtail possums and rabbits. Comparative Biochemistry and Physiology A 96:351-364",unclear whether times were given in minutes or hours,time,no
Oryctolagus cuniculus,N,Mammalia,Lagomorpha,,Leporidae,Oryctolagus_cuniculus,rabbit,herbivore,,,"diet 2 w/ fluid marker (alfalfa, oats, agar, corn starch, sugar, dry matter)",fiber/foliage,4,1,transit time/retention time,,,,5.8,,,1.9,,90.5,40.3,,"Sakaguchi E, Hume ID (1990) Digesta retention and fibre digestion in brushtail possums, ringtail possums and rabbits. Comparative Biochemistry and Physiology A 96:351-365",unclear whether times were given in minutes or hours,time,no
Oryctolagus cuniculus,N,Mammalia,Lagomorpha,,Leporidae,Oryctolagus_cuniculus,rabbit,herbivore,3200,,timothy hay w/ solid marker,fiber/foliage,4,1,mean retention time,,,,,,,,,5,,,"Ud√©n P, Rounsaville TR, Wiggans GR, Van Soest PJ. The measurement of liquid and solid digesta retention in ruminants, equines and rabbits given timothy (Phleum pratense) hay. British Journal of Nutrition. 1982;48(2):329-339. doi:10.1079/BJN19820127",,"passage, time",N
Oryctolagus cuniculus,N,Mammalia,Lagomorpha,,Leporidae,Oryctolagus_cuniculus,rabbit,herbivore,3200,,timothy hay w/ liquid marker,fiber/foliage,4,1,mean retention time,,,,,,,,,3,,,"Ud√©n P, Rounsaville TR, Wiggans GR, Van Soest PJ. The measurement of liquid and solid digesta retention in ruminants, equines and rabbits given timothy (Phleum pratense) hay. British Journal of Nutrition. 1982;48(2):329-339. doi:10.1079/BJN19820128",,"passage, time",N
Oryctolagus cuniculus,N,Mammalia,Lagomorpha,,Leporidae,Oryctolagus_cuniculus,rabbit,herbivore,3300,,PMS diet,fiber/foliage,3,1,mean retention time,,,,384,,,133.8,,1152,73.2,,"Gidenne, T., & Perez, J.M. (1993). Effect of dietary starch origin on digestion in the rabbit. 2. Starch hydrolysis in the small intestine, cell wall degradation and rate of passage measurements.¬†Animal Feed Science and Technology, 42, 249-257.",,"rate, passage",N
Oryctolagus cuniculus,N,Mammalia,Lagomorpha,,Leporidae,Oryctolagus_cuniculus,rabbit,herbivore,3300,,maize diet,fiber/foliage,3,1,mean retention time,,,,384,,,133.8,,1338,73.2,,"Gidenne, T., & Perez, J.M. (1993). Effect of dietary starch origin on digestion in the rabbit. 2. Starch hydrolysis in the small intestine, cell wall degradation and rate of passage measurements.¬†Animal Feed Science and Technology, 42, 249-257.",,"rate, passage",N
Oryctolagus cuniculus,N,Mammalia,Lagomorpha,,Leporidae,Oryctolagus_cuniculus,rabbit,herbivore,3300,,barley diet,fiber/foliage,3,1,mean retention time,,,,216,,,133.8,,1194,73.2,,"Gidenne, T., & Perez, J.M. (1993). Effect of dietary starch origin on digestion in the rabbit. 2. Starch hydrolysis in the small intestine, cell wall degradation and rate of passage measurements.¬†Animal Feed Science and Technology, 42, 249-257.",,"rate, passage",N
Oryctolagus cuniculus,N,Mammalia,Lagomorpha,,Leporidae,Oryctolagus_cuniculus,rabbit,herbivore,3300,,pea diet,fiber/foliage,3,1,mean retention time,,,,306,,,133.8,,1344,73.2,,"Gidenne, T., & Perez, J.M. (1993). Effect of dietary starch origin on digestion in the rabbit. 2. Starch hydrolysis in the small intestine, cell wall degradation and rate of passage measurements.¬†Animal Feed Science and Technology, 42, 249-257.",,"rate, passage",N
Oryctolagus cuniculus,N,Mammalia,Lagomorpha,,Leporidae,Oryctolagus_cuniculus,rabbit,herbivore,,,"rabbit pellets, coprophagy",fiber/foliage,2,1,mean retention time,,,,360,,,,,618,,,"Uden, P., & Van Soest, P. J. (1982). The determination of digesta particle size in some herbivores. Animal Feed Science and Technology, 7(1), 35‚Äì44. https://doi.org/10.1016/0377-8401(82)90034-7",All values taken from coarse particle numbers,time,N
Oryctolagus cuniculus,N,Mammalia,Lagomorpha,,Leporidae,Oryctolagus_cuniculus,rabbit,herbivore,,,"rabbit pellets, no coprophagy",fiber/foliage,2,1,mean retention time,,,,240,,,,,444,,,"Uden, P., & Van Soest, P. J. (1982). The determination of digesta particle size in some herbivores. Animal Feed Science and Technology, 7(1), 35‚Äì44. https://doi.org/10.1016/0377-8401(82)90034-8",All values taken from coarse particle numbers,time,N
Oryctolagus cuniculus,N,Mammalia,Lagomorpha,,Leporidae,Oryctolagus_cuniculus,domestic rabbit,folivore,2000,https://animaldiversity.org/accounts/Oryctolagus_cuniculus/,animal pellets + seeds,fiber/foliage,5,18,mean retention time,,,,,,,,,1080,,,Cosyns et al. (2005),Used plot.digitizer.com for MRT values from Figure 3,Y,N
Oryctolagus cuniculus,N,Mammalia,Lagomorpha,,Leporidae,Oryctolagus_cuniculus,rabbit,folivore,1570,,grass hay + Cr particle marker,fiber/foliage,6,1,mean retention time,,,,,,,,,900,180,,Franz et al. (2011),,N,N
Oryctolagus cuniculus,N,Mammalia,Lagomorpha,,Leporidae,Oryctolagus_cuniculus,rabbit,folivore,1570,,grass hay + Co-EDTA fluid marker,fiber/foliage,6,1,mean retention time,,,,,,,,,3060,540,,Franz et al. (2011),,N,N
Oryctolagus cuniculus,N,Mammalia,Lagomorpha,,Leporidae,Oryctolagus_cuniculus,rabbit,folivore,3000,,"lucerene, fish concentrate, maize (low fiber diet)",fiber/foliage,7,1,mean retention time,,,,,,,,,1188,,,Gidenne et al (1991),,N,N
Oryctolagus cuniculus,N,Mammalia,Lagomorpha,,Leporidae,Oryctolagus_cuniculus,rabbit,folivore,3000,,"lucerene, fish concentrate, maize (high fiber)",fiber/foliage,7,1,mean retention time,,,,,,,,,9317.7,,,Gidenne et al (1991),,N,N
Oryx gazella,N,Mammalia,Artiodactyla,,Bovidae,Oryx_gazella,Oryx Antelope,herbivore,210000,Oryx gazella (gemsbok) | INFORMATION | Animal Diversity Web,grass hay w/particle marker,fiber/foliage,3,1,retention time,,,,,,,,,3540,468,,"Steuer P, S√ºdekum K-H, M√ºller DWH, Franz R, Kaandorp J, Clauss M, Hummel J (2011) Is there an influence of body mass on digesta mean retention time in herbivores? A comparative study on ungulates. Comparative Biochemistry and Physiology A 160:355-370",,"gut, time",no
Oryx gazella,N,Mammalia,Artiodactyla,,Bovidae,Oryx_gazella,Oryx Antelope,herbivore,210000,Oryx gazella (gemsbok) | INFORMATION | Animal Diversity Web,grass hay w/ fluid marker,fiber/foliage,3,1,retention time,,,,,,,,,1800,270,,"Steuer P, S√ºdekum K-H, M√ºller DWH, Franz R, Kaandorp J, Clauss M, Hummel J (2011) Is there an influence of body mass on digesta mean retention time in herbivores? A comparative study on ungulates. Comparative Biochemistry and Physiology A 160:355-371",,"gut, time",no
Oryx leucoryx,N,Mammalia,Artiodactyla,188,Bovidae,Oryx_leucoryx,Arabian oryx,folivore,70000,,wheat brain + Co-EDTA,fiber/foliage,1,,mean retention time,,,,,,,,,1392,,,Przybylo et al 2019,,no,No
Oryx leucoryx,N,Mammalia,Artiodactyla,188,Bovidae,Oryx_leucoryx,Arabian oryx,folivore,70000,,wheat brain + chromium mordanted fiber,fiber/foliage,1,,mean retention time,,,,,,,,,3096,,,Przybylo et al 2019,,no,No
Osphranter rufus,N,Mammalia,Diprotodontia,,Macropodidae,Osphranter_rufus,red kangaroo,herbivore,7250,Red kangaroo - Wikipedia,fluid marker,unknown,6,1,retention time,,,,,,,,,840,120,,"Schwarm A, Ortmann S, Wolf C, Streich WJ, Clauss M (2009) Passage marker excretion in red kangaroo (Macropus rufus), collared peccary (Pecari tajacu) and colobine monkeys (Colobus angolensis, C. polykomos, Trachypithecus johnii). Journal of Experimental Zoology A 311:647-661",can only access abstract,"food, rate",no
Osphranter rufus,N,Mammalia,Diprotodontia,,Macropodidae,Osphranter_rufus,red kangaroo,herbivore,7250,Red kangaroo - Wikipedia,small particle marker,unknown,6,1,retention time,,,,,,,,,1740,600,,"Schwarm A, Ortmann S, Wolf C, Streich WJ, Clauss M (2009) Passage marker excretion in red kangaroo (Macropus rufus), collared peccary (Pecari tajacu) and colobine monkeys (Colobus angolensis, C. polykomos, Trachypithecus johnii). Journal of Experimental Zoology A 311:647-662",can only access abstract,"food, rate",no
Osphranter rufus,N,Mammalia,Diprotodontia,,Macropodidae,Osphranter_rufus,red kangaroo,herbivore,7250,Red kangaroo - Wikipedia,large particle marker,unknown,6,1,retention time,,,,,,,,,1800,540,,"Schwarm A, Ortmann S, Wolf C, Streich WJ, Clauss M (2009) Passage marker excretion in red kangaroo (Macropus rufus), collared peccary (Pecari tajacu) and colobine monkeys (Colobus angolensis, C. polykomos, Trachypithecus johnii). Journal of Experimental Zoology A 311:647-663",can only access abstract,"food, rate",no
Osphranter rufus,N,Mammalia,Diprotodontia,,Macropodidae,Osphranter_rufus,red kangaroo,folivore,6400,,lucerne hay + Cr particle marker,fiber/foliage,5,1,MRT,,,,,,,,,1488,,240,Munn and Dawson (2006),young-at-foot group,Y,N
Osphranter rufus,N,Mammalia,Diprotodontia,,Macropodidae,Osphranter_rufus,red kangaroo,folivore,6400,,oaten hay + Cr particle marker,fiber/foliage,5,1,MRT,,,,,,,,,2070,,228,Munn and Dawson (2006),young-at-foot group,Y,N
Osphranter rufus,N,Mammalia,Diprotodontia,,Macropodidae,Osphranter_rufus,red kangaroo,folivore,6400,,lucerne hay + Co liquid marker,fiber/foliage,5,1,MRT,,,,,,,,,708,,90,Munn and Dawson (2006),young-at-foot group,Y,N
Osphranter rufus,N,Mammalia,Diprotodontia,,Macropodidae,Osphranter_rufus,red kangaroo,folivore,6400,,oaten hay + Co particle marker,fiber/foliage,5,1,MRT,,,,,,,,,1056,,60,Munn and Dawson (2006),young-at-foot group,Y,N
Osphranter rufus,N,Mammalia,Diprotodontia,,Macropodidae,Osphranter_rufus,red kangaroo,folivore,10900,,lucerne hay + Cr particle marker,fiber/foliage,5,1,MRT,,,,,,,,,1338,,198,Munn and Dawson (2006),weaned group,Y,N
Osphranter rufus,N,Mammalia,Diprotodontia,,Macropodidae,Osphranter_rufus,red kangaroo,folivore,10900,,oaten hay + Cr particle marker,fiber/foliage,5,1,MRT,,,,,,,,,1806,,258,Munn and Dawson (2006),weaned group,Y,N
Osphranter rufus,N,Mammalia,Diprotodontia,,Macropodidae,Osphranter_rufus,red kangaroo,folivore,10900,,lucerne hay + Co liquid marker,fiber/foliage,5,1,MRT,,,,,,,,,678,,72,Munn and Dawson (2006),weaned group,Y,N
Osphranter rufus,N,Mammalia,Diprotodontia,,Macropodidae,Osphranter_rufus,red kangaroo,folivore,10900,,oaten hay + Co particle marker,fiber/foliage,5,1,MRT,,,,,,,,,1068,,84,Munn and Dawson (2006),weaned group,Y,N
Osphranter rufus,N,Mammalia,Diprotodontia,,Macropodidae,Osphranter_rufus,red kangaroo,folivore,25800,,lucerne hay + Cr particle marker,fiber/foliage,5,1,MRT,,,,,,,,,1716,,168,Munn and Dawson (2006),adult group,Y,N
Osphranter rufus,N,Mammalia,Diprotodontia,,Macropodidae,Osphranter_rufus,red kangaroo,folivore,25800,,oaten hay + Cr particle marker,fiber/foliage,5,1,MRT,,,,,,,,,1854,,114,Munn and Dawson (2006),adult group,Y,N
Osphranter rufus,N,Mammalia,Diprotodontia,,Macropodidae,Osphranter_rufus,red kangaroo,folivore,25800,,lucerne hay + Co liquid marker,fiber/foliage,5,1,MRT,,,,,,,,,942,,78,Munn and Dawson (2006),adult group,Y,N
Osphranter rufus,N,Mammalia,Diprotodontia,,Macropodidae,Osphranter_rufus,red kangaroo,folivore,25800,,oaten hay + Co particle marker,fiber/foliage,5,1,MRT,,,,,,,,,198,,72,Munn and Dawson (2006),adult group,Y,N
Osphranter rufus,N,Mammalia,Diprotodontia,,Macropodidae,Osphranter_rufus,red kangaroo,folivore,198240,,lucerne chaff + green dye,fiber/foliage,4,1,MRT,,,,,,,,,2466,,,McIntosh (1966),older name used in paper; Megaleia rufa,N,N
Osphranter rufus,N,Mammalia,Diprotodontia,,Macropodidae,Osphranter_rufus,red kangaroo,folivore,198240,,restricted lucerne chaff + green dye,fiber/foliage,4,1,MRT,,,,,,,,,3408,,,McIntosh (1966),older name used in paper; Megaleia rufa,N,N
Osphranter rufus,N,Mammalia,Diprotodontia,,Macropodidae,Osphranter_rufus,red kangaroo,folivore,198240,,oaten chaff + green dye,fiber/foliage,4,1,MRT,,,,,,,,,2874,,,McIntosh (1966),older name used in paper; Megaleia rufa,N,N
Otus asio,Y,Aves,Stringiformes,,Stringidae,Megascops_asio,screech owl,carnivore,164.1,Otus asio (eastern screech owl) | INFORMATION | Animal Diversity Web,lab mice,meat,2,1,meal to pellet interval,,,,11.86,,,1.2,,,,,"Duke GE, Evanson OA, Jegers A (1976) Meal to pellet intervals in 14 species of captive raptors.¬†Comparative Biochemistry and Physiology A¬†53:1-17","some birds were fed at two different times, this did not seem to have any significant impact on the excretion time (so with the exception of the caracara which was only fed at 1100) all numbers reflected are from the 0900 feeding",,n
Ovibos moschatus,N,Mammalia,Artiodactyla,,Bovidae,Ovibos_moschatus,muskoxen,folivore,285000,animaldiversity.org,grass + Co-EDTA fluid marker,fiber/foliage,4,1,MRT,,,,,,,,,2340,660,,Lechner et al. (2010),,N,N
Ovibos moschatus,N,Mammalia,Artiodactyla,,Bovidae,Ovibos_moschatus,muskoxen,folivore,285000,animaldiversity.org,grass + 2mm Cr particle marker,fiber/foliage,4,1,MRT,,,,,,,,,4680,1740,,Lechner et al. (2010),,N,N
Ovibos moschatus,N,Mammalia,Artiodactyla,,Bovidae,Ovibos_moschatus,muskoxen,folivore,285000,animaldiversity.org,grass + 10mm Ce particle marker,fiber/foliage,4,1,MRT,,,,,,,,,5460,1980,,Lechner et al. (2010),,N,N
Ovibos moschatus,N,Mammalia,Artiodactyla,,Bovidae,Ovibos_moschatus,muskoxen,folivore,285000,animaldiversity.org,grass + 20mm La particle marker,fiber/foliage,4,1,MRT,,,,,,,,,4980,1680,,Lechner et al. (2010),,N,N
Ovibos moschatus,N,Mammalia,Artiodactyla,,Bovidae,Ovibos_moschatus,muskoxen,folivore,285000,animaldiversity.org,browse + Co-EDTA fluid marker,fiber/foliage,4,1,MRT,,,,,,,,,1440,240,,Lechner et al. (2010),,N,N
Ovibos moschatus,N,Mammalia,Artiodactyla,,Bovidae,Ovibos_moschatus,muskoxen,folivore,285000,animaldiversity.org,browse + 2mm Cr particle marker,fiber/foliage,4,1,MRT,,,,,,,,,2820,360,,Lechner et al. (2010),,N,N
Ovibos moschatus,N,Mammalia,Artiodactyla,,Bovidae,Ovibos_moschatus,muskoxen,folivore,285000,animaldiversity.org,browse + 10mm Ce particle marker,fiber/foliage,4,1,MRT,,,,,,,,,4080,600,,Lechner et al. (2010),,N,N
Ovibos moschatus,N,Mammalia,Artiodactyla,,Bovidae,Ovibos_moschatus,muskoxen,folivore,285000,animaldiversity.org,browse + 20mm La particle marker,fiber/foliage,4,1,MRT,,,,,,,,,3900,420,,Lechner et al. (2010),,N,N
Ovibos moschatus,N,Mammalia,Artiodactyla,,Bovidae,Ovibos_moschatus,musk ox,folivore,218000,,"pellets made of hay, oats, molasses, barley; chromium oxide marker",fiber/foliage,4,1,mean retention time,,,,,,,,,4266,,228,Adamczewski et al. (1993),authors collected spring and winter masses and MRT; used the July masses and MRT because it is the post-calving season,N,N
Ovibos moschatus,N,Mammalia,Artiodactyla,,Bovidae,Ovibos_moschatus,musk ox,folivore,239000,,"hay, corn, alfalfa + Yb fiber particle",fiber/foliage,8,1,mean retention time: sum of MRT for particles in rumen and intestines,,,,,,,,,2502,,,Barboza et al. (2006),spring; recorded spring and autumn since there were significant differences in data between the 2 seasons,Y,N
Ovibos moschatus,N,Mammalia,Artiodactyla,,Bovidae,Ovibos_moschatus,musk ox,folivore,260000,,"hay, corn, alfalfa + Yb fiber particle",fiber/foliage,8,1,mean retention time: sum of MRT for particles in rumen and intestines,,,,,,,,,2352,,,Barboza et al. (2006),fall; recorded spring and autumn since there were significant differences in data between the 2 seasons,Y,N
Ovis aries,N,Mammalia,Artiodactyla,188,Bovidae,Ovis_aries,domestic sheep,folivore,43600,reported mean,grass,fiber/foliage,6,1,"TT: transit time, time from feeding to mean marker excretion",,,,1356,,,,,3336,,,Krysl et al 1987,took reported mean from control,,Yes
Ovis aries,N,Mammalia,Artiodactyla,188,Bovidae,Ovis_aries,domestic sheep,folivore,33600,reported mean,pellets with Cr marker,fiber/foliage,8,1,"TT: transit time, time from feeding to first appearance of marker infeces",,,,468,,,,56.4,1758,,280.8,Vega et al 1998,took mean reported TT from the two diets,,Yes
Ovis aries,N,Mammalia,Artiodactyla,,Bovidae,Ovis_aries,Domestic Sheep,herbivore,110000,Ovis aries (mouflon) | INFORMATION | Animal Diversity Web,grass hay w/particle marker,fiber/foliage,3,1,retention time,,,,,,,,,3240,252,,"Steuer P, S√ºdekum K-H, M√ºller DWH, Franz R, Kaandorp J, Clauss M, Hummel J (2011) Is there an influence of body mass on digesta mean retention time in herbivores? A comparative study on ungulates. Comparative Biochemistry and Physiology A 160:355-366",,"gut, time",no
Ovis aries,N,Mammalia,Artiodactyla,,Bovidae,Ovis_aries,sheep,herbivore,30000,,timothy hay w/ solid marker,fiber/foliage,4,1,mean retention time,,,,,,,,,57,,,"Ud√©n P, Rounsaville TR, Wiggans GR, Van Soest PJ. The measurement of liquid and solid digesta retention in ruminants, equines and rabbits given timothy (Phleum pratense) hay. British Journal of Nutrition. 1982;48(2):329-339. doi:10.1079/BJN19820123",,"passage, time",N
Ovis aries,N,Mammalia,Artiodactyla,,Bovidae,Ovis_aries,sheep,herbivore,30000,,timothy hay w/ liquid marker,fiber/foliage,4,1,mean retention time,,,,,,,,,26,,,"Ud√©n P, Rounsaville TR, Wiggans GR, Van Soest PJ. The measurement of liquid and solid digesta retention in ruminants, equines and rabbits given timothy (Phleum pratense) hay. British Journal of Nutrition. 1982;48(2):329-339. doi:10.1079/BJN19820124",,"passage, time",N
Ovis aries,N,Mammalia,Artiodactyla,,Bovidae,Ovis_aries,kazakh sheep,herbivore,42000,,various seeds w/ feed concentrate,fiber/foliage,6,1,mean retention time,,,,,,,,,2174.152941,143.7529412,,"Manzano P, Malo JE, Peco B. Sheep gut passage and survival of Mediterranean shrub seeds. Seed Science Research. 2005;15(1):21-28. doi:10.1079/SSR2004192",,,N
Ovis aries,N,Mammalia,Artiodactyla,,Bovidae,Ovis_aries,sheep,folivore,34800,,wheaten hay + CoEDTA liquid marker + Cr particle marker,fiber/foliage,4,1,MRT,,,,,,,,,2658,,,Kennedy et al. (1992),,N,N
Ovis aries,N,Mammalia,Artiodactyla,,Bovidae,Ovis_aries,sheep,folivore,55000,,hay + Cr particle marker,fiber/foliage,6,5,MRT,,,,,,,,,3210,,253.2,Lindberg (1985),calculated according to Blaxter et al. (1956),Y,N
Ovis aries,N,Mammalia,Artiodactyla,,Bovidae,Ovis_aries,sheep,folivore,55000,,barley hulls + Cr particle marker,fiber/foliage,6,4,MRT,,,,,,,,,3138,,292.2,Lindberg (1985),calculated according to Blaxter et al. (1956),Y,N
Ovis aries,N,Mammalia,Artiodactyla,,Bovidae,Ovis_aries,sheep,folivore,55000,,rapeseed meal + Cr particle marker,fiber/foliage,6,5,MRT,,,,,,,,,2658,,253.2,Lindberg (1985),calculated according to Blaxter et al. (1956),Y,N
Ovis aries,N,Mammalia,Artiodactyla,,Bovidae,Ovis_aries,sheep,folivore,55000,,crushed peas + Cr particle marker,fiber/foliage,6,4,MRT,,,,,,,,,2220,,292.2,Lindberg (1985),calculated according to Blaxter et al. (1956),Y,N
Ovis aries,N,Mammalia,Artiodactyla,,Bovidae,Ovis_aries,sheep,folivore,51400,,grass + Ru-phenanthroline,fiber/foliage,12,3,"TT, MRT (whole-gut)",,,,570,,,,,2118,,,Milne et al. (1978),averaged by sp.,N,N
Ovis aries,N,Mammalia,Artiodactyla,,Bovidae,Ovis_aries,sheep,folivore,51400,,grass + Ru-phenanthroline,fiber/foliage,12,3,MRT (ruemen),,,,,,,,,1006,,,Milne et al. (1978),averaged by sp.,N,N
Ovis aries,N,Mammalia,Artiodactyla,,Bovidae,Ovis_aries,sheep,folivore,51400,,grass + Ru-phenanthroline,fiber/foliage,12,3,MRT (caecal),,,,,,,,,526,,,Milne et al. (1978),averaged by sp.,N,N
Ovis aries,N,Mammalia,Artiodactyla,,Bovidae,Ovis_aries,sheep,folivore,49000,,hay/barley straw + Cr particle marker,fiber/foliage,4,1,MRT,,,,,,,,,3312,,,Pearson et al. (2006),averaged starting weight,N,N
Ovis aries,N,Mammalia,Artiodactyla,,Bovidae,Ovis_aries,sheep,folivore,49000,,hay/barley straw + CoEDTA liquid marker,fiber/foliage,4,1,MRT,,,,,,,,,2724,,,Pearson et al. (2006),averaged starting weight,N,N
Ovis aries,N,Mammalia,Artiodactyla,,Bovidae,Ovis_aries,sheep,folivore,242290,,lucerne chaff + green dye,fiber/foliage,4,1,MRT,,,,,,,,,2286,,,McIntosh (1966),older name used in paper; Megaleia rufa,N,N
Ovis aries,N,Mammalia,Artiodactyla,,Bovidae,Ovis_aries,sheep,folivore,242290,,restricted lucerne chaff + green dye,fiber/foliage,4,1,MRT,,,,,,,,,4158,,,McIntosh (1966),older name used in paper; Megaleia rufa,N,N
Ovis aries,N,Mammalia,Artiodactyla,,Bovidae,Ovis_aries,sheep,folivore,242290,,oaten chaff + green dye,fiber/foliage,4,1,MRT,,,,,,,,,3048,,,McIntosh (1966),older name used in paper; Megaleia rufa,N,N
Ovis aries,N,Mammalia,Cetartiodactyla,,Bovidae,Ovis_aries,domestic sheep,folivore,45100,,"lucerene, wheaten chaff + Cr-mordanted particle marker",fiber/foliage,6,1,mean retention time,,,,,,,,,2436,,,Barnett et al. (2015),warm conditions; recorded both because treatments yielded significantly different results,N,N
Ovis aries,N,Mammalia,Cetartiodactyla,,Bovidae,Ovis_aries,domestic sheep,folivore,45100,,"lucerene, wheaten chaff + CoEDTA solute marker",fiber/foliage,6,1,mean retention time,,,,,,,,,1896,,,Barnett et al. (2015),warm conditions; recorded both because treatments yielded significantly different results,N,N
Ovis aries,N,Mammalia,Cetartiodactyla,,Bovidae,Ovis_aries,domestic sheep,folivore,45400,,"lucerene, wheaten chaff + Cr-mordanted particle marker",fiber/foliage,6,1,mean retention time,,,,,,,,,2256,,,Barnett et al. (2015),cold conditions; recorded both because treatments yielded significantly different results,N,N
Ovis aries,N,Mammalia,Cetartiodactyla,,Bovidae,Ovis_aries,domestic sheep,folivore,45400,,"lucerene, wheaten chaff + CoEDTA solute marker",fiber/foliage,6,1,mean retention time,,,,,,,,,1656,,,Barnett et al. (2015),cold conditions; recorded both because treatments yielded significantly different results,N,N
Ovis aries,N,Mammalia,Cetartiodactyla,,Bovidae,Ovis_aries,domestic sheep,folivore,70600,,"alfalfa hay, maize + CoEDTA liquid marker",fiber/foliage,4,1,mean retention time,,,,,,,,,1803.6,,,Bartocci et al. (1997),,N,N
Ovis aries,N,Mammalia,Cetartiodactyla,,Bovidae,Ovis_aries,domestic sheep,folivore,33000,,"lucerene, grass, oats, carrots, apples, hay, pine + CoEDTA liquid marker",fiber/foliage,5,1,mean retention time,,,,,,,,,1404,54,,Behrend et al. (2004),subspecies Ovis ammon musimon,Y,N
Ovis aries,N,Mammalia,Cetartiodactyla,,Bovidae,Ovis_aries,domestic sheep,folivore,33000,,"lucerene, grass, oats, carrots, apples, hay, pine + Cr mordanted fiber particle marker",fiber/foliage,5,1,mean retention time,,,,,,,,,2274,102,,Behrend et al. (2004),subspecies Ovis ammon musimon,Y,N
Ovis aries,N,Mammalia,Artiodactyla,,Bovidae,Ovis_aries,domestic sheep,folivore,200000,https://animaldiversity.org/accounts/Ovis_aries/,barley straw + seeds,fiber/foliage,5,19,mean retention time,,,,,,,,,3300,,,Cosyns et al. (2005),Used plot.digitizer.com for MRT values from Figure 3,Y,N
Ovis aries,N,Mammalia,Cetartiodactyla,,Bovidae,Ovis_aries,domestic sheep,folivore,12944.44,,lucerene hay + fuchsin stain,fiber/foliage,3,1,mean retention time,,,,,,,,,2478,,,Foot and Romberg (1965),,N,N
Ovis aries,N,Mammalia,Cetartiodactyla,,Bovidae,Ovis_aries,domestic sheep,folivore,12944.44,,oat straw + fuchsin stain,fiber/foliage,3,1,mean retention time,,,,,,,,,4044,,,Foot and Romberg (1965),,N,N
Ovis aries,N,Mammalia,Cetartiodactyla,,Bovidae,Ovis_aries,domestic sheep,folivore,51400,,lucerene hay + fuchsin stain,fiber/foliage,3,1,mean retention time,,,,,,,,,3990,,,Forbes and Tribe (1970),,N,N
Ovis aries,N,Mammalia,Cetartiodactyla,,Bovidae,Ovis_aries,domestic sheep,folivore,51400,,oat straw + fuchsin stain,fiber/foliage,3,1,mean retention time,,,,,,,,,2160,,,Forbes and Tribe (1970),,N,N
Ovis aries,N,Mammalia,Cetartiodactyla,,Bovidae,Ovis_aries,domestic sheep,folivore,94000,,hay + Cr particle marker,fiber/foliage,3,1,mean retention time,,,,,,,,,3180,334.0658618,,Franz et al. (2010),,N,N
Ovis aries,N,Mammalia,Cetartiodactyla,,Bovidae,Ovis_aries,domestic sheep,folivore,57900,,fiber feed + Cr particle marker,fiber/foliage,20,1,mean retention time,,,,,,,,,1764,,,Goopy et al. (2014),,N,N
Ovis aries,N,Mammalia,Cetartiodactyla,,Bovidae,Ovis_aries,domestic sheep,folivore,57900,,fiber feed + Co-EDTA liquid marker,fiber/foliage,20,1,mean retention time,,,,,,,,,1238.4,,,Goopy et al. (2014),,N,N
Ovis aries,N,Mammalia,Cetartiodactyla,,Bovidae,Ovis_aries,domestic sheep,folivore,51000,,"white clover, perennial ryegrass + Co-EDTA liquid particle marker",fiber/foliage,4,2,mean retention time,,,,,,,,,1212,,,Hammond et al. (2014),,N,N
Ovis aries,N,Mammalia,Cetartiodactyla,,Bovidae,Ovis_aries,domestic sheep,folivore,51000,,"white clover, perennial ryegrass + Cr particle marker",fiber/foliage,4,2,mean retention time,,,,,,,,,1764,,,Hammond et al. (2014),,N,N
Pan paniscus,N,Mammalia,Primates,174.3696,Hominidae,Pan_paniscus,Bonobo,frugivore/nectarivore,39000,https://animaldiversity.org/accounts/Pan_paniscus/,fruit with marked seeds,fruit/nectar/pollen,19,1,Transit time: first marker in feces,1203,,,1440,,1697,9,,,,,Beaune et al 2013,took reported TT,,Yes
Pan troglodytes,N,Mammalia,Primates,174.3696,Hominidae,Pan_troglodytes,Chimpanzee,omnivore,58400,took median of reported male/female mass,"banana, markers",fruit/nectar/pollen,2,4,Transit time: first marker in feces,,,,1392,,,456,,1890,726,,Lambert 2002,Took species average of transit time as reported,,Yes
Pan troglodytes,N,Mammalia,Primates,,Hominidae,Pan_troglodytes,Chimpanzee,omnivore,38500,Chimpanzee - Wikipedia,seeds,fiber/foliage,1,1,passage time,,,,1080,,,,,,,,"Righini, N., Serio-Silva, J.C., Rico-Gray, V. and Mart√≠nez-Mota, R. (2004), Effect of different primate species on germination of Ficus (Urostigma) seeds. Zoo Biol., 23: 273-278. https://doi.org/10.1002/zoo.20013",,rate,N
Pan troglodytes,N,Mammalia,Primates,,Hominidae,Pan_troglodytes,chimpanzee,omnivore,45000,,mixed fruit/veggies/bread/etc + plastic particle marker,protein,3,1,TT,,,,2220,,,,,,,,Milton (1984),averaged across range,N,N
Pan troglodytes,N,Mammalia,Primates,,Hominidae,Pan_troglodytes,chimpanzee,omnivore,47000,,low fiber monkey chow + CoEDTA liquid marker,protein,6,4,TT,,,,2862,,,,192,,,,Milton and Demment (1988),,Y,N 
Pan troglodytes,N,Mammalia,Primates,,Hominidae,Pan_troglodytes,chimpanzee,omnivore,47000,,high fiber monkey chow + CoEDTA liquid marker,protein,6,4,TT,,,,2106,,,,138,,,,Milton and Demment (1988),,Y,N
Pan troglodytes,N,Mammalia,Primates,,Hominidae,Pan_troglodytes,chimpanzee,omnivore,47000,,low fiber chow + Cr particle marker,protein,6,4,TT,,,,2880,,,,204,,,,Milton and Demment (1988),,Y,N
Pan troglodytes,N,Mammalia,Primates,,Hominidae,Pan_troglodytes,chimpanzee,omnivore,47000,,high fiber chow + Cr particle marker,protein,6,4,TT,,,,2262,,,,132,,,,Milton and Demment (1988),,Y,N
Papio cynocephalus,N,Mammalia,Primates,,Cercopithecidae,Papio_cynocephalus,yellow baboon,omnivore,9800,,commercial primate diet + polyethylene glycol and phenol red fluid marker,protein,12,1,transit time,,,,2100,,,,,,,,Clemens and Phillips (1980),,N,N
Papio cynocephalus,N,Mammalia,Primates,,Cercopithecidae,Papio_cynocephalus,yellow baboon,omnivore,9800,,commercial primate diet + polyethylene tubing particle marker,protein,12,1,transit time,,,,2210,,,,,,,,Clemens and Phillips (1980),"averaged across particle markers 2mm, 5mm, 10mm",N,N
Papio hamadryas,N,Mammalia,Primates,,Cercopithecidae,Papio_hamadryas,Hamadryas baboon,omnivore,25000,Hamadryas baboon - Wikipedia,seeds,fiber/foliage,1,1,passage time,,,,840,,,,,,,,"Righini, N., Serio-Silva, J.C., Rico-Gray, V. and Mart√≠nez-Mota, R. (2004), Effect of different primate species on germination of Ficus (Urostigma) seeds. Zoo Biol., 23: 273-278. https://doi.org/10.1002/zoo.20011",,rate,N
Paradoxurus hermaphroditus,N,Mammalia,Carnivora,,Viverridae,Paradoxurus_hermaphroditus,palm civet,omnivore,3500,Asian palm civet - Wikipedia,seeds,fiber/foliage,3,1,mean retention time,,,,,,,,,156,,,"Yoshihiro NAKASHIMA, Jumrafiha Abd. SUKOR, Importance of common palm civets (Paradoxurus hermaphroditus) as a long-distance disperser for large-seeded plants in degraded forests, Tropics, 2009, Volume 18, Issue 4, Pages 221-229, Released on J-STAGE August 31, 2010, Online ISSN 1882-5729, Print ISSN 0917-415X, https://doi.org/10.3759/tropics.18.221,",,"gut, passage, time",N
Pecari tacaju,N,Mammalia,Artiodactyla,,Tayassuidae,Pecari_tajacu,collared peccary,folivore,19500,,rice bran + chromic oxide marker,fiber/foliage,6,1,transit time; MRT,,,,1338,,,,,2358,,,Comizzoli et al. (1997),collared peccary species listed as Tuyussu tujacu in paper,N,N
Pecari tacaju,N,Mammalia,Artiodactyla,,Tayassuidae,Pecari_tajacu,collared peccary,folivore,19500,,"hay, rice bran + chromic oxide marker",fiber/foliage,6,1,transit time; MRT,,,,1680,,,,,2718,,,Comizzoli et al. (1997),collared peccary species listed as Tuyussu tujacu in paper,N,N
Perameles nasuta,N,Mammalia,Peramelemorphia,320,Peramelidae,Perameles_nasuta,long-nosed bandicoot,omnivore,795,,mealworms +  beef w/Co-EDTA,meat,6,,transit time,,,,462,,,36,,1416,186,,Moyle et al 1995,"no sig diff between transit times of the markers, but sig diff for mrt",no,No
Perameles nasuta,N,Mammalia,Peramelemorphia,320,Peramelidae,Perameles_nasuta,long-nosed bandicoot,omnivore,795,,mealworms +  beef w/cell wall constituents,meat,6,,transit time,,,,465,,,0.65,,708,102,,Moyle et al 1995,"no sig diff between transit times of the markers, but sig diff for mrt",no,No
Perameles nasuta,N,Mammalia,Peramelemorphia,320,Peramelidae,Perameles_nasuta,long-nosed bandicoot,omnivore,710,,sweet potatoes + beef w/Co-EDTA,fiber/foliage,4,,transit time,,,,1236,,,252,,1986,114,,Moyle et al 1995,"no sig diff between transit times of the markers, but sig diff for mrt",no,No
Perameles nasuta,N,Mammalia,Peramelemorphia,320,Peramelidae,Perameles_nasuta,long-nosed bandicoot,omnivore,710,,sweet potatoes + beef w/cell wall constituents,fiber/foliage,4,,transit time,,,,1236,,,252,,1635,102,,Moyle et al 1995,"no sig diff between transit times of the markers, but sig diff for mrt",no,No
Pernis apivorus,Y,Aves,Accipitriformes,,Accipitridae,Pernis,honey buzzard,carnivore,470,,"cockerel, pigeon, rabbit",meat,1,1,transit time,,,,,,,,,408.6,0,,"Barton NWH, Houston DC (1993) The influence of gut morphology on digestion time in raptors. Comparative Biochemistry and Physiology A 105:571‚Äì584",,time,n
Phacochoerus africanus,N,Mammalia,Artiodactyla,,Suidae,Phacochoerus_africanus,warthog,herbivore,100000,Phacochoerus africanus (common warthog) | INFORMATION | Animal Diversity Web,grass hay w/particle marker,fiber/foliage,1,1,retention time,,,,,,,,,44,,,"Steuer P, S√ºdekum K-H, M√ºller DWH, Franz R, Kaandorp J, Clauss M, Hummel J (2011) Is there an influence of body mass on digesta mean retention time in herbivores? A comparative study on ungulates. Comparative Biochemistry and Physiology A 160:355-380",,"gut, time",no
Phacochoerus africanus,N,Mammalia,Artiodactyla,,Suidae,Phacochoerus_africanus,warthog,herbivore,100000,Phacochoerus africanus (common warthog) | INFORMATION | Animal Diversity Web,grass hay w/ fluid marker,fiber/foliage,1,1,retention time,,,,,,,,,34,,,"Steuer P, S√ºdekum K-H, M√ºller DWH, Franz R, Kaandorp J, Clauss M, Hummel J (2011) Is there an influence of body mass on digesta mean retention time in herbivores? A comparative study on ungulates. Comparative Biochemistry and Physiology A 160:355-381",,"gut, time",no
Phalanger gymnotis,N,Mammalia,Diprotodontia,320,Phalangeridae,Phalanger_gymnotis,ground cuscus,frugivore/nectarivore,2530,,avocados w/co-EDTA,fiber/foliage,6,,transit time,,,,480,,,240,,5070,468,,Hume et al 1997,,yes,No
Phalanger gymnotis,N,Mammalia,Diprotodontia,320,Phalangeridae,Phalanger_gymnotis,ground cuscus,frugivore/nectarivore,2530,,avocados w/cell wall constituents,fiber/foliage,6,,transit time,,,,3150,,,1158,,6498,1662,,Hume et al 1997,,yes,No
Phascolarctos cinereus,N,Mammalia,Diprotodontia,,Phascolarctidae,Phascolarctos_cinereus,koala,folivore,5960,,hay + Cr-CWC particle marker,fiber/foliage,16,1,MRT,,,,,,,,,7200,,360,Krockenberger and Hume (2007),only adults included,Y,N
Phascolarctos cinereus,N,Mammalia,Diprotodontia,,Phascolarctidae,Phascolarctos_cinereus,koala,folivore,5960,,hay + Co-EDTA liquid marker,fiber/foliage,16,1,MRT,,,,,,,,,2360,,120,Krockenberger and Hume (2007),only adults included,Y,N
Phasianus colchicus,Y,Aves,Galliformes,,Phasianidae,Phasianus_colchicus,ring-necked pheasant,omnivore,1750,"Ring-necked Pheasant Identification, All About Birds, Cornell Lab of Ornithology",turkey breeder pellets,mixed,8,1,passage rate,,,,397.5,,,71.25,,,,,"Duke GE, Petrides GA, Ringer RK (1968) Chromium-51 in food metabolizability and passage rate studies with the ring-necked pheasant.¬†Poultry Science 47:1356-1364",,,n
Philantomba maxwellii,N,Mammalia,Artiodactyla,,Bovidae,Philantomba_maxwellii,Maxwell's duiker,frugivore/nectivore,9000,,mashed bananas + Cr particle marker,fruit/nectar/pollen,6,2,mean retention time,,,,,,,,,2532,384,,Conklin-Brittain and Dierenfeld (1996),,N,N
Phoca groenlandica,N,Mammalia,Carnivora,,Phocidae,Phoca_groenlandica,harp seal,carnivore,130000,animaldiversity.org,Fish + Cr-EDTA liquid marker,meat,2,6,MRT,,,,,,,,,414,,30,Martensson and Nordoy (1998),non-diving,Y,N
Phoca groenlandica,N,Mammalia,Carnivora,,Phocidae,Phoca_groenlandica,harp seal,carnivore,130000,animaldiversity.org,Fish + polyethylene particle marker,meat,2,6,MRT,,,,,,,,,1056,,60,Martensson and Nordoy (1998),non-diving,Y,N
Phoca vitulina,N,Mammalia,Carnivora,,Pinnipedia,Phoca_vitulina,harbour seal,carnivore,59200,,pollock,meat,8,1,retention time,,,,,,,,,1470,,,"Trumble SJ, Castellini MA (2005) Diet mixing in an aquatic carnivore, the harbour seal.¬†Canadian Journal of Zoology¬†83:851-859","estimated from graph, values taken from lowest intake weight and the high frequency diet",,no
Phoca vitulina,N,Mammalia,Carnivora,,Pinnipedia,Phoca_vitulina,harbour seal,carnivore,59200,,herring,meat,8,1,retention time,,,,,,,,,1290,,,"Trumble SJ, Castellini MA (2005) Diet mixing in an aquatic carnivore, the harbour seal.¬†Canadian Journal of Zoology¬†83:851-860","estimated from graph, values taken from lowest intake weight and the high frequency diet",,no
Phoca vitulina,N,Mammalia,Carnivora,,Pinnipedia,Phoca_vitulina,harbour seal,carnivore,59200,,mix,meat,8,1,retention time,,,,,,,,,1320,,,"Trumble SJ, Castellini MA (2005) Diet mixing in an aquatic carnivore, the harbour seal.¬†Canadian Journal of Zoology¬†83:851-861","estimated from graph, values taken from lowest intake weight and the high frequency diet",,no
Phoca vitulina,N,Mammalia,Carnivora,,Phocidae,Phoca_vitulina,harbour seal,carnivore,47000,,herring + carmine dye liquid marker,meat,4,1,TT,,,,230,,,75,,,,,Markussen (1993),,Y,N
Phoca vitulina,N,Mammalia,Carnivora,,Phocidae,Phoca_vitulina,harbor seal,carnivore,100000,,gelatin capsules + crushed activated charcoal ,protein,3,1,"transit time, reported as initial defecation time",,,,300,,,,,,,,Helm (1984),,Y,N
Phocoena phocoena,N,Mammalia,Artiodactyla,,Phocoenidae,Phocoena_phocoena,harbour porpoise,carnivore,25500,,fish + carmine dye liquid marker,meat,6,120,"TT (referred to as initial passage time, IPT)",106,,,165.5,,240,,,,,,Kastelein et al. (1997),trials not evenly distributed amongst individuals,N,N
Phocoena phocoena,N,Mammalia,Artiodactyla,,Phocoenidae,Phocoena_phocoena,harbour porpoise,carnivore,19750,,fish + carmine dye liquid marker,meat,2,10,Final transit time (FPT),,,,255,,,,,,,,Kastelein et al. (1997),final instance of dye appearing in feces,N,N
Phoebetria fusca,Y,Aves,Procellariiformes,,Diomedeidae,Phoebetria,Sooty Albatrosses,carnivore,2500,Sooty albatross - Wikipedia,pilchard,meat,5,4,mean retention time,,,,840,,,142.8,,960,,,Jackson S (1992) Do seabird gut sizes and mean retention times reflect adaptation to diet and foraging method?¬†Physiological Zoology 65:674-697,"MRTs estimated from graph, could not estimate SD","gastrointestinal, transit, time",n
Phoebetria fusca,Y,Aves,Procellariiformes,,Diomedeidae,Phoebetria,Sooty Albatrosses,carnivore,2500,Sooty albatross - Wikipedia,squid,meat,5,4,mean retention time,,,,918,,,204,,780,,,Jackson S (1992) Do seabird gut sizes and mean retention times reflect adaptation to diet and foraging method?¬†Physiological Zoology 65:674-698,"MRTs estimated from graph, could not estimate SD","gastrointestinal, transit, time",n
Phoebetria fusca,Y,Aves,Procellariiformes,,Diomedeidae,Phoebetria,Sooty Albatrosses,carnivore,2500,Sooty albatross - Wikipedia,prawn,meat,5,4,mean retention time,,,,840,,,138,,1020,,,Jackson S (1992) Do seabird gut sizes and mean retention times reflect adaptation to diet and foraging method?¬†Physiological Zoology 65:674-699,"MRTs estimated from graph, could not estimate SD","gastrointestinal, transit, time",n
Phoenicurus phoenicuris,Y,Aves,Passeriformes,,Muscicapidae,Phoenicurus_phoenicurus,Common redstart,frugivore/nectivore,17,Common redstart - Wikipedia,unknown,unknown,17,1,gut passage time,,,,40,,,7.9,,,,,"Guttal V, Bartumeus F, Hartvigsen G, Nevai AL (2011) Retention time variability as a mechanism for animal mediated long-distance dispersal.¬†PloS One¬†6:e28455",study appears to be fully theoretical,time,n
Phyllostomus discolor,Y,Mammalia,Chiroptera,188,Phyllostomidae,Phyllostomus_discolor,pale spear-nosed bat,omnivore,35,reported mean,mashed bananas with dye,fruit/nectar/pollen,6,12,Mean Passage Time: midpoint of feeding to midpoint of defecation event,,,,33.6,,,3.4,,,,,Laska 1994,,,Yes
Phyllostomus discolor,Y,Mammalia,Chiroptera,,Phyllostomidae,Phyllostomus_discolor,pale spear-nosed bat,omnivore,35,,banana + food dye,fruit/nectar/pollen,6,12,TT,,,,33.6,,,3.4,,,,,Laska (1990),,Y,N
Phyllotis darwini,N,Mammalia,Rodentia,0,Cricetidae,Phyllotis_darwini,Darwin's leaf-eared mouse,omnivore,81,,"alfalfa, wheat bran, maize, sucrose + Co-EDTA",fiber/foliage,6,,transit time,,,,228,,,,,546,,,Sakaguchi et al 1992c,,no,No
Phyllotis darwini,N,Mammalia,Rodentia,0,Cricetidae,Phyllotis_darwini,Darwin's leaf-eared mouse,omnivore,81,,"alfalfa, wheat bran, maize, sucrose + cell wall constituents",fiber/foliage,6,,transit time,,,,366,,,,,528,,,Sakaguchi et al 1992c,,no,No
Phyllotis xanthopygus,N,Mammalia,Rodentia,,Cricetidae,Phyllotis_xanthopygus,leaf-eared mouse,herbivore,55,Yellow-rumped leaf-eared mouse - Wikipedia,lucerne diet w/particle marker,fiber/foliage,6,1,transit time/retention time,,,,366,,,,,528,,,"Sakaguchi E, Ohmura S (1992) Fibre digestion and digesta retention time in guinea-pigs, degus and leaf-eared mice. Comparative Biochemistry and Physiology A 103:787-795",,"transit, time",no
Phyllotis xanthopygus,N,Mammalia,Rodentia,,Cricetidae,Phyllotis_xanthopygus,leaf-eared mouse,herbivore,56,Yellow-rumped leaf-eared mouse - Wikipedia,lucerne diet w/fluid marker,fiber/foliage,6,1,transit time/retention time,,,,66,,,,,198,,,"Sakaguchi E, Ohmura S (1992) Fibre digestion and digesta retention time in guinea-pigs, degus and leaf-eared mice. Comparative Biochemistry and Physiology A 103:787-796",,"transit, time",no
Phytotoma rara,Y,Aves,Passeriformes,,Contingidae,Phytotoma_rara,Rufuos tailed plant-cutter,folivore,40.9,,banana mash,fruit/nectar/pollen,12,1,mean retention time,,,,,,,,,60.6,12.9,,"L√≥pez-Calleja MV, Bozinovic F (1999) Feeding behavior and assimilation efficiency of the Rufous-tailed Plantcutter: a small avian herbivore.¬†The Condor¬†101:705-710",,time,n
Phytotoma rara,Y,Aves,Passeriformes,,Contingidae,Phytotoma_rara,Rufuos tailed plant-cutter,folivore,40.9,,lettuce,fiber/foliage,12,1,mean retention time,,,,,,,,,34.3,4.5,,"L√≥pez-Calleja MV, Bozinovic F (1999) Feeding behavior and assimilation efficiency of the Rufous-tailed Plantcutter: a small avian herbivore.¬†The Condor¬†101:705-711",,time,n
Pipistrellus pipistrellus,Y,Mammalia,Chiroptera,188,Vespertilionidae,Pipistrellus_pipistrellus,Common pipistrelle,insectivore,5.1,reported mean,fluorescent mealworm,protein,7,1,Transit time: time from feeding marker to first appearance of marker in feces,35,,69,,,93,,,254,,,Roswag et al. 2012,as reported in table 2,,Yes
Pipra mentalis,Y,Aves,Passeriformes,637.9,Pipridae,Pipra_fasciicauda,Red-capped manakin,frugivore/nectarivore,14.2,reported mean,marker or seed inserted into fruit or skin of fruit marked,fruit/nectar/pollen,6,1,Gut Passage Time: mean of eating to time of first sighting in feces,,,,15.23333333,,,2.016666667,,,,,Worthington 1989,took mean across the three different marker studies,,Yes
Pithecia monachus,N,Mammalia,Primates,,Pitheciidae,Pithecia_monachus,monk saki,omnivore,1900,,mixed fruit/veggies/bread/etc + plastic particle marker,protein,1,1,TT,,,,1200,,,,,,,,Milton (1984),,N,N
Pithecia pithecia,N,Mammalia,Primates,174.3696,Pitheciidae,Pithecia_pithecia,white-faced saki,folivore,1712.5,mean of all animals in study,leaves and fibers,fiber/foliage,4,2,Transit time: first marker in feces,,,,876,,,24,,1537.5,,,Norconk et al 2002,took mean of all trials with particulate and liquid markers (diet was the same),,Yes
Plecotus auritus,Y,Mammalia,Chiroptera,188,Vespertilionidae,Plecotus_auritus,Brown long-eared bat,insectivore,6.9,reported mean,fluorescent mealworm,protein,6,1,Transit time: time from feeding marker to first appearance of marker in feces,82,,92,,,103,,,132,,,Roswag et al. 2012,as reported in table 2,,Yes
Plectopterus gambensis,Y,Aves,Anseriformes,,Anatidae,Sarkidiornis_melanotos,Spur-winged goose,omnivore,3900,Spur-winged goose - Wikipedia,maize,fiber/foliage,4,2,mean retention time,,,,,,,,,382,,,"Halse SA (1984) Food intake, digestive efficiency and retention time in spur-winged geese Plectropterus gambensis.¬†South African Journal of Wildlife Research¬†14:106-110",,"gut, time",n
Plectopterus gambensis,Y,Aves,Anseriformes,,Anatidae,Sarkidiornis_melanotos,Spur-winged goose,omnivore,3900,Spur-winged goose - Wikipedia,rabbit pellets,protein,4,2,mean retention time,,,,,,,,,140,,,"Halse SA (1984) Food intake, digestive efficiency and retention time in spur-winged geese Plectropterus gambensis.¬†South African Journal of Wildlife Research¬†14:106-111",,"gut, time",n
Podarcis erhardii,N,Reptilia,Squamata,637.9,Lacertidae,Podarcis_erhardii,Aegean wall lizard,carnivore,5.78,reported mean,plastic marker in mealworm,protein,47,1,Gut Passage Time: time from feeding to first appearance of marker in feces,,,,2600,,,,,,,,Sagonas et al 2017,"mean was taken of values across three different stages of tail regeneration (day 0, 15, 90): 41,49,40 hrs",,Yes
Pogona vitticeps,N,Reptilia,Squamata,637.9,Agamidae,Pogona_vitticeps,Bearded dragon,omnivore,243.4,average of reported weights,"35% weight-by-volume suspension; leafy greens, crickets, mealworms",protein,7,,visible marker in colon,720,,1860,,,4320,,,,,,Grosset et al 2014,"""median time for contrast to reach the colon""",,Yes
Pongo pygmaeus,N,Mammalia,Primates,174.3696,Hominidae,Pongo_pygmaeus,Bornean orangutan,frugivore/nectarivore,70700,,jam sandwiches with Co-EDTA,fruit/nectar/pollen,3,1,transit time,,,,1452,,,48,,3912,768,,Caton et al. 1999,transit time: first appearance of the markers in feces,no,No
Pongo pygmaeus,N,Mammalia,Primates,174.3696,Hominidae,Pongo_pygmaeus,Bornean orangutan,frugivore/nectarivore,70700,,jam sandwiches with cell wall constituents,fruit/nectar/pollen,3,1,transit time,,,,1452,,,48,,4422,930,,Caton et al. 1999,transit time: first appearance of the markers in feces,no,No
Pongo pygmaeus,N,Mammalia,Primates,174.3696,Hominidae,Pongo_pygmaeus,Bornean orangutan,frugivore/nectarivore,72491.67,average of reported male and female mass from study,marked seed mimics in fruit,fruit/nectar/pollen,6,1,Transit time: first marker in feces,,,,4586,,9558,610,,,,,Tarszisz et al 2018,took mean of all trials in raw data,,Yes
Pongo pygmaeus,N,Mammalia,Primates,,Hominidae,Pongo_pygmaeus,Bornean Orangutan,herbivore,75000,Bornean orangutan - Wikipedia,seeds,fiber/foliage,1,1,passage time,,,,1800,,,,,,,,"Righini, N., Serio-Silva, J.C., Rico-Gray, V. and Mart√≠nez-Mota, R. (2004), Effect of different primate species on germination of Ficus (Urostigma) seeds. Zoo Biol., 23: 273-278. https://doi.org/10.1002/zoo.20012",,rate,N
Pongo pygmaeus,N,Mammalia,Primates,,Hominidae,Pongo_pygmaeus,Bornean orangutan,omnivore,53000,,mixed fruit/veggies/bread/etc + plastic particle marker,protein,2,1,TT,,,,2220,,,,,,,,Milton (1984),averaged across range,N,N
Pongo pygmaeus,N,Mammalia,Primates,,Hominidae,Pongo_pygmaeus,Bornean orangutan,frugivore/nectivore,67570,,"greens, leaves, dragon fruit seeds (low fiber diet)",fiber/foliage,4,5,transit time; MRT,,,,2718,,,,96,124.7,,540,Chang et al. (2016),,N,N
Pongo pygmaeus,N,Mammalia,Primates,,Hominidae,Pongo_pygmaeus,Bornean orangutan,frugivore/nectivore,67570,,"greens, leaves, dragon fruit seeds (high fiber diet)",fiber/foliage,4,5,transit time; MRT,,,,3600,,,,624,146.5,,684,Chang et al. (2016),,N,N
Potorous tridactylus,N,Mammalia,Diprotodontia,,Potoroidae,Potorous_longipes,Long-nosed Potoroo,herbivore,1250,Potorous tridactylus (long-nosed potoroo) | INFORMATION | Animal Diversity Web,fibrous diet,fiber/foliage,6,2,mean retention time,,,,,,,,,2100,,,"Wallis, I.R. (1994). The Rate of Passage of Digesta through the Gastrointestinal Tracts of Potoroine Marsupials: More Evidence about the Role of the Potoroine Foregut.¬†Physiological Zoology, 67, 771 - 795.",MRT values taken from Ru marker column,"gastrointestinal, time",N
Potorous tridactylus,N,Mammalia,Diprotodontia,,Potoroidae,Potorous_longipes,Long-nosed Potoroo,herbivore,1250,Potorous tridactylus (long-nosed potoroo) | INFORMATION | Animal Diversity Web,fibrous diet,fiber/foliage,8,2,mean retention time,,,,,,,,,1380,,,"Wallis, I.R. (1994). The Rate of Passage of Digesta through the Gastrointestinal Tracts of Potoroine Marsupials: More Evidence about the Role of the Potoroine Foregut.¬†Physiological Zoology, 67, 771 - 795.",MRT values taken from Ru marker column,"gastrointestinal, time",N
Potos flavus,N,Mammalia,Carnivora,,Procyonidae,Potos_flavus,kinkajou,frugivore,4250,,dog feed + fruit + plastic particle marker,protein,2,15,MRT,,,,,,,,,150,96,,Lambert et al. (2014),,Y,N
Prionailurus bengalensis,N,Mammalia,Carnivora,,Felidae,Prionailurus_bengalensis,Amur leopard cat,carnivore,5300,,"beef, beet pulp + acetate bead marker",protein,1,1,transit time,,,,1440,,,,,,,,Edwards et al. (2001),,Y,N
Prionailurus bengalensis,N,Mammalia,Carnivora,,Felidae,Prionailurus_bengalensis,Amur leopard cat,carnivore,5300,,"beef, cellulose/fructooligosaccharide blend + acetate bead marker",protein,1,1,transit time,,,,2880,,,,,,,,Edwards et al. (2001),,Y,N
Prionailurus bengalensis,N,Mammalia,Carnivora,,Felidae,Prionailurus_bengalensis,Amur leopard cat,carnivore,5300,,"beef, wood cellulose + acetate bead marker",protein,1,1,transit time,,,,1980,,,,,,,,Edwards et al. (2001),,Y,N
Promerops gurneyi,Y,Aves,Passeriformes,,Promeropidae,Promerops,gurney's sugarbird,frugivore/nectivore,34.75,Gurney's sugarbird - Wikipedia,.25 mol sucrose solution,fruit/nectar/pollen,2,1,transit time,,,,,,,,,6.1,1.21,,"Downs CT (1997) Sugar digestion efficiencies of Gurney's sugarbirds, malachite sunbirds, and black sunbirds.¬†Physiological Zoology 70:93-100",,transit,n
Propithecus tattersalli,N,Mammalia,Primates,,Indriidae,Propithecus_tattersalli,Golden crowned sifaka,folivore,3093,,"soybean meal and hulls, ground yellow corn, corn gluten meal, sumac leaves + Cr particle marker",fiber/foliage,3,1,transit time; MRT,,,,1200,,,,288,2178,,282,Campbell et al. (1999),,Y,N
Propithecus tattersalli,N,Mammalia,Primates,,Indriidae,Propithecus_tattersalli,Golden crowned sifaka,folivore,3093,,"soybean meal and hulls, ground yellow corn, corn gluten meal, sumac leaves + Co-EDTA liquid marker",fiber/foliage,3,1,transit time; MRT,,,,1200,,,,288,1926,,252,Campbell et al. (1999),,Y,N
Propithecus verreauxi coquereli,N,Mammalia,Primates,174.3696,Indriidae,Propithecus_verreauxi,Coquerel's sifaka,folivore,3396,mean of initial and final mass reported in paper,insoluble to soluble fiber diet,fiber/foliage,6,2,"TT: transit time, time from feeding to first appearance of marker in feces",,,,1471.8,,,105,,2077.8,180,,Campbell et al 2004,mean of Co and Cr values per species,,Yes
Propithecus verreauxi coquereli,N,Mammalia,Primates,,Indriidae,Propithecus_verreauxi,Coquerel's sifaka,folivore,3688,,"soybean meal and hulls, ground yellow corn, corn gluten meal, sumac leaves + Cr particle marker",fiber/foliage,6,1,transit time; MRT,,,,1020,,,,240,1878,,228,Campbell et al. (1999),,Y,N
Propithecus verreauxi coquereli,N,Mammalia,Primates,,Indriidae,Propithecus_verreauxi,Coquerel's sifaka,folivore,3688,,"soybean meal and hulls, ground yellow corn, corn gluten meal, sumac leaves + Co-EDTA liquid marker",fiber/foliage,6,1,transit time; MRT,,,,1020,,,,240,1884,,204,Campbell et al. (1999),,Y,N
Pseudocheirus peregrinus,N,Mammalia,Diprotodontia,320,Pseudocheiridae,Pseudocheirus_peregrinus,common ringtail possum,folivore,700,https://animaldiversity.org/accounts/Pseudocheirus_peregrinus/,eucalyptus foliage with particulate marker 103Ru-phenanthroline,fiber/foliage,,,mean retention time,,,,,,,,,2100,120,,Chilcott and Hume 1985,only reports mrt,no,No
Pseudocheirus peregrinus,N,Mammalia,Diprotodontia,320,Pseudocheiridae,Pseudocheirus_peregrinus,common ringtail possum,folivore,700,https://animaldiversity.org/accounts/Pseudocheirus_peregrinus/,eucalyptus foliage with Cr-EDTA,fiber/foliage,,,mean retention time,,,,,,,,,3780,120,,Chilcott and Hume 1985,only reports mrt,no,No
Pseudocheirus peregrinus,N,Mammalia,Diprotodontia,320,Pseudocheiridae,Pseudocheirus_peregrinus,common ringtail possum,folivore,661,,"alfalfa, oats, corn starch, sugar,dry matter, crude protein + Co-EDTA",fiber/foliage,4,,transit time,,,,390,36,,,,12582,3738,,Sakaguchi et al 1990,,no,No
Pseudocheirus peregrinus,N,Mammalia,Diprotodontia,320,Pseudocheiridae,Pseudocheirus_peregrinus,common ringtail possum,folivore,661,,"alfalfa, oats, corn starch, sugar,dry matter, crude protein + cell wall constituents",fiber/foliage,4,,transit time,,,,375,42,,,,10818,5745,,Sakaguchi et al 1990,,no,No
Pseudocheirus peregrinus,N,Mammalia,Diprotodontia,,Pseudocheiridae,Pseudocheirus_peregrinus,ringtail possum,herbivore,830,Common ringtail possum - Wikipedia,"diet 2 w/ fluid marker (alfalfa, oats, agar, corn starch, sugar, dry matter)",fiber/foliage,4,1,transit time/retention time,,,,6.5,,,0.6,,209.7,62.3,,"Sakaguchi E, Hume ID (1990) Digesta retention and fibre digestion in brushtail possums, ringtail possums and rabbits. Comparative Biochemistry and Physiology A 96:351-360",unclear whether times were given in minutes or hours,time,no
Pseudocheirus peregrinus,N,Mammalia,Diprotodontia,,Pseudocheiridae,Pseudocheirus_peregrinus,ringtail possum,herbivore,831,Common ringtail possum - Wikipedia,"diet 2 w/ fluid marker (alfalfa, oats, agar, corn starch, sugar, dry matter)",fiber/foliage,4,1,transit time/retention time,,,,6.5,,,0.6,,248.3,123,,"Sakaguchi E, Hume ID (1990) Digesta retention and fibre digestion in brushtail possums, ringtail possums and rabbits. Comparative Biochemistry and Physiology A 96:351-361",unclear whether times were given in minutes or hours,time,no
Pseudocheirus peregrinus,N,Mammalia,Diprotodontia,,Pseudocheiridae,Pseudocheirus_peregrinus,ringtail possum,herbivore,832,Common ringtail possum - Wikipedia,"diet 2 w/ fluid marker (alfalfa, oats, agar, corn starch, sugar, dry matter)",fiber/foliage,4,1,transit time/retention time,,,,6,,,0.8,,112.3,68.5,,"Sakaguchi E, Hume ID (1990) Digesta retention and fibre digestion in brushtail possums, ringtail possums and rabbits. Comparative Biochemistry and Physiology A 96:351-362",unclear whether times were given in minutes or hours,time,no
Psilopogon asiaticus,Y,Aves,Piciformes,,Megalaimidae,Megalaima_asiatica,blue-throated barbet,omnivore,95,Blue-throated barbet - Wikipedia,L. glutinosa fruit,fruit/nectar/pollen,5,1,retention time,,,,,,,,,32,,,"Shi TT, Wang B, Quan RC (2015) Effects of frugivorous birds on seed retention time and germination in Xishuangbanna, southwest China.¬†Zoological Research¬†36:241-268",MRT estimated from figure 23,time,no
Psilopogon asiaticus,Y,Aves,Piciformes,,Megalaimidae,Megalaima_asiatica,blue-throated barbet,omnivore,95,Blue-throated barbet - Wikipedia,S. hainanense fruit,fruit/nectar/pollen,5,1,retention time,,,,,,,,,24,,,"Shi TT, Wang B, Quan RC (2015) Effects of frugivorous birds on seed retention time and germination in Xishuangbanna, southwest China.¬†Zoological Research¬†36:241-269",MRT estimated from figure 24,time,no
Psilopogon asiaticus,Y,Aves,Piciformes,,Megalaimidae,Megalaima_asiatica,blue-throated barbet,omnivore,95,Blue-throated barbet - Wikipedia,P. suberosa fruit,fruit/nectar/pollen,5,1,retention time,,,,,,,,,20,,,"Shi TT, Wang B, Quan RC (2015) Effects of frugivorous birds on seed retention time and germination in Xishuangbanna, southwest China.¬†Zoological Research¬†36:241-270",MRT estimated from figure 25,time,no
Psilopogon asiaticus,Y,Aves,Piciformes,,Megalaimidae,Megalaima_asiatica,blue-throated barbet,omnivore,95,Blue-throated barbet - Wikipedia,M. paniculata fruit,fruit/nectar/pollen,5,1,retention time,,,,,,,,,37,,,"Shi TT, Wang B, Quan RC (2015) Effects of frugivorous birds on seed retention time and germination in Xishuangbanna, southwest China.¬†Zoological Research¬†36:241-271",MRT estimated from figure 26,time,no
Psilopogon asiaticus,Y,Aves,Piciformes,,Megalaimidae,Megalaima_asiatica,blue-throated barbet,omnivore,95,Blue-throated barbet - Wikipedia,O. bodinieri (big) fruit,fruit/nectar/pollen,5,1,retention time,,,,,,,,,24,,,"Shi TT, Wang B, Quan RC (2015) Effects of frugivorous birds on seed retention time and germination in Xishuangbanna, southwest China.¬†Zoological Research¬†36:241-272",MRT estimated from figure 27,time,no
Psilopogon asiaticus,Y,Aves,Piciformes,,Megalaimidae,Megalaima_asiatica,blue-throated barbet,omnivore,95,Blue-throated barbet - Wikipedia,O. bodinieri (small) fruit,fruit/nectar/pollen,5,1,retention time,,,,,,,,,31,,,"Shi TT, Wang B, Quan RC (2015) Effects of frugivorous birds on seed retention time and germination in Xishuangbanna, southwest China.¬†Zoological Research¬†36:241-273",MRT estimated from figure 28,time,no
Psilopogon asiaticus,Y,Aves,Piciformes,,Megalaimidae,Megalaima_asiatica,blue-throated barbet,omnivore,95,Blue-throated barbet - Wikipedia,A. squamulosa fruit,fruit/nectar/pollen,5,1,retention time,,,,,,,,,20,,,"Shi TT, Wang B, Quan RC (2015) Effects of frugivorous birds on seed retention time and germination in Xishuangbanna, southwest China.¬†Zoological Research¬†36:241-274",MRT estimated from figure 29,time,no
Psittacus erithacus,Y,Aves,Psittaciformes,637.9,Psittacidae,Psittacus_erithacus,African grey parrot,omnivore,446,reported mean,30% weight-by-volume suspension,unknown,8,,first excretia of marker,240,,,262.5,,360,44.64,,,,,Kubiak and Forbes 2012,,,Yes
Ptenochirus jagorii,Y,Mammalia,Chiroptera,188,Pteropodidae,Ptenochirus_jagorii,Greater musky fruit bat,frugivore/nectarivore,79.5,https://www.projectnoah.org/spottings/9449626,Ficus chrysolepis fruits with seeds,fruit/nectar/pollen,5,1,range of minimum transit time reported (site of seeds in feces),20-45,,57.5,,,,,,,,,Utzurrum and Heidman 1991,Range of minimum transit times reported only. Upper end of minimum time + half the range taken as the median,,Yes
Pteronotus rubiginosus,Y,Mammalia,Chiroptera,188,Mormoopidae,Pteronotus_rubiginosus,Parnell's mustached bat,insectivore,24.1,mean as reported in paper,"dye introduced through intubation, then track by lethal sampling at periodic intervals",unknown,5,1,"5 bats killed at 5 diff time points; first site of dye in colon; reported value at death in which ""some dye was still visible"" in all guts",,,,120,,,,,,,,Klite 1965,bats killed at 120 still had some dye in colon; formerly called Chilonycteris rubiginosa,,Yes
Pteronura brasiliensis,N,Mammalia,Carnivora,,Mustelidae,Pteronura_brasiliensis,giant river otter,carnivore,23000,,fish with colored plastic beads,meat,3,1,transit time; MRT,,,,187.8,,,31.2,,,,,Carter et al. (1999),,Y,N
Pteropus alecto,Y,Mammalia,Chiroptera,188,Pteropodidae,Pteropus_alecto,Black flying fox,frugivore/nectarivore,540,reported mass,"fruit mixture (pawpaws, apples, grapes, bananas, pears, mangoes) mixed with 25% barium sulfate",fruit/nectar/pollen,1,14,Intestinal transport time: feeding to first feces,18,,30,,,32,,,,,,Tedman and Hall 1985,study design is vague; averaged across food type trials,,Yes
Pteropus poliocephalus,Y,Mammalia,Chiroptera,188,Pteropodidae,Pteropus_poliocephalus,Grey-headed flying fox,frugivore/nectarivore,692,reported mass,"fruit mixture (pawpaws, apples, grapes, bananas, pears, mangoes) mixed with 25% barium sulfate",fruit/nectar/pollen,1,14,Intestinal transport time: feeding to first feces,12,,28.5,,,44,,,,,,Tedman and Hall 1985,study design is vague; averaged across food type trials,,Yes
Pteropus rufus,Y,Mammalia,Chiroptera,188,Pteropodidae,Pteropus_rufus,Madagascan Flying Fox,frugivore/nectarivore,625,https://animaldiversity.org/accounts/Pteropus_rufus/,banana with Ficus spp. seeds,fruit/nectar/pollen,4,1,Mean Retention Time,12,,,30,,,1470,,30,1470,,Oleksy et al. 2017,reported mean,,Yes
Ptiliogonys cinereus,Y,Aves,Passeriformes,,Ptiliogonatidae,Ptilogonys_caudatus,grey silky flycatchers,omnivore,33.5,,Prunus serotina seeds,fruit/nectar/pollen,4,1,gut retention time,,,,,,,,,18.4,0.14,,"Lara C, P√©rez G, Ornelas JF (2009) Provenance, guts, and fate: field and experimental evidence in a host-mistletoe-bird system.¬†Ecoscience 16:399-407",,"gut,",n
Ptiliogonys cinereus,Y,Aves,Passeriformes,,Ptiliogonatidae,Ptilogonys_caudatus,grey silky flycatchers,omnivore,33.5,,Crataegus pubescens fruit,fruit/nectar/pollen,4,1,gut retention time,,,,,,,,,21.9,0.15,,"Lara C, P√©rez G, Ornelas JF (2009) Provenance, guts, and fate: field and experimental evidence in a host-mistletoe-bird system.¬†Ecoscience 16:399-408",,,n
Ptiliogonys cinereus,Y,Aves,Passeriformes,,Ptiliogonatidae,Ptilogonys_caudatus,grey silky flycatchers,omnivore,33.5,,Salix bolandiana fruit,fruit/nectar/pollen,4,1,gut retention time,,,,,,,,,16.5,0.17,,"Lara C, P√©rez G, Ornelas JF (2009) Provenance, guts, and fate: field and experimental evidence in a host-mistletoe-bird system.¬†Ecoscience 16:399-409",,,n
Ptiliogonys cinereus,Y,Aves,Passeriformes,,Ptiliogonatidae,Ptilogonys_caudatus,silky flycatcher,omnivore,33.5,Gray Silky-flycatcher,fruit,fruit/nectar/pollen,7,18,retention time,,,,,,,,,26.7,2.2,,"Ram√≠rez MM, Ornelas JF (2009) Germination of Psittacanthus schiedeanus (mistletoe) seeds after passage through the gut of Cedar Waxwings and Grey Silky-flycatchers.¬†The Journal of the Torrey Botanical Society 136:322-334",,"passage, gut",no
Ptiliogonys cinereus,Y,Aves,Passeriformes,,Ptiliogonatidae,Ptilogonys_caudatus,silky flycatcher,omnivore,34.5,Gray Silky-flycatcher,fruit,fruit/nectar/pollen,7,18,retention time,,,,,,,,,28.7,3.9,,"Ram√≠rez MM, Ornelas JF (2009) Germination of Psittacanthus schiedeanus (mistletoe) seeds after passage through the gut of Cedar Waxwings and Grey Silky-flycatchers.¬†The Journal of the Torrey Botanical Society 136:322-335",,"passage, gut",no
Ptiliogonys cinereus,Y,Aves,Passeriformes,,Ptiliogonatidae,Ptilogonys_caudatus,silky flycatcher,omnivore,35.5,Gray Silky-flycatcher,fruit,fruit/nectar/pollen,7,18,retention time,,,,,,,,,11.8,0.5,,"Ram√≠rez MM, Ornelas JF (2009) Germination of Psittacanthus schiedeanus (mistletoe) seeds after passage through the gut of Cedar Waxwings and Grey Silky-flycatchers.¬†The Journal of the Torrey Botanical Society 136:322-336",,"passage, gut",no
Pudu puda,N,Mammalia,Artiodactyla,,Cervidae,Pudu_puda,Southern pudu,folivore,9000,,mashed bananas + Cr particle marker,fruit/nectar/pollen,6,2,mean retention time,,,,,,,,,1794,48,,Conklin-Brittain and Dierenfeld (1996),,N,N
Pycnonotus goiavier,Y,Aves,Passeriformes,,Pyconitidae,Pycnonotus_goiavier,Yellow-vented Bulbul,omnivore,40.5,,Ochradaneus fruit,fruit/nectar/pollen,7,3,retention time,,,,,,91.5,,,34.7,1.5,,"Spiegel O, Nathan R (2007) Incorporating dispersal distance into the disperser effectiveness framework: frugivorous birds provide complementary dispersal to plants in a patchy environment.¬†Ecology letters¬†10:718-729",,"gut, time",no
Pycnonotus xanthopygos,Y,Aves,Passeriformes,,Pycnonotidae,Pycnonotus_xanthopygos,White-Spectacled Bulbul,omnivore,37,White-spectacled Bulbul,P. acacia fruit,fruit/nectar/pollen,10,1,transit time,,,,19.3,,,4.1,,,,,"Green AK, Ward D, Griffiths ME (2009) Directed dispersal of mistletoe (Plicosepalus acaciae) by Yellow-vented Bulbuls (Pycnonotus xanthopygos).¬†Journal of Ornithology 150:167-173",,time,n
Pycnonotus xanthopygos,Y,Aves,Passeriformes,,Pycnonotidae,Pycnonotus_xanthopygos,White-Spectacled Bulbul,omnivore,37,White-spectacled Bulbul,P. acacia fruit w/ banana mash,fruit/nectar/pollen,9,1,transit time,,,,19.3,,,,,,,,"Green AK, Ward D, Griffiths ME (2009) Directed dispersal of mistletoe (Plicosepalus acaciae) by Yellow-vented Bulbuls (Pycnonotus xanthopygos).¬†Journal of Ornithology 150:167-174",,time,n
Pycnonotus xanthopygos,Y,Aves,Passeriformes,,Pycnonotidae,Pycnonotus_xanthopygos,White-Spectacled Bulbul,omnivore,37,White-spectacled Bulbul,P. acacia fruit w/ mealworms,protein,4,1,transit time,,,,19.3,,,,,,,,"Green AK, Ward D, Griffiths ME (2009) Directed dispersal of mistletoe (Plicosepalus acaciae) by Yellow-vented Bulbuls (Pycnonotus xanthopygos).¬†Journal of Ornithology 150:167-175",,time,n
Pyconotus aurigaster,Y,Aves,Passeriformes,,Pyconitidae,Pycnonotus_aurigaster,sooty-headed bulbul,omnivore,45,Sooty-headed Bulbul - Pycnonotus aurigaster - Birds of the World,L. glutinosa fruit,fruit/nectar/pollen,6,1,retention time,,,,,,,,,29,,,"Shi TT, Wang B, Quan RC (2015) Effects of frugivorous birds on seed retention time and germination in Xishuangbanna, southwest China.¬†Zoological Research¬†36:241-254",MRT estimated from figure 9,time,no
Pyconotus aurigaster,Y,Aves,Passeriformes,,Pyconitidae,Pycnonotus_aurigaster,sooty-headed bulbul,omnivore,45,Sooty-headed Bulbul - Pycnonotus aurigaster - Birds of the World,S. hainanense fruit,fruit/nectar/pollen,6,1,retention time,,,,,,,,,21,,,"Shi TT, Wang B, Quan RC (2015) Effects of frugivorous birds on seed retention time and germination in Xishuangbanna, southwest China.¬†Zoological Research¬†36:241-255",MRT estimated from figure 10,time,no
Pyconotus aurigaster,Y,Aves,Passeriformes,,Pyconitidae,Pycnonotus_aurigaster,sooty-headed bulbul,omnivore,45,Sooty-headed Bulbul - Pycnonotus aurigaster - Birds of the World,P. suberosa fruit,fruit/nectar/pollen,6,1,retention time,,,,,,,,,20,,,"Shi TT, Wang B, Quan RC (2015) Effects of frugivorous birds on seed retention time and germination in Xishuangbanna, southwest China.¬†Zoological Research¬†36:241-256",MRT estimated from figure 11,time,no
Pyconotus aurigaster,Y,Aves,Passeriformes,,Pyconitidae,Pycnonotus_aurigaster,sooty-headed bulbul,omnivore,45,Sooty-headed Bulbul - Pycnonotus aurigaster - Birds of the World,M. paniculata fruit,fruit/nectar/pollen,6,1,retention time,,,,,,,,,31,,,"Shi TT, Wang B, Quan RC (2015) Effects of frugivorous birds on seed retention time and germination in Xishuangbanna, southwest China.¬†Zoological Research¬†36:241-257",MRT estimated from figure 12,time,no
Pyconotus aurigaster,Y,Aves,Passeriformes,,Pyconitidae,Pycnonotus_aurigaster,sooty-headed bulbul,omnivore,45,Sooty-headed Bulbul - Pycnonotus aurigaster - Birds of the World,O. bodinieri (big) fruit,fruit/nectar/pollen,6,1,retention time,,,,,,,,,18,,,"Shi TT, Wang B, Quan RC (2015) Effects of frugivorous birds on seed retention time and germination in Xishuangbanna, southwest China.¬†Zoological Research¬†36:241-258",MRT estimated from figure 13,time,no
Pyconotus aurigaster,Y,Aves,Passeriformes,,Pyconitidae,Pycnonotus_aurigaster,sooty-headed bulbul,omnivore,45,Sooty-headed Bulbul - Pycnonotus aurigaster - Birds of the World,O. bodinieri (small) fruit,fruit/nectar/pollen,6,1,retention time,,,,,,,,,22,,,"Shi TT, Wang B, Quan RC (2015) Effects of frugivorous birds on seed retention time and germination in Xishuangbanna, southwest China.¬†Zoological Research¬†36:241-259",MRT estimated from figure 14,time,no
Pyconotus aurigaster,Y,Aves,Passeriformes,,Pyconitidae,Pycnonotus_aurigaster,sooty-headed bulbul,omnivore,45,Sooty-headed Bulbul - Pycnonotus aurigaster - Birds of the World,A. squamulosa fruit,fruit/nectar/pollen,6,1,retention time,,,,,,,,,21,,,"Shi TT, Wang B, Quan RC (2015) Effects of frugivorous birds on seed retention time and germination in Xishuangbanna, southwest China.¬†Zoological Research¬†36:241-260",MRT estimated from figure 15,time,no
Pyconotus joscosus,Y,Aves,Passeriformes,,Pyconitidae,Pycnonotus_jocosus,Red-whiskered bulbul,omnivore,32.5,Red whiskered Bulbul - Birding Depot,L. glutinosa fruit,fruit/nectar/pollen,8,1,retention time,,,,,,,,,28,,,"Shi TT, Wang B, Quan RC (2015) Effects of frugivorous birds on seed retention time and germination in Xishuangbanna, southwest China.¬†Zoological Research¬†36:241-247",MRT estimated from figure 2,time,no
Pyconotus joscosus,Y,Aves,Passeriformes,,Pyconitidae,Pycnonotus_jocosus,Red-whiskered bulbul,omnivore,32.5,Red whiskered Bulbul - Birding Depot,S. hainanense fruit,fruit/nectar/pollen,8,1,retention time,,,,,,,,,21,,,"Shi TT, Wang B, Quan RC (2015) Effects of frugivorous birds on seed retention time and germination in Xishuangbanna, southwest China.¬†Zoological Research¬†36:241-248",MRT estimated from figure 3,time,no
Pyconotus joscosus,Y,Aves,Passeriformes,,Pyconitidae,Pycnonotus_jocosus,Red-whiskered bulbul,omnivore,32.5,Red whiskered Bulbul - Birding Depot,P. suberosa fruit,fruit/nectar/pollen,8,1,retention time,,,,,,,,,25,,,"Shi TT, Wang B, Quan RC (2015) Effects of frugivorous birds on seed retention time and germination in Xishuangbanna, southwest China.¬†Zoological Research¬†36:241-249",MRT estimated from figure 4,time,no
Pyconotus joscosus,Y,Aves,Passeriformes,,Pyconitidae,Pycnonotus_jocosus,Red-whiskered bulbul,omnivore,32.5,Red whiskered Bulbul - Birding Depot,M. paniculata fruit,fruit/nectar/pollen,8,1,retention time,,,,,,,,,42,,,"Shi TT, Wang B, Quan RC (2015) Effects of frugivorous birds on seed retention time and germination in Xishuangbanna, southwest China.¬†Zoological Research¬†36:241-250",MRT estimated from figure 5,time,no
Pyconotus joscosus,Y,Aves,Passeriformes,,Pyconitidae,Pycnonotus_jocosus,Red-whiskered bulbul,omnivore,32.5,Red whiskered Bulbul - Birding Depot,O. bodinieri (big) fruit,fruit/nectar/pollen,8,1,retention time,,,,,,,,,17,,,"Shi TT, Wang B, Quan RC (2015) Effects of frugivorous birds on seed retention time and germination in Xishuangbanna, southwest China.¬†Zoological Research¬†36:241-251",MRT estimated from figure 6,time,no
Pyconotus joscosus,Y,Aves,Passeriformes,,Pyconitidae,Pycnonotus_jocosus,Red-whiskered bulbul,omnivore,32.5,Red whiskered Bulbul - Birding Depot,O. bodinieri (small) fruit,fruit/nectar/pollen,8,1,retention time,,,,,,,,,19,,,"Shi TT, Wang B, Quan RC (2015) Effects of frugivorous birds on seed retention time and germination in Xishuangbanna, southwest China.¬†Zoological Research¬†36:241-252",MRT estimated from figure 7,time,no
Pyconotus joscosus,Y,Aves,Passeriformes,,Pyconitidae,Pycnonotus_jocosus,Red-whiskered bulbul,omnivore,32.5,Red whiskered Bulbul - Birding Depot,A. squamulosa fruit,fruit/nectar/pollen,8,1,retention time,,,,,,,,,15,,,"Shi TT, Wang B, Quan RC (2015) Effects of frugivorous birds on seed retention time and germination in Xishuangbanna, southwest China.¬†Zoological Research¬†36:241-253",MRT estimated from figure 8,time,no
Pygathrix nemaeus,N,Mammalia,Primates,,Cercopithecidae,Pygathrix_nemaeus,red-shanked douc,folivore,8100,,leaves/veggies + Co liquid marker,fiber/foliage,2,1,MRT,,,,,,,,,2970,,,Matsuda et al. (2019),averaged by sp.,Y,N
Pygathrix nemaeus,N,Mammalia,Primates,,Cercopithecidae,Pygathrix_nemaeus,red-shanked douc,folivore,8100,,leaves/veggies + 2mm Cr particle marker,fiber/foliage,2,1,MRT,,,,,,,,,3180,,,Matsuda et al. (2019),averaged by sp.,Y,N
Pygathrix nemaeus,N,Mammalia,Primates,,Cercopithecidae,Pygathrix_nemaeus,red-shanked douc,folivore,8100,,leaves/veggies + 5mm La particle marker,fiber/foliage,2,1,MRT,,,,,,,,,2970,,,Matsuda et al. (2019),averaged by sp.,Y,N
Pygathrix nemaeus,N,Mammalia,Primates,,Cercopithecidae,Pygathrix_nemaeus,red-shanked douc,folivore,8100,,leaves/veggies + 8mm Ce particle marker,fiber/foliage,2,1,MRT,,,,,,,,,2970,,,Matsuda et al. (2019),averaged by sp.,Y,N
Pygathrix nemaeus,N,Mammalia,Primates,,Cercopithecidae,Pygathrix_nemaeus,red-shanked douc langur,folivore,1210,,"soybean, corn, fruit nectar (low fiber diet) + acetate bead marker",fiber/foliage,1,1,transit time; MRT,,,,1890,,,,,,,,Edwards and Ullrey (1999b),,Y,N
Pygathrix nemaeus,N,Mammalia,Primates,,Cercopithecidae,Pygathrix_nemaeus,red-shanked douc langur,folivore,1210,,"soybean, corn, fruit nectar (low fiber diet) + Co-EDTA liquid marker",fiber/foliage,1,1,transit time; MRT,,,,90,,,,,2130,,,Edwards and Ullrey (1999b),,Y,N
Pygathrix nemaeus,N,Mammalia,Primates,,Cercopithecidae,Pygathrix_nemaeus,red-shanked douc langur,folivore,1210,,"soybean, corn, fruit nectar (low fiber diet) + Cr particle marker",fiber/foliage,1,1,transit time; MRT,,,,90,,,,,2028,,,Edwards and Ullrey (1999b),,Y,N
Pygathrix nemaeus,N,Mammalia,Primates,,Cercopithecidae,Pygathrix_nemaeus,red-shanked douc langur,folivore,1175,,"soybean, corn, fruit nectar (high fiber diet) + acetate bead marker",fiber/foliage,1,1,transit time; MRT,,,,2610,,,,,,,,Edwards and Ullrey (1999b),,Y,N
Pygathrix nemaeus,N,Mammalia,Primates,,Cercopithecidae,Pygathrix_nemaeus,red-shanked douc langur,folivore,1175,,"soybean, corn, fruit nectar (high fiber diet) + Co-EDTA liquid marker",fiber/foliage,1,1,transit time; MRT,,,,1170,,,,,1950,,,Edwards and Ullrey (1999b),,Y,N
Pygoscelis papua,N,Aves,Sphenisciformes,,Spheniscidae,Pygoscelis_papua,gentoo penguin,carnivore,6500,Gentoo penguin - Wikipedia,pilchard,meat,5,4,mean retention time,,,,,,,,,750,,,Jackson S (1992) Do seabird gut sizes and mean retention times reflect adaptation to diet and foraging method?¬†Physiological Zoology 65:674-706,"MRTs estimated from graph, could not estimate SD","gastrointestinal, transit, time",n
Pygoscelis papua,N,Aves,Sphenisciformes,,Spheniscidae,Pygoscelis_papua,gentoo penguin,carnivore,6500,Gentoo penguin - Wikipedia,squid,meat,5,4,mean retention time,,,,,,,,,756,,,Jackson S (1992) Do seabird gut sizes and mean retention times reflect adaptation to diet and foraging method?¬†Physiological Zoology 65:674-707,"MRTs estimated from graph, could not estimate SD","gastrointestinal, transit, time",
Pygoscelis papua,N,Aves,Sphenisciformes,,Spheniscidae,Pygoscelis_papua,gentoo penguin,carnivore,6500,Gentoo penguin - Wikipedia,prawn,meat,5,4,mean retention time,,,,,,,,,1080,,,Jackson S (1992) Do seabird gut sizes and mean retention times reflect adaptation to diet and foraging method?¬†Physiological Zoology 65:674-708,"MRTs estimated from graph, could not estimate SD","gastrointestinal, transit, time",
Pygoscelis papua,N,Aves,Sphenisciformes,,Spheniscidae,Pygoscelis_papua,Gentoo Penguin,carnivore,1500,,aqueous phase marker,meat,6,1,retention time,,,,,,,,,456,,,"Roby DD, Brink KL, Place AR (1989) Relative passage rates of lipid and aqueous digesta in the formation of stomach oils.¬†The Auk¬†106:303-315",study done on juveniles,time,no
Pygoscelis papua,N,Aves,Sphenisciformes,,Spheniscidae,Pygoscelis_papua,Gentoo Penguin,carnivore,1500,,lipid phase marker,meat,6,1,retention time,,,,,,,,,534,,,"Roby DD, Brink KL, Place AR (1989) Relative passage rates of lipid and aqueous digesta in the formation of stomach oils.¬†The Auk¬†106:303-316",study done on juveniles,time,no
Python molurus,N,Reptilia,Squamata,637.9,Boidae,Python_molurus,Indian python,carnivore,91000,https://animaldiversity.org/accounts/Python_molurus/,mice,meat,7,,transit time,,,,50400,,,10800,,,,,Lillywhite et al 2002,"measured ""gut passage time"" same as transit time (first pass of markers in feces)",yes,No
Python regius,N,Reptilia,Squamata,637.9,Pythonidae,Python_regius,Ball python,carnivore,1300,,35% weight-by-volume suspension,unknown,6,,first excretia of marker (barium sulfate),,,,2880,,,910.2,,,,,Banzato et al. 2012,measurements correspond to end of small intestine transit time (i.e. all material is now in large intestine) so should be somewhat shorter than full gut transit,,Yes
Python regius,N,Reptilia,Squamata,637.9,Pythonidae,Python_regius,Ball python,carnivore,1300,,25% weight-by-volume suspension,unknown,6,,first excretia of marker (barium sulfate),,,,3360,,,744,,,,,Banzato et al. 2012,,,Yes
Python regius,N,Reptilia,Squamata,637.9,Pythonidae,Python_regius,Ball python,carnivore,1300,,45% weight-by-volume suspension,unknown,6,,first excretia of marker (barium sulfate),,,,3120,,,588,,,,,Banzato et al. 2012,,,Yes
Ramphastos pluricinctus,Y,Aves,Piciformes,,Ramphastidae,Pteroglossus_pluricinctus,Many-banded arcari,frugivore/nectivore,258.5,,virola flexuosa,fruit/nectar/pollen,,1,mean retention time,,,,,,,,,30,,,"Holbrook KM, Loiselle BA (2007) Using toucan-generated dispersal models to estimate seed dispersal in Amazonian Ecuador.¬†In Seed dispersal: theory and its application in a changing world. Wallingford, UK: CAB International Publishing p.300-321",can only access abstract,"gut, time",n
Rana catesbeiana,N,Amphibia,Anura,703.3731,Ranidae,Lithobates_catesbeianus,bullfrog,omnivore,2.12,mass of mean mass reported for both trials (tadpoles),flaked fish food,fiber/foliage,34,1,transit time: time ingestion to first excretia of marker,,,,360,,,0,,540,,,Pryor et al 2005,mean as reported,,Yes
Rangifer tarandus,N,Mammalia,Artiodactyla,,Cervidae,Rangifer_tarandus,reindeer,folivore,186500,animaldiversity.org,browse + Co-EDTA fluid marker,fiber/foliage,4,1,MRT,,,,,,,,,2280,180,,Lechner et al. (2010),,N,N
Rangifer tarandus,N,Mammalia,Artiodactyla,,Cervidae,Rangifer_tarandus,reindeer,folivore,186500,animaldiversity.org,browse + 2mm Cr particle marker,fiber/foliage,4,1,MRT,,,,,,,,,3480,480,,Lechner et al. (2010),,N,N
Rangifer tarandus,N,Mammalia,Artiodactyla,,Cervidae,Rangifer_tarandus,reindeer,folivore,186500,animaldiversity.org,browse + 10mm Ce particle marker,fiber/foliage,4,1,MRT,,,,,,,,,3060,660,,Lechner et al. (2010),,N,N
Rangifer tarandus,N,Mammalia,Artiodactyla,,Cervidae,Rangifer_tarandus,reindeer,folivore,186500,animaldiversity.org,browse + 20mm La particle marker,fiber/foliage,4,1,MRT,,,,,,,,,3540,540,,Lechner et al. (2010),,N,N
Rangifer tarandus,N,Mammalia,Artiodactyla,,Cervidae,Rangifer_tarandus,reindeer,folivore,186500,animaldiversity.org,pellets + Co-EDTA fluid marker,fiber/foliage,4,1,MRT,,,,,,,,,1560,180,,Lechner et al. (2010),,N,N
Rangifer tarandus,N,Mammalia,Artiodactyla,,Cervidae,Rangifer_tarandus,reindeer,folivore,186500,animaldiversity.org,pellets + 2mm Cr particle marker,fiber/foliage,4,1,MRT,,,,,,,,,2280,480,,Lechner et al. (2010),,N,N
Rangifer tarandus,N,Mammalia,Artiodactyla,,Cervidae,Rangifer_tarandus,reindeer,folivore,186500,animaldiversity.org,pellets + 10mm Ce particle marker,fiber/foliage,4,1,MRT,,,,,,,,,3060,660,,Lechner et al. (2010),,N,N
Rangifer tarandus,N,Mammalia,Artiodactyla,,Cervidae,Rangifer_tarandus,reindeer,folivore,186500,animaldiversity.org,pellets + 20mm La particle marker,fiber/foliage,4,1,MRT,,,,,,,,,3060,540,,Lechner et al. (2010),,N,N
Rattus norvegicus,N,Mammalia,Rodentia,0,Muridae,Rattus_norvegicus,common rat,omnivore,295,,"alfalfa, wheat bran, maize, sucrose + Co-EDTA",fiber/foliage,6,,transit time,,,,432,,,,,786,,,Sakaguchi et al 1987,,no,No
Rattus norvegicus,N,Mammalia,Rodentia,0,Muridae,Rattus_norvegicus,common rat,omnivore,295,,"alfalfa, wheat bran, maize, sucrose + cell wall constituents",fiber/foliage,6,,transit time,,,,360,,,,,726,,,Sakaguchi et al 1987,,no,No
Rattus rattus,N,Mammalia,Rodentia,,Muridae,Rattus_tanezumi,rat,omnivore,242,Black rat - Wikipedia,nonpurified diet continaing grain and meat,fiber/foliage,10,1,transit time,,,,45,,,,,,,,"Williams VJ, Senior W. The effects of coprophagy in the adult rat on rate of passage of digesta and on digestibility of food fed ad libitum and in restricted amounts. J Nutr. 1985 Sep;115(9):1147-53. doi: 10.1093/jn/115.9.1147. PMID: 4040961.",,"rate, passage",N
Rhea americana,N,Aves,Struthioniformes,637.9,Rheidae,Rhea_americana,greater rhea,omnivore,24000,,alfalfa pellets + Co-EDTA,fiber/foliage,5,,"TT: transit time, time from feeding to first appearance of marker in feces",,,,388.6795815,,,,,822,438,,Frei et al 2015,TT extracted from figure; MRT reported in main text,no,No
Rhea americana,N,Aves,Struthioniformes,637.9,Rheidae,Rhea_americana,greater rhea,omnivore,24000,,alfalfa pellets + chromium mordanted fiber,fiber/foliage,5,,"TT: transit time, time from feeding to first appearance of marker in feces",,,,390.6756251,,,,,708,270,,Frei et al 2015,TT extracted from figure; MRT reported in main text,no,No
Rhea americana,N,Aves,Struthioniformes,637.9,Rheidae,Rhea_americana,greater rhea,omnivore,24000,,alfalfa pellets + cerium mordanted fibers,fiber/foliage,5,,"TT: transit time, time from feeding to first appearance of marker in feces",,,,390.4011691,,,,,732,264,,Frei et al 2015,TT extracted from figure; MRT reported in main text,no,No
Rhea americana,N,Aves,Palaeognathae,,Rheidae,Rhea_americana,Greater Rhea,omnivore,24500,,alfalfa pellet,fiber/foliage,5,1,transit time,,,,,,,,,780,660,,"Frei S, Ortmann S, Reutlinger C, Kreuzer M, Hatt J-M, Clauss M (2015) Comparative digesta retention patterns in ratites. The Auk: Ornithological Advances 132:119-132",,gut,n
Rhinoceros unicornis,N,Mammalia,Perissodactyla,,Rhinocerotidae,Rhinoceros_unicornis,Indian rinoceros,folivore,1950000,https://animaldiversity.org/accounts/Rhinoceros_unicornis/,fruit + seed markers,fruit/nectar/pollen,1,2,mean retention time,2760,,,,,,,,4560,,,Dinerstein and Wemmer (1988),number of individuals is unclear; calculated from the range of peak passage event timing,N,N
Rhinopithecus bieti,N,Mammalia,Primates,174.3696,Cercopithecidae,Rhinopithecus_bieti,Snub-Nosed Monkey,folivore,11750,https://animaldiversity.org/accounts/Rhinopithecus_bieti/#food_habits,"dicot leaves, fruit, plastic markers",fruit/nectar/pollen,3,2,transit time: time from ingestion to Ô¨Årst appearance of marker in feces according to Van Soest (1994),1140,,,1560,,2940,,,2250,,,Kirkpatrick et al. 2001,took mean of two trials with fruit,,Yes
Rhinopithecus bieti,N,Mammalia,Primates,174.3696,Cercopithecidae,Rhinopithecus_bieti,Snub-Nosed Monkey,folivore,11750,https://animaldiversity.org/accounts/Rhinopithecus_bieti/#food_habits,"grain, grasses",fiber/foliage,3,1,transit time: time from ingestion to Ô¨Årst appearance of marker in feces according to Van Soest (1994),,,,1800,,,,,3960,,,Kirkpatrick et al. 2001,one trial with only foliage,,Yes
Rhinoptera bonasus,N,Chondrichthyes,Myliobatiformes,924.8,Rhinopteridae,Rhinoptera_steindachneri,cownose rays,carnivore,10000,,98% weight-by-volume suspension,meat,8,,first excretia of marker,1380,,,1380,,1380,0,,,,,Joblon et al 2020,,,Yes
Rissa tridactyla,Y,Aves,Charadriiformes,,Laridae,Rissa_tridactyla,Black-legged kittiwake,carnivore,366,,lesser sandeel,meat,5,1,mean retention time,,,,,,,,,297.6,7.2,,"Hilton GM, Houston DC, Furness RW (1998) Which components of diet quality affect retention time of digesta in seabirds?¬†Functional Ecology¬†12:929-939",,"gut,time",n
Rissa tridactyla,Y,Aves,Charadriiformes,,Laridae,Rissa_tridactyla,Black-legged kittiwake,carnivore,366,,small whiting,meat,11,1,mean retention time,,,,,,,,,315,12,,"Hilton GM, Houston DC, Furness RW (1998) Which components of diet quality affect retention time of digesta in seabirds?¬†Functional Ecology¬†12:929-940",,"gut,time",n
Rissa tridactyla,Y,Aves,Charadriiformes,,Laridae,Rissa_tridactyla,Black-legged kittiwake,carnivore,366,,sprat,meat,6,1,mean retention time,,,,,,,,,328.2,18.6,,"Hilton GM, Houston DC, Furness RW (1998) Which components of diet quality affect retention time of digesta in seabirds?¬†Functional Ecology¬†12:929-941",,"gut,time",n
Rissa tridactyla,Y,Aves,Charadriiformes,,Laridae,Rissa_tridactyla,Black-legged kittiwake,carnivore,366,,sandeel,meat,,1,mean retention time,,,,37.6,,,6.5,,385.8,22.8,,"Hilton GM, Furness RW, Houston DC (2000) A comparative study of digestion in North Atlantic seabirds.¬†Journal of Avian Biology 31:36-52",could not find number of birds,"gut, passage, time",n
Rissa tridactyla,Y,Aves,Charadriiformes,,Laridae,Rissa_tridactyla,Black-legged kittiwake,carnivore,366,,whiting,meat,,1,mean retention time,,,,48.4,,,9.2,,421.2,67.2,,"Hilton GM, Furness RW, Houston DC (2000) A comparative study of digestion in North Atlantic seabirds.¬†Journal of Avian Biology 31:36-53",could not find number of birds,"gut, passage, time",n
Rousettus aegyptiacus,Y,Mammalia,Chiroptera,188,Pteropodidae,Rousettus_aegyptiacus,Egyptian fruit bat,frugivore/nectarivore,127.5,reported mass,banana with dye,fruit/nectar/pollen,,,first dye in poop,,,,20,,,1,,,,,Wolton et al. 1982,average of times of varius defecations in table 2,,Yes
Rubigula  Flaviventris,Y,Aves,Passeriformes,,Pyconitidae,Pycnonotus_flaviventris,black-crested bulbul,omnivore,31,Black-Crested Bulbul,L. glutinosa fruit,fruit/nectar/pollen,8,1,retention time,,,,,,,,,27,,,"Shi TT, Wang B, Quan RC (2015) Effects of frugivorous birds on seed retention time and germination in Xishuangbanna, southwest China.¬†Zoological Research¬†36:241-261",MRT estimated from figure 16,time,no
Rubigula  Flaviventris,Y,Aves,Passeriformes,,Pyconitidae,Pycnonotus_flaviventris,black-crested bulbul,omnivore,31,Black-Crested Bulbul,S. hainanense fruit,fruit/nectar/pollen,8,1,retention time,,,,,,,,,17,,,"Shi TT, Wang B, Quan RC (2015) Effects of frugivorous birds on seed retention time and germination in Xishuangbanna, southwest China.¬†Zoological Research¬†36:241-262",MRT estimated from figure 17,time,no
Rubigula  Flaviventris,Y,Aves,Passeriformes,,Pyconitidae,Pycnonotus_flaviventris,black-crested bulbul,omnivore,31,Black-Crested Bulbul,P. suberosa fruit,fruit/nectar/pollen,8,1,retention time,,,,,,,,,15,,,"Shi TT, Wang B, Quan RC (2015) Effects of frugivorous birds on seed retention time and germination in Xishuangbanna, southwest China.¬†Zoological Research¬†36:241-263",MRT estimated from figure 18,time,no
Rubigula  Flaviventris,Y,Aves,Passeriformes,,Pyconitidae,Pycnonotus_flaviventris,black-crested bulbul,omnivore,31,Black-Crested Bulbul,M. paniculata fruit,fruit/nectar/pollen,8,1,retention time,,,,,,,,,33,,,"Shi TT, Wang B, Quan RC (2015) Effects of frugivorous birds on seed retention time and germination in Xishuangbanna, southwest China.¬†Zoological Research¬†36:241-264",MRT estimated from figure 19,time,no
Rubigula  Flaviventris,Y,Aves,Passeriformes,,Pyconitidae,Pycnonotus_flaviventris,black-crested bulbul,omnivore,31,Black-Crested Bulbul,O. bodinieri (big) fruit,fruit/nectar/pollen,8,1,retention time,,,,,,,,,18,,,"Shi TT, Wang B, Quan RC (2015) Effects of frugivorous birds on seed retention time and germination in Xishuangbanna, southwest China.¬†Zoological Research¬†36:241-265",MRT estimated from figure 20,time,no
Rubigula  Flaviventris,Y,Aves,Passeriformes,,Pyconitidae,Pycnonotus_flaviventris,black-crested bulbul,omnivore,31,Black-Crested Bulbul,O. bodinieri (small) fruit,fruit/nectar/pollen,8,1,retention time,,,,,,,,,16,,,"Shi TT, Wang B, Quan RC (2015) Effects of frugivorous birds on seed retention time and germination in Xishuangbanna, southwest China.¬†Zoological Research¬†36:241-266",MRT estimated from figure 21,time,no
Rubigula  Flaviventris,Y,Aves,Passeriformes,,Pyconitidae,Pycnonotus_flaviventris,black-crested bulbul,omnivore,31,Black-Crested Bulbul,A. squamulosa fruit,fruit/nectar/pollen,8,1,retention time,,,,,,,,,18,,,"Shi TT, Wang B, Quan RC (2015) Effects of frugivorous birds on seed retention time and germination in Xishuangbanna, southwest China.¬†Zoological Research¬†36:241-267",MRT estimated from figure 22,time,no
Rubigula flaviventris,Y,Aves,Passeriformes,,Pyconotidae,Pycnonotus_flaviventris,Black-crested bulbul,,27.2,,various wild fruits,fruit/nectar/pollen,13,1,gut passage time,,,,35,,,8,,,,,"Khamcha D, Savini T, Westcott DA, McKeown A, Brockelman WY, Chimchome V, Gale GA (2014) Behavioral and social structure effects on seed dispersal curves of a forest‚Äêinterior bulbul (Pycnonotidae) in a tropical evergreen forest.¬†Biotropica 46:294-302",,,n
Saguinus fusicollis,N,Mammalia,Primates,,Callitrichidae,Leontocebus_nigricollis,saddle-back tamarin,insectivore,403.25,"Saddleback Tamarin, Leontocebus fuscicollis | New England Primate Conservancy","basic diet (canned marmoset diet, banana, gelatin)",fruit/nectar/pollen,7,2,transit time,,,,175,,,,,,,,"Power ML, Oftedal OT (1996) Differences among captive callitrichids in the digestive responses to dietary gum. American Journal of Primatology 40:131-148",,"transit, time",no
Saguinus fusicollis,N,Mammalia,Primates,,Callitrichidae,Leontocebus_nigricollis,saddle-back tamarin,insectivore,404.25,"Saddleback Tamarin, Leontocebus fuscicollis | New England Primate Conservancy",basic diet w/gum arabic,fruit/nectar/pollen,7,2,transit time,,,,170,,,,,,,,"Power ML, Oftedal OT (1996) Differences among captive callitrichids in the digestive responses to dietary gum. American Journal of Primatology 40:131-149",,"transit, time",no
Saguinus oedipus,N,Mammalia,Primates,,Callitrichidae,Saguinus_oedipus,cotton-top tamarin,insectivore,432,Cotton-top tamarin - Wikipedia,"basic diet (canned marmoset diet, banana, gelatin)",fruit/nectar/pollen,10,2,transit time,,,,220,,,,,,,,"Power ML, Oftedal OT (1996) Differences among captive callitrichids in the digestive responses to dietary gum. American Journal of Primatology 40:131-150",,"transit, time",no
Saguinus oedipus,N,Mammalia,Primates,,Callitrichidae,Saguinus_oedipus,cotton-top tamarin,insectivore,432,Cotton-top tamarin - Wikipedia,basic diet w/gum arabic,fruit/nectar/pollen,10,2,transit time,,,,215,,,,,,,,"Power ML, Oftedal OT (1996) Differences among captive callitrichids in the digestive responses to dietary gum. American Journal of Primatology 40:131-151",,"transit, time",no
Saltator similis,Y,Aves,Passeriformes,,Thraupidae,Saltator_similis,Green winged saltator,omnivore,43.3,,Morus nigra seeds,fiber/foliage,2,1,gut passage time,,,,,,,,,27.5,,,"Gasperin G, Pizo MA (2012) Passage time of seeds through the guts of frugivorous birds, a first assessment in Brazil.¬†Revista Brasileira de Ornitologia 20:48-67",,"gut, time",n
Saltator similis,Y,Aves,Passeriformes,,Thraupidae,Saltator_similis,Green winged saltator,omnivore,43.3,,Psychotria carthagenesis seeds,fiber/foliage,1,1,gut passage time,,,,,,,,,32,,,"Gasperin G, Pizo MA (2012) Passage time of seeds through the guts of frugivorous birds, a first assessment in Brazil.¬†Revista Brasileira de Ornitologia 20:48-68",,"gut, time",n
Saltator similis,Y,Aves,Passeriformes,,Thraupidae,Saltator_similis,Green winged saltator,omnivore,43.3,,Schinus terebinthifolia seeds,fiber/foliage,3,1,gut passage time,,,,,,,,,32.5,19.6,,"Gasperin G, Pizo MA (2012) Passage time of seeds through the guts of frugivorous birds, a first assessment in Brazil.¬†Revista Brasileira de Ornitologia 20:48-69",,"gut, time",n
Sauromalus ater,N,Reptilia,Squamata,,Iguanidae,Sauromalus_ater,chuckwalla,folivore,173,,hydrated alfalfa + Sudan III liquid marker,fiber/foliage,3,1,MRT,,,,,,,,,4320,,,Karasov et al. (1986),"50% elimination times, roughly equivalent; listed as Sauromalus obesus",Y,N
Saxicola torquata,Y,Aves,Passeriformes,,Muscicapidae,Saxicola_torquatus,African stonechat,frugivore/nectivore,3.9,paleodb.org/paleodb.pl?a=taxonPage&genus=Saxicola&species=torquatus,unknown,unknown,3,1,gut passage time,,,,52,,,8.5,,,,,"Guttal V, Bartumeus F, Hartvigsen G, Nevai AL (2011) Retention time variability as a mechanism for animal mediated long-distance dispersal.¬†PloS One¬†6:e28456",study appears to be fully theoretical,time,n
Scotonycteris zenkeri,Y,Mammalia,Chiroptera,188,Pteropodidae,Scotonycteris_zenkeri,Zenker's fruit bat,frugivore/nectarivore,20.5,reported mass,banana with dye,fruit/nectar/pollen,,,first dye in poop,,,,24,,,8,,,,,Wolton et al. 1982,average of times of varius defecations in table 2,,Yes
Selasphorous rufus,Y,Aves,Apodiformes,,Trochilidae,Selasphorus_rufus,Rufous Hummingbirds,frugivore/nectivore,2.5,https://en.wikipedia.org/wiki/Rufous_hummingbird,sugar water,fruit/nectar/pollen,4,1,transit time,,,,15,,,,,48,2,,"Karasov WH, Phan D, Diamond JM, Carpenter FL (1986) Food passage and intestinal nutrient absorption in hummingbirds.¬†The Auk 103:453-464",,"passage, time",n
Semnopithecus vetulus,N,Mammalia,Primates,,Cercopithecidae,Trachypithecus_vetulus,purple-faced langur,folivore,5400,,leaves/veggies + Co liquid marker,fiber/foliage,3,1,MRT,,,,,,,,,3240,,,Matsuda et al. (2019),averaged by sp.,Y,N
Semnopithecus vetulus,N,Mammalia,Primates,,Cercopithecidae,Trachypithecus_vetulus,purple-faced langur,folivore,5400,,leaves/veggies + 2mm Cr particle marker,fiber/foliage,3,1,MRT,,,,,,,,,4080,,,Matsuda et al. (2019),averaged by sp.,Y,N
Semnopithecus vetulus,N,Mammalia,Primates,,Cercopithecidae,Trachypithecus_vetulus,purple-faced langur,folivore,5400,,leaves/veggies + 5mm La particle marker,fiber/foliage,3,1,MRT,,,,,,,,,3720,,,Matsuda et al. (2019),averaged by sp.,Y,N
Semnopithecus vetulus,N,Mammalia,Primates,,Cercopithecidae,Trachypithecus_vetulus,purple-faced langur,folivore,5400,,leaves/veggies + 8mm Ce particle marker,fiber/foliage,3,1,MRT,,,,,,,,,3780,,,Matsuda et al. (2019),averaged by sp.,Y,N
Serinus domestica,Y,Aves,Passeriformes,,Fringillidae,Serinus_canaria,canary,granivorous,17.5,Domestic canary - Wikipedia,greens,fiber/foliage,20,1,passage time,31,,,,,86,,,,,,Malone CR (1965) Dispersal of plankton: rate of food passage in mallard ducks.¬†The Journal of Wildlife Management 29:529-538,No mean transit time or MRT given and min and max are averages and also measure egg viability,"passage, rate",n
Serinus domestica,Y,Aves,Passeriformes,,Fringillidae,Serinus_canaria,canary,granivorous,17.5,Domestic canary - Wikipedia,seeds,fiber/foliage,20,2,passage time,58,,,,,131,,,,,,Malone CR (1965) Dispersal of plankton: rate of food passage in mallard ducks.¬†The Journal of Wildlife Management 29:529-539,No mean transit time or MRT given and min and max are averages and also measure egg viability,"passage, rate",n
Serinus domestica,Y,Aves,Passeriformes,,Fringillidae,Serinus_canaria,canary,granivorous,17.5,Domestic canary - Wikipedia,yolk,protein,20,3,passage time,64,,,,,199,,,,,,Malone CR (1965) Dispersal of plankton: rate of food passage in mallard ducks.¬†The Journal of Wildlife Management 29:529-540,No mean transit time or MRT given and min and max are averages and also measure egg viability,"passage, rate",n
Setophag coronata,Y,Aves,Passeriformes,,Parulidae,Setophaga_coronata,yellow rumped warbler,insectivore,11.5,https://animaldiversity.org/accounts/Dendroica_coronata/,sunflower seeds + aqueous marker,fiber/foliage,11,1,transit time,,,,67,,,9,,123,10,,"Afik D, Karasov WH (1995) The trade‚Äêoffs between digestion rate and efficiency in warblers and their ecological implications.¬†Ecology 76:2247-2261",,,n
Setophaga coronata,Y,Aves,Passeriformes,,Parulidae,Setophaga_coronata,yellow rumped warbler,insectivore,11.5,https://animaldiversity.org/accounts/Dendroica_coronata/,bananas + aqueous marker,fruit/nectar/pollen,17,1,transit time,,,,11,,,2,,42,7,,"Afik D, Karasov WH (1995) The trade‚Äêoffs between digestion rate and efficiency in warblers and their ecological implications.¬†Ecology 76:2247-2257",,,n
Setophaga coronata,Y,Aves,Passeriformes,,Parulidae,Setophaga_coronata,yellow rumped warbler,insectivore,11.5,https://animaldiversity.org/accounts/Dendroica_coronata/,bananas + lipid marker,fruit/nectar/pollen,17,1,transit time,,,,11,,,7,,50,11,,"Afik D, Karasov WH (1995) The trade‚Äêoffs between digestion rate and efficiency in warblers and their ecological implications.¬†Ecology 76:2247-2258",,,n
Setophaga coronata,Y,Aves,Passeriformes,,Parulidae,Setophaga_coronata,yellow rumped warbler,insectivore,11.5,https://animaldiversity.org/accounts/Dendroica_coronata/,mealworms + aqueous marker,protein,14,1,transit time,,,,11,,,1,,72,10,,"Afik D, Karasov WH (1995) The trade‚Äêoffs between digestion rate and efficiency in warblers and their ecological implications.¬†Ecology 76:2247-2259",,,n
Setophaga coronata,Y,Aves,Passeriformes,,Parulidae,Setophaga_coronata,yellow rumped warbler,insectivore,11.5,https://animaldiversity.org/accounts/Dendroica_coronata/,mealworms + lipid marker,protein,14,1,transit time,,,,10,,,1,,53,5,,"Afik D, Karasov WH (1995) The trade‚Äêoffs between digestion rate and efficiency in warblers and their ecological implications.¬†Ecology 76:2247-2260",,,n
Setophaga coronata,Y,Aves,Passeriformes,,Parulidae,Setophaga_coronata,yellow rumped warbler,insectivore,11.5,https://animaldiversity.org/accounts/Dendroica_coronata/,sunflower seeds + lipid marker,fiber/foliage,11,1,transit time,,,,67,,,9,,106,8,,"Afik D, Karasov WH (1995) The trade‚Äêoffs between digestion rate and efficiency in warblers and their ecological implications.¬†Ecology 76:2247-2262",,,n
Sminthopsis douglasi,N,Mammalia,Dasyuromorphia,,Dasyuridae,Sminthopsis_douglasi,Julia Creek dunnart,carnivore,55,,"minced meat, mealworm larvae + Co-EDTA liquid marker",meat,9,1,transit time; MRT,,,,76.8,,,26.4,,76.8,50.4,,Hume et al. (2000),,Y,N
Sminthopsis douglasi,N,Mammalia,Dasyuromorphia,,Dasyuridae,Sminthopsis_douglasi,Julia Creek dunnart,carnivore,55,,"minced meat, mealworm larvae + Cr particle marker marker",meat,9,1,transit time; MRT,,,,70.2,,,30,,220.2,51.6,,Hume et al. (2000),,Y,N
Sminthopsis douglasi,N,Mammalia,Dasyuromorphia,,Dasyuridae,Sminthopsis_douglasi,Julia Creek dunnart,carnivore,55,,"minced meat, crickets + Co-EDTA liquid marker",meat,9,1,transit time; MRT,,,,136.8,,,26.4,,253.2,51.6,,Hume et al. (2000),,Y,N
Sminthopsis douglasi,N,Mammalia,Dasyuromorphia,,Dasyuridae,Sminthopsis_douglasi,Julia Creek dunnart,carnivore,55,,"minced meat, crickets + Cr particle marker marker",meat,9,1,transit time; MRT,,,,183.6,,,67.8,,280.2,72.6,,Hume et al. (2000),,Y,N
Sorex minutus,N,Mammalia,Soricomorpha,,Soricidae,Sorex_minutus,least shrew,insectivore,2.75,Sorex minutus (Eurasian pygmy shrew) | INFORMATION | Animal Diversity Web,insects,protein,1,1,transit time,12,,,25,,110,4.3,,,,,"Skar√©n U (1978) Feeding behaviour, coprophygy and passage of foodstuffs in a captive least shrew. Acta Theriologica 23:131-140",,passage,no
Sorex palustris,N,Mammalia,Soricomorpha,,Soricidae,Sorex_palustris,water shrew,insectivore,13,,mealworms + microtracer iron/nickel alloy particle markers,protein,7,1,transit time; MRT,8,,,15,,25,,,50,3,,Gusztak et al. (2005),,N,N
Sorex palustris,N,Mammalia,Soricomorpha,,Soricidae,Sorex_palustris,water shrew,insectivore,13,,"meat mixture (beef and chicken heart, pig and beef liver, ground beef, fish fillet, dog food) + microtracer iron/nickel alloy particle markers",meat,8,1,transit time; MRT,19,,,16,,24,,,55,5,,Gusztak et al. (2005),,N,N
Spermophilus columbianus,N,Mammalia,Rodentia,0,Sciuridae,Urocitellus_columbianus,Columbian ground squirrel,folivore,576,https://animaldiversity.org/accounts/Spermophilus_columbianus/,peanut butter w/Co-EDTA,protein,6,,transit time,,,,660,,,102,,1350,132,,Hume et al 1993,2 equations for mrt,yes,No
Spermophilus columbianus,N,Mammalia,Rodentia,0,Sciuridae,Urocitellus_columbianus,Columbian ground squirrel,folivore,576,https://animaldiversity.org/accounts/Spermophilus_columbianus/,peanut butter w/cell wall constituents,protein,6,,transit time,,,,816,,,60,,1326,66,,Hume et al 1993,2 equations for mrt,yes,No
Spheniscus demersus,N,Aves,Sphenisciformes,637.9,Spheniscidae,Spheniscus_demersus,African penguin,carnivore,3100,https://animaldiversity.org/accounts/Spheniscus_demersus/,30% weight-by-volume suspension; fish,meat,12,,first excretia of marker,300,,,1056,,2160,,,,,,Kline et al 2020,,,Yes
Spheniscus demersus,N,Aves,Sphenisciformes,,Spheniscidae,Spheniscus_demersus,jackass penguin,carnivore,3100,Spheniscus demersus (jackass penguin) | INFORMATION | Animal Diversity Web,tilapia,meat,4,2,transit time,,,,11.13,,,1.17,,,,,"Laugksch RC, Duffy DC (1986) Food transit rates in cape gannets and jackass penguins.¬†The Condor 88:117-119",,"transit, rate",n
Spheniscus demersus,N,Aves,Sphenisciformes,,Spheniscidae,Spheniscus_demersus,jackass penguin,carnivore,3100,Spheniscus demersus (jackass penguin) | INFORMATION | Animal Diversity Web,pilchard w/ Ce marker,meat,4,1,excretion time,,,,699,,,,,,,,"Duffy DC, Furness BL, Laugksch RC, Smith JA (1985) Two methods of measuring food transit rates of seabirds.¬†Comparative Biochemistry and Physiology A¬†82:781-785",,"rate, passage",n
Spheniscus demersus,N,Aves,Sphenisciformes,,Spheniscidae,Spheniscus_demersus,jackass penguin,carnivore,3100,Spheniscus demersus (jackass penguin) | INFORMATION | Animal Diversity Web,pilchard with carmine marker,meat,4,1,excretion time,,,,609,,,,,,,,"Duffy DC, Furness BL, Laugksch RC, Smith JA (1985) Two methods of measuring food transit rates of seabirds.¬†Comparative Biochemistry and Physiology A¬†82:781-786",,"rate, passage",n
Spilopelia senegalensis,Y,Aves,Columbiformes,,Columbidae,Spilopelia_senegalensis,laughing dove,granivore,160.5,"Laughing Dove - Facts, Diet, Habitat & Pictures on Animalia.bio",arilate seeds,fiber/foliage,6,50,mean retention time,,,,,,,,,340.5,28.6,,"Mokotjomela TM, Hoffmann JH, Downs CT (2015) The potential for birds to disperse the seeds of Acacia cyclops, an invasive alien plant in South Africa.¬†Ibis¬†157:449-461",,"gut, time",no
Steatornis caripensis,Y,Aves,Steatornithiformes,,Steatornithidae,Steatornis_caripensis,oilbird,frugivore/nectivore,324,,avocado,fruit/nectar/pollen,9,1,transit time,,,,,,,,,377,26,,"Bosque C, de Parra O (1992) Digestive efficiency and rate of food passage in oilbird nestlings.¬†The Condor¬†94:557-571",nestling study,rate,n
Stephanophorus diadematus,Y,Aves,Passeriformes,,Thraupidae,Stephanophorus_diadematus,Diademed tanager,omnivore,35.4,,Ficus sp. Seeds,fiber/foliage,1,1,gut passage time,,,,,,,,,7,,,"Gasperin G, Pizo MA (2012) Passage time of seeds through the guts of frugivorous birds, a first assessment in Brazil.¬†Revista Brasileira de Ornitologia 20:48-62",,"gut, time",n
Stephanophorus diadematus,Y,Aves,Passeriformes,,Thraupidae,Stephanophorus_diadematus,Diademed tanager,omnivore,35.4,,Leandra sp. Seeds,fiber/foliage,2,1,gut passage time,,,,,,,,,6.5,,,"Gasperin G, Pizo MA (2012) Passage time of seeds through the guts of frugivorous birds, a first assessment in Brazil.¬†Revista Brasileira de Ornitologia 20:48-63",,"gut, time",n
Stephanophorus diadematus,Y,Aves,Passeriformes,,Thraupidae,Stephanophorus_diadematus,Diademed tanager,omnivore,35.4,,Morus nigra seeds,fiber/foliage,1,1,gut passage time,,,,,,,,,14.7,,,"Gasperin G, Pizo MA (2012) Passage time of seeds through the guts of frugivorous birds, a first assessment in Brazil.¬†Revista Brasileira de Ornitologia 20:48-64",,"gut, time",n
Stephanophorus diadematus,Y,Aves,Passeriformes,,Thraupidae,Stephanophorus_diadematus,Diademed tanager,omnivore,35.4,,Psychotria carthagenesis seeds,fiber/foliage,3,1,gut passage time,,,,,,,,,19.3,6,,"Gasperin G, Pizo MA (2012) Passage time of seeds through the guts of frugivorous birds, a first assessment in Brazil.¬†Revista Brasileira de Ornitologia 20:48-65",,"gut, time",n
Stephanophorus diadematus,Y,Aves,Passeriformes,,Thraupidae,Stephanophorus_diadematus,Diademed tanager,omnivore,35.4,,Schinus terebinthifolia seeds,fiber/foliage,2,1,gut passage time,,,,,,,,,27.5,,,"Gasperin G, Pizo MA (2012) Passage time of seeds through the guts of frugivorous birds, a first assessment in Brazil.¬†Revista Brasileira de Ornitologia 20:48-66",,"gut, time",n
Stercorarius skua,Y,Aves,Charadriiformes,,Stercorariidae,Stercorarius_skua,great skua,carnivore,1226,,lesser sandeel,meat,5,1,mean retention time,,,,,,,,,337.2,6,,"Hilton GM, Houston DC, Furness RW (1998) Which components of diet quality affect retention time of digesta in seabirds?¬†Functional Ecology¬†12:929-957",,"gut,time",n
Stercorarius skua,Y,Aves,Charadriiformes,,Stercorariidae,Stercorarius_skua,great skua,carnivore,1226,,small whiting,meat,5,1,mean retention time,,,,,,,,,352.2,8.4,,"Hilton GM, Houston DC, Furness RW (1998) Which components of diet quality affect retention time of digesta in seabirds?¬†Functional Ecology¬†12:929-958",,"gut,time",n
Stercorarius skua,Y,Aves,Charadriiformes,,Stercorariidae,Stercorarius_skua,great skua,carnivore,1226,,sandeel,meat,,1,mean retention time,,,,40.5,,,24.8,,409.8,19.8,,"Hilton GM, Furness RW, Houston DC (2000) A comparative study of digestion in North Atlantic seabirds.¬†Journal of Avian Biology 31:36-50",could not find number of birds,"gut, passage, time",n
Stercorarius skua,Y,Aves,Charadriiformes,,Stercorariidae,Stercorarius_skua,great skua,carnivore,1226,,whiting,meat,,1,mean retention time,,,,23.1,,,18.8,,494.4,44.4,,"Hilton GM, Furness RW, Houston DC (2000) A comparative study of digestion in North Atlantic seabirds.¬†Journal of Avian Biology 31:36-51",could not find number of birds,"gut, passage, time",n
Stigmochelys pardalis,N,Reptilia,Testudines,637.9,Testudinidae,Stigmochelys_pardalis,leopard tortoise,folivore,146527.5,mean of adult males and females,tomato mash,fruit/nectar/pollen,6,3,Transit time: time from beginning of feeding to first sight of marker in feces,,,,3240,,,432,,,,,McMater et al 2008,mean of MGT as reported in paper,,Yes
Stigmochelys pardalis,N,Reptilia,Testudines,637.9,Testudinidae,Stigmochelys_pardalis,leopard tortoise,folivore,11650,mean of adult males and females,lucerne,fiber/foliage,6,3,Transit time: time from beginning of feeding to first sight of marker in feces,,,,6120,,,,720,,,,McMater et al 2008,mean of MGT as reported in paper,,Yes
Streptopelia semitorquata,Y,Aves,Columbiformes,,Columbidae,Streptopelia_semitorquata,red-eyed doe,granivore,236,Red-eyed dove - Wikipedia,arilate seeds,fiber/foliage,5,50,mean retention time,,,,,,,,,461.6,17.1,,"Mokotjomela TM, Hoffmann JH, Downs CT (2015) The potential for birds to disperse the seeds of Acacia cyclops, an invasive alien plant in South Africa.¬†Ibis¬†157:449-460",,"gut, time",no
Strix varia,Y,Aves,Strigiformes,637.9,Strigidae,Strix_uralensis,Barred owl,carnivore,790,reported mean,30% weight-by-volume suspension; mice,meat,12,,first excretia of marker,5,19,60,54.583333,60,120,37.926863,,,,,Doss et al. 2017,calculated mean and st dev from table; other values were reported,,Yes
Strix varia,Y,Aves,Stringiformes,,Stringidae,Strix_uralensis,barred owl,carnivore,715,Strix varia (barred owl) | INFORMATION | Animal Diversity Web,lab mice,meat,2,1,meal to pellet interval,,,,9.85,,,2.2,,,,,"Duke GE, Evanson OA, Jegers A (1976) Meal to pellet intervals in 14 species of captive raptors.¬†Comparative Biochemistry and Physiology A¬†53:1-15","some birds were fed at two different times, this did not seem to have any significant impact on the excretion time (so with the exception of the caracara which was only fed at 1100) all numbers reflected are from the 0900 feeding",,n
Struthio camelus,N,Aves,Struthioniformes,637.9,Struthionidae,Struthio_camelus,common ostrich,omnivore,56558,(averaged weights included chicks),25-100% weight-by-volume suspension,unknown,10,,first excretia of marker,840,,,1080,,1320,,,,,,Wagner et al 2003,"exact transit times not reported because feces passed during the night; 7 individuals, but counting each trial as an individual (see paper)",,Yes
Struthio camelus,N,Aves,Struthioniformes,637.9,Struthionidae,Struthio_camelus,common ostrich,omnivore,109000,,alfalfa pellets + Co-EDTA,fiber/foliage,6,,"TT: transit time, time from feeding to first appearance of marker in feces",,,,1442.498129,,,,,1776,342,,Frei et al 2015,TT extracted from figure; MRT reported in main text,no,No
Struthio camelus,N,Aves,Struthioniformes,637.9,Struthionidae,Struthio_camelus,common ostrich,omnivore,109000,,alfalfa pellets + chromium mordanted fiber,fiber/foliage,6,,"TT: transit time, time from feeding to first appearance of marker in feces",,,,1441.414465,,,,,1962,168,,Frei et al 2015,TT extracted from figure; MRT reported in main text,no,No
Struthio camelus,N,Aves,Struthioniformes,637.9,Struthionidae,Struthio_camelus,common ostrich,omnivore,109000,,alfalfa pellets + cerium mordanted fibers,fiber/foliage,6,,"TT: transit time, time from feeding to first appearance of marker in feces",,,,1442.298506,,,,,1836,282,,Frei et al 2015,TT extracted from figure; MRT reported in main text,no,No
Struthio camelus,N,Aves,Palaeognathae,,Struthioniformes,Struthio_camelus,Ostrich,omnivore,110000,,alfalfa pellet,fiber/foliage,6,1,transit time,,,,,,,,,2880,360,,"Frei S, Ortmann S, Reutlinger C, Kreuzer M, Hatt J-M, Clauss M (2015) Comparative digesta retention patterns in ratites. The Auk: Ornithological Advances 132:119-131",,gut,n
Struthio camelus,N,Aves,Palaeognathae,,Struthioniformes,Struthio_camelus,Ostrich,omnivore,75100,,alfalfa w/solute marker,fiber/foliage,4,1,mean retention time,,,,,,,,,1380,360,,"Fritz J, Hammer S, Hebel C, Arif A, Michalke B, Dittmann MT, M√ºller DWH, Clauss M (2012) Retention of solutes and different-sized particles in the digestive tract of the ostrich (Struthio camelus massaicus), and a comparison with mammals and reptiles.¬†Comparative Biochemistry and Physiology A 163:56-65",,time,n
Struthio camelus,N,Aves,Palaeognathae,,Struthioniformes,Struthio_camelus,Ostrich,omnivore,75100,,alfalfa w/partivle marker,fiber/foliage,4,1,mean retention time,,,,,,,,,1800,240,,"Fritz J, Hammer S, Hebel C, Arif A, Michalke B, Dittmann MT, M√ºller DWH, Clauss M (2012) Retention of solutes and different-sized particles in the digestive tract of the ostrich (Struthio camelus massaicus), and a comparison with mammals and reptiles.¬†Comparative Biochemistry and Physiology A 163:56-66",,time,n
Sturnira lilium,Y,Mammalia,Chiroptera,188,Phyllostomidae,Sturnira_lilium,little yellow-shouldered bat,frugivore/nectarivore,20.3,mean as reported in paper,Columnar cactus,fruit/nectar/pollen,5,1,"TT: transit time, time from feeding to first appearance in feces",55,,,122,,,31.75,,,,,Herrera and Martinez del Rio 1998,Fed pollen solutions,,Yes
Sturnira lilium,Y,Mammalia,Chiroptera,188,Phyllostomidae,Sturnira_lilium,little yellow-shouldered bat,frugivore/nectarivore,21.4,mean as reported in paper,P. ellipticum,fruit/nectar/pollen,6,1,"TT: transit time, time from feeding to first appearance in feces",33.5,,,119,,,38.75,,,,,Herrera and Martinez del Rio 1998,,,Yes
Sturnira lilium,Y,Mammalia,Chiroptera,188,Phyllostomidae,Sturnira_lilium,little yellow-shouldered bat,frugivore/nectarivore,20,reported mean,mashed bananas with dye,fruit/nectar/pollen,2,12,Mean Passage Time: midpoint of feeding to midpoint of defecation event,,,,25.7,,,3,,,,,Laska 1994,,,Yes
Sturnira lilium,Y,Mammalia,Chiroptera,,Phyllostomidae,Sturnira_lilium,little yellow-shouldered bat,frugivore,20,,banana + food dye,fruit/nectar/pollen,2,12,TT,,,,25.7,,,3,,,,,Laska (1990),,Y,N
Sturnus vulgaris,Y,Aves,Passeriformes,,Sturnidae,Sturnus_vulgaris,European Starling,frugivore/nectivore,79.5,Common starling - Wikipedia,wild grapes,fruit/nectar/pollen,5,1,mean retention time,,,,,,,,,53,2,,"Karasov WH, Levey DJ (1990) Digestive system trade-offs and adaptations of frugivorous passerine birds.¬†Physiological Zoology¬†63:1248-1270",,time,n
Sturnus vulgaris,Y,Aves,Passeriformes,,Sturnidae,Sturnus_vulgaris,European Starling,omnivore,85,Sturnus vulgaris (common starling) | INFORMATION | Animal Diversity Web,banana,fruit/nectar/pollen,5,1,transit time,,,,7,,,3,,18,1,,"Levey DJ, Karasov WH (1994) Gut passage of insects by European starlings and comparison with other species.¬†The Auk¬†111:478-484",,"gut, passage, time",n
Sturnus vulgaris,Y,Aves,Passeriformes,,Sturnidae,Sturnus_vulgaris,European Starling,omnivore,85,Sturnus vulgaris (common starling) | INFORMATION | Animal Diversity Web,crickets,protein,5,1,transit time,,,,12,,,5,,20,3,,"Levey DJ, Karasov WH (1994) Gut passage of insects by European starlings and comparison with other species.¬†The Auk¬†111:478-485",,"gut, passage, time",n
Sus scrofa,N,Mammalia,Artiodactyla,188,Suidae,Sus_scrofa,pig,omnivore,169000,median of range: https://animaldiversity.org/accounts/Sus_scrofa/,corn-soy-vitamin mixture with markers,fiber/foliage,4,1,"TT: transit time, time from feeding to first appearance in feces",,,,1800,,,,,,,,Lattmer et al 1990,"mean of mouth to feces duration of transit in pigs for control diet group, averaged across solid and liquid markers (Table 5)",,Yes
Sus scrofa,N,Mammalia,Artiodactyla,188,Suidae,Sus_scrofa,pig,omnivore,169000,median of range: https://animaldiversity.org/accounts/Sus_scrofa/,corn-soy-vitamin mixture,fiber/foliage,20,1,Total transit: time from ingestion to defecation (average across all markers),1080,,,1227.6,,1440,18.6,,,,,Lewis et al 2008,reported mean,,Yes
Sus scrofa,N,Mammalia,Artiodactyla,188,Suidae,Sus_scrofa,pig,omnivore,169000,median of range: https://animaldiversity.org/accounts/Sus_scrofa/,3 diets: corn and soy + wheat + wheat with Cr2O3 marker,fiber/foliage,6,1,total tract retention time,,,,1979.8,,,,31.2,,,,Wang et al. 2022,took mean across the 3 diets (all foilage/fiber diets),,Yes
Sus scrofa,N,Mammalia,Artiodactyla,,Suidae,Sus_scrofa,Wild pig,omnivore,45000,Wild boar - Wikipedia,unk,unk,,,mean retention time,,,,,,,,,4200,1380,,"Pedrosa F, Berc√™ W, Levi T, Pires M, Galetti M. Seed dispersal effectiveness by a large-bodied invasive species in defaunated landscapes. Biotropica. 2019;51:862‚Äì873. https://doi.org/10.1111/btp.12706",methods are a little confusing,"gut, time",N
Syconycteris australis,Y,Mammalia,Chiroptera,188,Pteropodidae,Syconycteris_australis,Common blossum bat,frugivore/nectarivore,19.7,reported mean,Callistemon pollen: standard liquid diet followed by pollen dose after 1 hour,fruit/nectar/pollen,3,1,"TT: transit time, time from feeding to first appearance in feces",30,,,38,,45,,4,50,,1,Law 1992,reported mean for pure pollen type,,Yes
Syconycteris australis,Y,Mammalia,Chiroptera,188,Pteropodidae,Syconycteris_australis,Common blossum bat,frugivore/nectarivore,19.7,reported mean,Banksia pollen: standard liquid diet followed by pollen dose after 1 hour,fruit/nectar/pollen,3,1,"TT: transit time, time from feeding to first appearance in feces",39,,,95,,145,,31,163,,34,Law 1992,reported mean for pure pollen type,,Yes
Sylvia atricapilla,Y,Aves,Passeriformes,,Sylviidae,Sylvia_atricapilla,blackcap,insectivore/frugivore,15.1,,mealworms,protein,23,1,transit time,,,,,,,,,79.5,28.5,,"Bauchinger U, Kolb H, Afik D, Pinshow B, Biebach H (2009) Blackcap warblers maintain digestive efficiency by increasing digesta retention time on the first day of migratory stopover. Physiological and Biochemical",,gut,n
Sylvia atricapilla,Y,Aves,Passeriformes,,Sylviidae,Sylvia_atricapilla,Eurasian Blackcap,frugivore/nectivore,15.1,,unknown,unknown,37,1,gut passage time,,,,36.51,,,16.5,,,,,"Guttal V, Bartumeus F, Hartvigsen G, Nevai AL (2011) Retention time variability as a mechanism for animal mediated long-distance dispersal.¬†PloS One¬†6:e28451",study appears to be fully theoretical,time,n
Sylvia borin,Y,Aves,Passeriformes,,Sylviidae,Sylvia_borin,Garden Warbler,frugivore/nectivore,19,Garden warbler - Wikipedia,unknown,unknown,37,1,gut passage time,,,,79,,,49,,,,,"Guttal V, Bartumeus F, Hartvigsen G, Nevai AL (2011) Retention time variability as a mechanism for animal mediated long-distance dispersal.¬†PloS One¬†6:e28447",study appears to be fully theoretical,time,n
Sylvia cantillans,Y,Aves,Passeriformes,,Sylviidae,Curruca_cantillans,Subalpine Warbler,frugivore/nectivore,10.5,"Subalpine Warbler (Sylvia cantillans) in Madeira, Portugal",unknown,unknown,10,1,gut passage time,,,,29.9,,,12.9,,,,,"Guttal V, Bartumeus F, Hartvigsen G, Nevai AL (2011) Retention time variability as a mechanism for animal mediated long-distance dispersal.¬†PloS One¬†6:e28453",study appears to be fully theoretical,time,n
Sylvia communis,Y,Aves,Passeriformes,,Sylviidae,Sylvia_communis,Common Whitethroat,frugivore/nectivore,15,"Common Whitethroat (Sylvia communis) in Madeira, Portugal",unknown,unknown,6,1,gut passage time,,,,40.8,,,17.8,,,,,"Guttal V, Bartumeus F, Hartvigsen G, Nevai AL (2011) Retention time variability as a mechanism for animal mediated long-distance dispersal.¬†PloS One¬†6:e28452",study appears to be fully theoretical,time,n
Sylvia melanocephala,Y,Aves,Passeriformes,,Sylviidae,Curruca_melanocephala,Sardinian Warbler,frugivore/nectivore,13,Sardinian Warbler - Curruca melanocephala,unknown,unknown,59,1,gut passage time,,,,33,,,19.8,,,,,"Guttal V, Bartumeus F, Hartvigsen G, Nevai AL (2011) Retention time variability as a mechanism for animal mediated long-distance dispersal.¬†PloS One¬†6:e28448",study appears to be fully theoretical,time,n
Sylvia undata,Y,Aves,Passeriformes,,Sylviidae,Sylvia_undata,dartord warbler,frugivore/nectivore,11,Dartford Warbler Bird Facts (Curruca undata) | Birdfact,unknown,unknown,2,1,gut passage time,,,,41.5,,,0.7,,,,,"Guttal V, Bartumeus F, Hartvigsen G, Nevai AL (2011) Retention time variability as a mechanism for animal mediated long-distance dispersal.¬†PloS One¬†6:e28459",study appears to be fully theoretical,time,n
Syncerus caffer,N,Mammalia,Artiodactyla,,Bovidae,Syncerus_caffer,forest buffalo,herbivore,567500,Syncerus caffer (African buffalo) | INFORMATION | Animal Diversity Web,grass hay w/particle marker,fiber/foliage,2,1,retention time,,,,,,,,,2940,2880,,"Steuer P, S√ºdekum K-H, M√ºller DWH, Franz R, Kaandorp J, Clauss M, Hummel J (2011) Is there an influence of body mass on digesta mean retention time in herbivores? A comparative study on ungulates. Comparative Biochemistry and Physiology A 160:355-376",,"gut, time",no
Syncerus caffer,N,Mammalia,Artiodactyla,,Bovidae,Syncerus_caffer,forest buffalo,herbivore,567500,Syncerus caffer (African buffalo) | INFORMATION | Animal Diversity Web,grass hay w/ fluid marker,fiber/foliage,2,1,retention time,,,,,,,,,1380,1260,,"Steuer P, S√ºdekum K-H, M√ºller DWH, Franz R, Kaandorp J, Clauss M, Hummel J (2011) Is there an influence of body mass on digesta mean retention time in herbivores? A comparative study on ungulates. Comparative Biochemistry and Physiology A 160:355-377",,"gut, time",no
Tamias amoenus,N,Mammalia,Rodentia,0,Sciuridae,Tamias_amoenus,yellow-pine chipmunk,omnivore,61.9,,peanut butter w/Co-EDTA,protein,6,,transit time,,,,180,,,42,,762,60,,Hume et al 1993,2 equations for mrt,yes,No
Tamias amoenus,N,Mammalia,Rodentia,0,Sciuridae,Tamias_amoenus,yellow-pine chipmunk,omnivore,61.9,,peanut butter w/cell wall constituents,protein,6,,transit time,,,,390,,,126,,846,72,,Hume et al 1993,2 equations for mrt,yes,No
Tapirus bairdii,N,Mammalia,Perissodactyla,,Tapiridae,Tapirus_bairdii,Baird's tapir,folivore,225000,animaldiversity.org,bananas + guanacaste seeds as particle marker,fruit/nectar/pollen,1,125,TT,4320,,,22032,,33120,5760,,,,,Janzen (1981b),transit time reported in days; each marker counted as a trial,Y,N
Tapirus bairdii,N,Mammalia,Perissodactyla,,Tapiridae,Tapirus_bairdii,Baird's tapir,folivore,225000,animaldiversity.org,bananas + small buttons as particle marker,fruit/nectar/pollen,1,18,TT,5760,,,14832,,24480,5616,,,,,Janzen (1981b),transit time reported in days; each marker counted as a trial,Y,N
Tapirus bairdii,N,Mammalia,Perissodactyla,,Tapiridae,Tapirus_bairdii,Baird's tapir,folivore,225000,animaldiversity.org,bananas + large buttons as particle marker,fruit/nectar/pollen,1,16,TT,5760,,,11664,,24480,4176,,,,,Janzen (1981b),transit time reported in days; each marker counted as a trial,Y,N
Tapirus bairdii,N,Mammalia,Perissodactyla,,Tapiridae,Tapirus_bairdii,Baird's tapir,folivore,225000,animaldiversity.org,bananas + carao seeds as particle marker,fruit/nectar/pollen,1,53,TT,5760,,,14832,,24480,5184,,,,,Janzen (1981b),transit time reported in days; each marker counted as a trial,Y,N
Tapirus indicus,N,Mammalia,Perissodactyla,,Tapiridae,Tapirus_indicus,Malaysian tapir,folivore,350000,,durian fruit,fruit/nectar/pollen,7,2,mean retention time; reported as mean gut passage time,,,,,,,,,3762,,,Campos-Arceiz et al. (2012),,Y,N
Tapirus indicus,N,Mammalia,Perissodactyla,,Tapiridae,Tapirus_indicus,Malaysian tapir,folivore,350000,,Chempedak fruit,fruit/nectar/pollen,7,2,mean retention time; reported as mean gut passage time,,,,,,,,,14130,,,Campos-Arceiz et al. (2012),,Y,N
Tapirus indicus,N,Mammalia,Perissodactyla,,Tapiridae,Tapirus_indicus,Malaysian tapir,folivore,350000,,mangosteen fruit,fruit/nectar/pollen,7,2,mean retention time; reported as mean gut passage time,,,,,,,,,5196,,,Campos-Arceiz et al. (2012),,Y,N
Tapirus indicus,N,Mammalia,Perissodactyla,,Tapiridae,Tapirus_indicus,Malaysian tapir,folivore,350000,,tamarind seed pods,fruit/nectar/pollen,7,2,mean retention time; reported as mean gut passage time,,,,,,,,,10968,,,Campos-Arceiz et al. (2012),,Y,N
Tapirus indicus,N,Mammalia,Perissodactyla,,Tapiridae,Tapirus_indicus,Malaysian tapir,folivore,350000,,longan fruit,fruit/nectar/pollen,7,2,mean retention time; reported as mean gut passage time,,,,,,,,,6630,,,Campos-Arceiz et al. (2012),,Y,N
Tapirus indicus,N,Mammalia,Perissodactyla,,Tapiridae,Tapirus_indicus,Malaysian tapir,folivore,350000,,elephant apple,fruit/nectar/pollen,7,2,mean retention time; reported as mean gut passage time,,,,,,,,,5064,,,Campos-Arceiz et al. (2012),,Y,N
Tapirus indicus,N,Mammalia,Perissodactyla,,Tapiridae,Tapirus_indicus,Malaysian tapir,folivore,350000,,papaya,fruit/nectar/pollen,7,2,mean retention time; reported as mean gut passage time,,,,,,,,,4668,,,Campos-Arceiz et al. (2012),,Y,N
Tapirus indicus,N,Mammalia,Perissodactyla,,Tapiridae,Tapirus_indicus,Malaysian tapir,folivore,279000,,"fruits, vegetables, roughage + Co-EDTA liquid marker ",fiber/foliage,9,1,transit time; MRT,,,,1740,,,720,,2400,780,,Clauss et al. (2010),,N,N
Tapirus indicus,N,Mammalia,Perissodactyla,,Tapiridae,Tapirus_indicus,Malaysian tapir,folivore,279000,,"fruits, vegetables, roughage + Cr particle marker",fiber/foliage,9,1,transit time; MRT,,,,1740,,,720,,3360,840,,Clauss et al. (2010),,N,N
Tapirus terrestris,N,Mammalia,Perissodactyla,,Tapiridae,Tapirus_terrestris,lowland tapir,folivore,193000,,"fruits, vegetables, roughage + Co-EDTA liquid marker ",fiber/foliage,15,1,transit time; MRT,,,,1380,,,720,,2520,960,,Clauss et al. (2010),,N,N
Tapirus terrestris,N,Mammalia,Perissodactyla,,Tapiridae,Tapirus_terrestris,lowland tapir,folivore,193000,,"fruits, vegetables, roughage + Cr particle marker",fiber/foliage,15,1,transit time; MRT,,,,1440,,,720,,3300,1080,,Clauss et al. (2010),,N,N
Tauraco corythaix,Y,Aves,Musophagiformes,,Musophagidae,Tauraco_corythaix,Knysa turaco,frugivore,321,Knysna Turaco,arilate seeds,fiber/foliage,4,50,mean retention time,,,,,,,,,110.4,18.6,,"Mokotjomela TM, Hoffmann JH, Downs CT (2015) The potential for birds to disperse the seeds of Acacia cyclops, an invasive alien plant in South Africa.¬†Ibis¬†157:449-458",,"gut, time",no
Tauraco hartlaubi,Y,Aves,Musophagiformes,,Musophagidae,Tauraco_hartlaubi,Hartlaub's turaco,frugivore/nectivore,235,,X. monospora fruits,fruit/nectar/pollen,17,1,gut passage time,,26,34,,57,,,,,,,"Lehouck V, Spanhove T, Demeter S, Groot NE, Lens L (2009) Complementary seed dispersal by three avian frugivores in a fragmented Afromontane forest.¬†Journal of Vegetation Science¬†20:1110-1122",,"gut, passage, time",n
Taxidea taxus,N,Mammalia,Carnivora,,Mustelidae,Taxidea_taxus,American badger,carnivore,8000,,dog food + carmine red dye,protein,6,1,transit time,,,,518.4,,,,,,,,Harlow (1981),,Y,N
Taxostoma curviroste,Y,Aves,Passeriformes,,Mimidae,Toxostoma_curvirostre,Curve-billed Thrasher,omnivore,77,Curve-billed thrasher - Wikipedia,non-pungent seeds,fiber/foliage,,,retention time,,,,,,,,,190,11,,"Tewksbury JJ, Levey DJ, Huizinga M, Haak DC, Traveset A (2008) Costs and benefits of capsaicin‚Äêmediated control of gut retention in dispersers of wild chilies.¬†Ecology 89:107-119",,"gut, passage",no
Taxostoma curviroste,Y,Aves,Passeriformes,,Mimidae,Toxostoma_curvirostre,Curve-billed Thrasher,omnivore,77,Curve-billed thrasher - Wikipedia,capsaicin treated seeds,fiber/foliage,,,retention time,,,,,,,,,232,19,,"Tewksbury JJ, Levey DJ, Huizinga M, Haak DC, Traveset A (2008) Costs and benefits of capsaicin‚Äêmediated control of gut retention in dispersers of wild chilies.¬†Ecology 89:107-120",,"gut, passage",no
Terrapene carolina,N,Reptilia,Testudines,637.9,Emydidae,Terrapene_ornata,Florida box Turtle,omnivore,359.5,mean of male and female study population,"30% weight-by-volume suspension; blackberries, sweet potato, blueberries",fruit/nectar/pollen,11,,first excretia of marker,2880,,14400,21468,,47520,11958,,,,,Houck et al 2019,,,Yes
Trachemys scripta elegans,N,Reptilia,Testudines,637.9,Emydidae,Trachemys_dorbigni,Red-eared Slider Turtle,omnivore,566.5,mean reported in paper,30% weight-by-volume suspension; pelleted turtle diet,fiber/foliage,8,,first excretia of marker,,,,7440,,,1260,,,,,Long et al 2010,data extracted from figure,,Yes
Trachylepis margaritifer,N,Reptilia,Squamata,637.9,Scincidae,Trachylepis_margaritifera,Rainbow Skinks,carnivore,37.3,mean as reported in paper,dead cricket containing barium sulphate liquid suspension,protein,15,1,Gut Passage Time: time from feeding to first appearance of marker in feces,,,,2715,,,1392.6,,,,,Miller et al 2012,took mean from control study as reported,,Yes
Trachypithecus auratus,N,Mammalia,Primates,,Cercopithecidae,Trachypithecus_auratus,east Javan langur,folivore,5400,,leaves/veggies + Co liquid marker,fiber/foliage,3,1,MRT,,,,,,,,,2660,,,Matsuda et al. (2019),averaged by sp.,Y,N
Trachypithecus auratus,N,Mammalia,Primates,,Cercopithecidae,Trachypithecus_auratus,east Javan langur,folivore,5400,,leaves/veggies + 2mm Cr particle marker,fiber/foliage,3,1,MRT,,,,,,,,,2760,,,Matsuda et al. (2019),averaged by sp.,Y,N
Trachypithecus auratus,N,Mammalia,Primates,,Cercopithecidae,Trachypithecus_auratus,east Javan langur,folivore,5400,,leaves/veggies + 5mm La particle marker,fiber/foliage,3,1,MRT,,,,,,,,,2680,,,Matsuda et al. (2019),averaged by sp.,Y,N
Trachypithecus auratus,N,Mammalia,Primates,,Cercopithecidae,Trachypithecus_auratus,east Javan langur,folivore,5400,,leaves/veggies + 8mm Ce particle marker,fiber/foliage,3,1,MRT,,,,,,,,,2620,,,Matsuda et al. (2019),averaged by sp.,Y,N
Trachypithecus cristatus,N,Mammalia,Primates,,Cercopithecidae,Trachypithecus_cristatus,silvered leaf monkey,folivore,5400,,"banana, pear, apple, papaya, beans + Co-EDTA liquid marker",fruit/nectar/pollen,5,1,transit time; MRT,,,,606,,,582,,3546,720,,Caton (1999),,N,N
Trachypithecus cristatus,N,Mammalia,Primates,,Cercopithecidae,Trachypithecus_cristatus,silvered leaf monkey,folivore,5400,,"banana, pear, apple, papaya, beans + Cr particle marker",fruit/nectar/pollen,5,1,transit time; MRT,,,,300,,,504,,3594,708,,Caton (1999),,N,N
Trachypithecus francoisi,N,Mammalia,Primates,,Cercopithecidae,Trachypithecus_francoisi,Francois's langur,folivore,5960,,"soybean, corn, fruit nectar (low fiber diet) + Co-EDTA liquid marker",fiber/foliage,4,1,transit time; MRT,,,,810,,,,,2466,384,,Edwards and Ullrey (1999b),,Y,N
Trachypithecus francoisi,N,Mammalia,Primates,,Cercopithecidae,Trachypithecus_francoisi,Francois's langur,folivore,5960,,"soybean, corn, fruit nectar (high fiber diet) + Co-EDTA liquid marker",fiber/foliage,4,1,transit time; MRT,,,,948,,,,,2166,588,,Edwards and Ullrey (1999b),,Y,N
Trachypithecus obscurus,N,Mammalia,Primates,,Cercopithecidae,Trachypithecus_obscurus,dusky leaf monkey,folivore,6000,,"grapes, honey, oats, chocolate + Co-EDTA liquid marker",fruit/nectar/pollen,2,1,transit time; MRT,,,,936,,,,,3324,,,Caton (1999),,N,N
Trachypithecus obscurus,N,Mammalia,Primates,,Cercopithecidae,Trachypithecus_obscurus,dusky leaf monkey,folivore,6000,,"grapes, honey, oats, chocolate + Cr particle marker",fruit/nectar/pollen,2,1,transit time; MRT,,,,1158,,,,,3726,,,Caton (1999),,N,N
Trachypthecus auratus auratus,N,Mammalia,Primates,,Cercopithecidae,Trachypithecus_auratus,Janvan langur,frugivore,7000,"Javan Lutung - Facts, Diet, Habitat & Pictures on Animalia.bio",Diet A1,protein,2,1,mean retention time,,,,,,,,,2580,,,"van Nijboer, J., Clauss, M., van de Put, K., van der Kuilen, J., Woutersee, H., & Beynen, A. C. (2007). Influence of two different diets on fluid and particle retention time Javan langur (Trachypithecus auratus auratus). Der Zoologische Garten, 77(1), 36‚Äì46. https://doi.org/10.1016/j.zoolgart.2007.06.004",MRT for particle marker reported,time,N
Trachypthecus auratus auratus,N,Mammalia,Primates,,Cercopithecidae,Trachypithecus_auratus,Janvan langur,frugivore,7000,"Javan Lutung - Facts, Diet, Habitat & Pictures on Animalia.bio",Diet A2,protein,2,1,mean retention time,,,,,,,,,2580,,,"van Nijboer, J., Clauss, M., van de Put, K., van der Kuilen, J., Woutersee, H., & Beynen, A. C. (2007). Influence of two different diets on fluid and particle retention time Javan langur (Trachypithecus auratus auratus). Der Zoologische Garten, 77(1), 36‚Äì46. https://doi.org/10.1016/j.zoolgart.2007.06.005",MRT for particle marker reported,time,N
Trachypthecus auratus auratus,N,Mammalia,Primates,,Cercopithecidae,Trachypithecus_auratus,Janvan langur,frugivore,7000,"Javan Lutung - Facts, Diet, Habitat & Pictures on Animalia.bio",Diet B,protein,2,1,mean retention time,,,,,,,,,2940,,,"van Nijboer, J., Clauss, M., van de Put, K., van der Kuilen, J., Woutersee, H., & Beynen, A. C. (2007). Influence of two different diets on fluid and particle retention time Javan langur (Trachypithecus auratus auratus). Der Zoologische Garten, 77(1), 36‚Äì46. https://doi.org/10.1016/j.zoolgart.2007.06.006",MRT for particle marker reported,time,N
Tragelaphus angasii,N,Mammalia,Artiodactyla,188,Bovidae,Tragelaphus_angasii,nyala,folivore,64000,,wheat brain + Co-EDTA,fiber/foliage,6,,mean retention time,,,,,,,,,1356,174,,Przybylo et al 2019,,no,No
Tragelaphus angasii,N,Mammalia,Artiodactyla,188,Bovidae,Tragelaphus_angasii,nyala,folivore,64000,,wheat brain + chromium mordanted fiber,fiber/foliage,6,,mean retention time,,,,,,,,,2250,432,,Przybylo et al 2019,,no,No
Tragelaphus eurycerus,N,Mammalia,Artiodactyla,188,Bovidae,Tragelaphus_eurycerus,bongo,folivore,183000,,wheat brain + Co-EDTA,fiber/foliage,3,,mean retention time,,,,,,,,,1566,162,,Przybylo et al 2019,,no,No
Tragelaphus eurycerus,N,Mammalia,Artiodactyla,188,Bovidae,Tragelaphus_eurycerus,bongo,folivore,183000,,wheat brain + chromium mordanted fiber,fiber/foliage,3,,mean retention time,,,,,,,,,2664,462,,Przybylo et al 2019,,no,No
Tragelaphus spekii,N,Mammalia,Artiodactyla,188,Bovidae,Tragelaphus_spekii,sitatunga,folivore,50000,,wheat brain + Co-EDTA,fiber/foliage,4,,mean retention time,,,,,,,,,1806,108,,Przybylo et al 2019,,no,No
Tragelaphus spekii,N,Mammalia,Artiodactyla,188,Bovidae,Tragelaphus_spekii,sitatunga,folivore,50000,,wheat brain + chromium mordanted fiber,fiber/foliage,4,,mean retention time,,,,,,,,,2646,342,,Przybylo et al 2019,,no,No
Tragulus javanicus,N,Mammalia,Artiodactyla,,Tragulidae,Tragulus_javanicus,lesser mousedeer,folivore,1400,,sorghum + crystal violet,fiber/foliage,8,1,MRT,,,,,,,,,3168,,238.8,Morat and Nordin (1978),,Y,N
Tragulus javanicus,N,Mammalia,Artiodactyla,,Tragulidae,Tragulus_javanicus,lesser mousedeer,folivore,1400,,rabbit pellets + Cr2O3 liquid marker,fiber/foliage,8,1,MRT,,,,,,,,,1590,,153,Morat and Nordin (1978),,Y,N
Tragulus napu,N,Mammalia,Artiodactyla,,Tragulidae,Tragulus_napu,greater mouse deer,folivore,6500,,"fiber pellets, yam, kale, fruit",fiber/foliage,1,3,transit time,,,,2940,,,,,,,,Conklin and Dierenfeld (1994),,N,N
Tremarctos ornatus,N,Mammalia,Carnivora,,Ursidae,Tremarctos_ornatus,spectacled bear,omnivore,130000,https://animaldiversity.org/accounts/Tremarctos_ornatus/,"produce, commercial dry feed + raisins",fiber/foliage,2,3,transit time,300,,,960,,1500,,,,,,Goldman et al. (2001),averaged the range of transit times,N,N
Trichechus manatus,N,Mammalia,Sirenia,,Trichechidae,Trichechus_manatus,west Indian manatee,folivore,360000,,water hyacinth,fiber/foliage,1,1,TT,,,,8760,,,,,,,,Lomolino and Ewel (1984),,N,N
Trichechus manatus latirostris,N,Mammalia,Sirenia,198.3774,Trichechidae,Trichechus_manatus,Florida manatee,folivore,818000,"mean of 4 in Study 1: 1136, 909, 409, 818 kg",colored corncob tracker in hay,fiber/foliage,4,2,transit time: first excretia of marker,,,,10080,,,1584,,11520,1584,,Larkin et al 2007,reported mean gut transit time; reported gut retention time (mean # of days for marker to leave digestive tract),,Yes
Trichosurus vulpecula,N,Mammalia,Diprotodontia,320,Phalangeridae,Trichosurus_vulpecula,silver-gray brushtail possum,folivore,2600,,"alfalfa, oats, corn starch, sugar,dry matter, crude protein + Co-EDTA",fiber/foliage,4,,transit time,,,,348,30,,,,2178,786,,Sakaguchi et al 1990,,no,No
Trichosurus vulpecula,N,Mammalia,Diprotodontia,320,Phalangeridae,Trichosurus_vulpecula,silver-gray brushtail possum,folivore,2600,,"alfalfa, oats, corn starch, sugar,dry matter, crude protein + cell wall constituents",fiber/foliage,4,,transit time,,,,348,30,,,,2172,789,,Sakaguchi et al 1990,,no,No
Trichosurus vulpecula,N,Mammalia,Diprotodontia,320,Phalangeridae,Trichosurus_vulpecula,silver-gray brushtail possum,folivore,2850,https://animaldiversity.org/accounts/Trichosurus_vulpecula/,fiber + fluid marker,fiber/foliage,,,mean retention time,,,,,,,,,3840,,,Wellard and Hume 1981,,no,No
Trichosurus vulpecula,N,Mammalia,Diprotodontia,320,Phalangeridae,Trichosurus_vulpecula,silver-gray brushtail possum,folivore,2850,https://animaldiversity.org/accounts/Trichosurus_vulpecula/,fiber + particulate marker,fiber/foliage,,,mean retention time,,,,,,,,,4260,,,Wellard and Hume 1981,,no,No
Trichosurus vulpecula,N,Mammalia,Diprotodontia,,Phalangeridae,Trichosurus_vulpecula,brushtail possum,herbivore,2850,Common brushtail possum - Wikipedia,"diet 1 w/ fluid marker (alfalfa, oats, agar, corn starch, sugar, dry matter)",fiber/foliage,4,1,transit time/retention time,,,,5.8,,,0.5,,36.3,13.1,,"Sakaguchi E, Hume ID (1990) Digesta retention and fibre digestion in brushtail possums, ringtail possums and rabbits. Comparative Biochemistry and Physiology A 96:351-354",unclear whether times were given in minutes or hours,time,no
Trichosurus vulpecula,N,Mammalia,Diprotodontia,,Phalangeridae,Trichosurus_vulpecula,,herbivore,2850,Common brushtail possum - Wikipedia,"diet 1 w/ small particle (alfalfa, oats, agar, corn starch, sugar, dry matter)",fiber/foliage,4,1,transit time/retention time,,,,5.8,,,0.5,,39.6,13,,"Sakaguchi E, Hume ID (1990) Digesta retention and fibre digestion in brushtail possums, ringtail possums and rabbits. Comparative Biochemistry and Physiology A 96:351-355",unclear whether times were given in minutes or hours,time,no
Trichosurus vulpecula,N,Mammalia,Diprotodontia,,Phalangeridae,Trichosurus_vulpecula,,herbivore,2850,Common brushtail possum - Wikipedia,"diet 1 w/large particle (alfalfa, oats, agar, corn starch, sugar, dry matter)",fiber/foliage,4,1,transit time/retention time,,,,5.8,,,0.5,,32.8,13.3,,"Sakaguchi E, Hume ID (1990) Digesta retention and fibre digestion in brushtail possums, ringtail possums and rabbits. Comparative Biochemistry and Physiology A 96:351-356",unclear whether times were given in minutes or hours,time,no
Trichosurus vulpecula,N,Mammalia,Diprotodontia,,Phalangeridae,Trichosurus_vulpecula,possum,omnivore,2850,Common brushtail possum - Wikipedia,fruit,fruit/nectar/pollen,,1,transit time,1440,,,4032,,5760,,,,,,"Williams, P.A., Karl, B.J., Bannister, P. and Lee, W.G. (2000), Small mammals as potential seed dispersers in New Zealand. Austral Ecology, 25: 523-532. https://doi.org/10.1046/j.1442-9993.2000.01078.x",,"gut, passage, time",N
Troglodytes aedon,Y,Aves,Passeriformes,,Troglodytidae,Troglodytes_aedon,house wren,insectivore,11,Troglodytes aedon (house wren) | INFORMATION | Animal Diversity Web,crickets,protein,9,1,transit time,,,,8,,,2,,33,11,,"Levey DJ, Karasov WH (1994) Gut passage of insects by European starlings and comparison with other species.¬†The Auk¬†111:478-486",,"gut, passage, time",n
Turdus abicollis,Y,Aves,Passeriformes,,Turdidae,Turdus_albicollis,White-necked thrush,omnivore,54,,Eugenia uniflora seeds,fiber/foliage,1,1,gut passage time,,,,,,,,,6,,,"Gasperin G, Pizo MA (2012) Passage time of seeds through the guts of frugivorous birds, a first assessment in Brazil.¬†Revista Brasileira de Ornitologia 20:48-51",regurgutation time recorded,"gut, time",n
Turdus abicollis,Y,Aves,Passeriformes,,Turdidae,Turdus_albicollis,White-necked thrush,omnivore,54,,Morus nigra seeds,fiber/foliage,1,1,gut passage time,,,,,,,,,12.3,,,"Gasperin G, Pizo MA (2012) Passage time of seeds through the guts of frugivorous birds, a first assessment in Brazil.¬†Revista Brasileira de Ornitologia 20:48-52",,"gut, time",n
Turdus abicollis,Y,Aves,Passeriformes,,Turdidae,Turdus_albicollis,White-necked thrush,omnivore,54,,Murraya paniculata seeds,fiber/foliage,3,1,gut passage time,,,,,,,,,6,3.4,,"Gasperin G, Pizo MA (2012) Passage time of seeds through the guts of frugivorous birds, a first assessment in Brazil.¬†Revista Brasileira de Ornitologia 20:48-53",regurgitation time,"gut, time",n
Turdus abicollis,Y,Aves,Passeriformes,,Turdidae,Turdus_albicollis,White-necked thrush,omnivore,54,,Rapanea coriacea seeds,fiber/foliage,1,1,gut passage time,,,,,,,,,7.3,,,"Gasperin G, Pizo MA (2012) Passage time of seeds through the guts of frugivorous birds, a first assessment in Brazil.¬†Revista Brasileira de Ornitologia 20:48-54",regurgitation time,"gut, time",n
Turdus amaurochalinus,Y,Aves,Passeriformes,,Turdidae,Turdus_amaurochalinus,Cream-bellied thrush,omnivore,57.9,,Leandra sp. Seeds,fiber/foliage,1,1,gut passage time,,,,,,,,,60,,,"Gasperin G, Pizo MA (2012) Passage time of seeds through the guts of frugivorous birds, a first assessment in Brazil.¬†Revista Brasileira de Ornitologia 20:48-55",,"gut, time",n
Turdus amaurochalinus,Y,Aves,Passeriformes,,Turdidae,Turdus_amaurochalinus,Cream-bellied thrush,omnivore,57.9,,Murraya paniculata seeds,fiber/foliage,1,1,gut passage time,,,,,,,,,22.8,,,"Gasperin G, Pizo MA (2012) Passage time of seeds through the guts of frugivorous birds, a first assessment in Brazil.¬†Revista Brasileira de Ornitologia 20:48-56",regurgitation time,"gut, time",n
Turdus amaurochalinus,Y,Aves,Passeriformes,,Turdidae,Turdus_amaurochalinus,Cream-bellied thrush,omnivore,57.9,,Psychotria carthagenesis seeds,fiber/foliage,5,1,gut passage time,,,,,,,,,15.8,3.9,,"Gasperin G, Pizo MA (2012) Passage time of seeds through the guts of frugivorous birds, a first assessment in Brazil.¬†Revista Brasileira de Ornitologia 20:48-57",,"gut, time",n
Turdus amaurochalinus,Y,Aves,Passeriformes,,Turdidae,Turdus_amaurochalinus,Cream-bellied thrush,omnivore,57.9,,Rapanea umbellata seeds,fiber/foliage,1,1,gut passage time,,,,,,,,,42,,,"Gasperin G, Pizo MA (2012) Passage time of seeds through the guts of frugivorous birds, a first assessment in Brazil.¬†Revista Brasileira de Ornitologia 20:48-58",,"gut, time",n
Turdus amaurochalinus,Y,Aves,Passeriformes,,Turdidae,Turdus_amaurochalinus,Cream-bellied thrush,omnivore,57.9,,Schinus terebinthifolia seeds,fiber/foliage,3,1,gut passage time,,,,,,,,,16.5,6.6,,"Gasperin G, Pizo MA (2012) Passage time of seeds through the guts of frugivorous birds, a first assessment in Brazil.¬†Revista Brasileira de Ornitologia 20:48-59",,"gut, time",n
Turdus helleri,Y,Aves,Passeriformes,,Turdidae,Turdus_helleri,Thrush Species,frugivore/nectivore,66,,X. monospora fruits,fruit/nectar/pollen,5,1,gut passage time,,30,40,,47,,,,,,,"Lehouck V, Spanhove T, Demeter S, Groot NE, Lens L (2009) Complementary seed dispersal by three avian frugivores in a fragmented Afromontane forest.¬†Journal of Vegetation Science¬†20:1110-1121",,"gut, passage, time",n
Turdus leucomelas,Y,Aves,Passeriformes,,Turdidae,Turdus_leucomelas,pale-breated thresh,omnivore,69.1,,Rapanea coriacea seeds,fiber/foliage,1,1,gut passage time,,,,,,,,,45,,,"Gasperin G, Pizo MA (2012) Passage time of seeds through the guts of frugivorous birds, a first assessment in Brazil.¬†Revista Brasileira de Ornitologia 20:48-60",,"gut, time",n
Turdus merula,Y,Aves,Passeriformes,,Turdidae,Turdus_merula,Common Blackbird,frugivore/nectivore,103,Common blackbird - Wikipedia,unknown,unknown,7,1,gut passage time,,,,59.1,,,31.2,,,,,"Guttal V, Bartumeus F, Hartvigsen G, Nevai AL (2011) Retention time variability as a mechanism for animal mediated long-distance dispersal.¬†PloS One¬†6:e28450",study appears to be fully theoretical,time,n
Turdus merula,Y,Aves,Passeriformes,,Turdidae,Turdus_merula,blackbird,omnivore,102.5,Common blackbird - Wikipedia,elder fruit,fruit/nectar/pollen,4,1,transit time,25.6,,,,,33.8,,,,,,"Sorensen AE (1984) Nutrition, energy and passage time: experiments with fruit preference in European blackbirds (Turdus merula).¬†The Journal of Animal Ecology 53:545-557",,"passage, rate, gut",no
Turdus merula,Y,Aves,Passeriformes,,Turdidae,Turdus_merula,blackbird,omnivore,102.5,Common blackbird - Wikipedia,bramble fruit,fruit/nectar/pollen,4,1,transit time,39.1,,,,,50.4,,,,,,"Sorensen AE (1984) Nutrition, energy and passage time: experiments with fruit preference in European blackbirds (Turdus merula).¬†The Journal of Animal Ecology 53:545-558",,"passage, rate, gut",no
Turdus merula,Y,Aves,Passeriformes,,Turdidae,Turdus_merula,blackbird,omnivore,102.5,Common blackbird - Wikipedia,hawthorn fruit,fruit/nectar/pollen,4,1,transit time,32.2,,,,,40,,,,,,"Sorensen AE (1984) Nutrition, energy and passage time: experiments with fruit preference in European blackbirds (Turdus merula).¬†The Journal of Animal Ecology 53:545-559",,"passage, rate, gut",no
Turdus merula,Y,Aves,Passeriformes,,Turdidae,Turdus_merula,blackbird,omnivore,102.5,Common blackbird - Wikipedia,slow fruit,fruit/nectar/pollen,4,1,transit time,19.2,,,,,25.2,,,,,,"Sorensen AE (1984) Nutrition, energy and passage time: experiments with fruit preference in European blackbirds (Turdus merula).¬†The Journal of Animal Ecology 53:545-560",,"passage, rate, gut",no
Turdus merula,Y,Aves,Passeriformes,,Turdidae,Turdus_merula,blackbird,omnivore,102.5,Common blackbird - Wikipedia,dogrose fruit,fruit/nectar/pollen,4,1,transit time,29.2,,,,,37,,,,,,"Sorensen AE (1984) Nutrition, energy and passage time: experiments with fruit preference in European blackbirds (Turdus merula).¬†The Journal of Animal Ecology 53:545-561",,"passage, rate, gut",no
Turdus merula,Y,Aves,Passeriformes,,Turdidae,Turdus_merula,blackbird,omnivore,102.5,Common blackbird - Wikipedia,ivy fruit,fruit/nectar/pollen,4,1,transit time,30.4,,,,,32.9,,,,,,"Sorensen AE (1984) Nutrition, energy and passage time: experiments with fruit preference in European blackbirds (Turdus merula).¬†The Journal of Animal Ecology 53:545-562",,"passage, rate, gut",no
Turdus migratorius,Y,Aves,Passeriformes,,Turdidae,Turdus_migratorius,American robin,frugivore/nectivore,77,American robin - Wikipedia,wild grapes,fruit/nectar/pollen,5,1,mean retention time,,,,,,,,,48,4,,"Karasov WH, Levey DJ (1990) Digestive system trade-offs and adaptations of frugivorous passerine birds.¬†Physiological Zoology¬†63:1248-1271",,time,n
Turdus migratorius,Y,Aves,Passeriformes,,Turdidae,Turdus_migratorius,American robin,omnivore,77,Turdus migratorius (American robin) | INFORMATION | Animal Diversity Web,banana,fruit/nectar/pollen,10,1,transit time,,,,11,,,5,,16,2,,"Levey DJ, Karasov WH (1994) Gut passage of insects by European starlings and comparison with other species.¬†The Auk¬†111:478-482",,"gut, passage, time",n
Turdus migratorius,Y,Aves,Passeriformes,,Turdidae,Turdus_migratorius,American robin,omnivore,77,Turdus migratorius (American robin) | INFORMATION | Animal Diversity Web,crickets,protein,9,1,transit time,,,,19,,,3,,22,2,,"Levey DJ, Karasov WH (1994) Gut passage of insects by European starlings and comparison with other species.¬†The Auk¬†111:478-483",,"gut, passage, time",n
Turdus migratorius,Y,Aves,Passeriformes,,Turdidae,Turdus_migratorius,robin,insectivore,75,American robin - Wikipedia,artificial fruit w/large beads,fruit/nectar/pollen,7,1,transit time,,,15,,,,,,,,,"Murray KG, Winnett-Murray K, Cromie EA, Minor M, Meyers E (1993) The influence of seed packaging and fruit color on feeding preferences of American robins.¬†Vegetatio¬†107:217-226",estimated from graph,,no
Turdus migratorius,Y,Aves,Passeriformes,,Turdidae,Turdus_migratorius,robin,insectivore,75,American robin - Wikipedia,artificial fruit w/small beads,fruit/nectar/pollen,7,1,transit time,,,35,,,,,,,,,"Murray KG, Winnett-Murray K, Cromie EA, Minor M, Meyers E (1993) The influence of seed packaging and fruit color on feeding preferences of American robins.¬†Vegetatio¬†107:217-227",estimated from graph,,no
Turdus philomelos,Y,Aves,Passeriformes,,Turdidae,Turdus_philomelos,Song thrush,frugivore/nectivore,78.5,Song thrush - Wikipedia,unknown,unknown,4,1,gut passage time,,,,60.5,,,7.7,,,,,"Guttal V, Bartumeus F, Hartvigsen G, Nevai AL (2011) Retention time variability as a mechanism for animal mediated long-distance dispersal.¬†PloS One¬†6:e28457",study appears to be fully theoretical,time,n
Turdus rufiventris,Y,Aves,Passeriformes,,Turdidae,Turdus_rufiventris,Rufous bellied thrush,omnivore,66.8,,Rapanea coriacea seeds,fiber/foliage,1,1,gut passage time,,,,,,,,,20,,,"Gasperin G, Pizo MA (2012) Passage time of seeds through the guts of frugivorous birds, a first assessment in Brazil.¬†Revista Brasileira de Ornitologia 20:48-61",regurgitation time,"gut, time",n
Tursiops truncatus,N,Mammalia,Cetacea,188,Delphinidae,Tursiops_truncatus,bottlenosed dolphin,carnivore,186000,,herring and mackerel fish w/red dye,meat,8,,transit time,,,,235.625,,,,,,,,Kastelein et al 2003b,initial passage time: first appearance of dye in feces; young dolphins; N= total measurements,yes,No
Uria aalge,Y,Aves,Charadriiformes,,Alcidae,Uria_aalge,common guillemot,carnivore,928,,lesser sandeel,meat,3,1,mean retention time,,,,,,,,,282,3.6,,"Hilton GM, Houston DC, Furness RW (1998) Which components of diet quality affect retention time of digesta in seabirds?¬†Functional Ecology¬†12:929-954",,"gut,time",n
Uria aalge,Y,Aves,Charadriiformes,,Alcidae,Uria_aalge,common guillemot,carnivore,928,,small whiting,meat,12,1,mean retention time,,,,,,,,,310.2,7.2,,"Hilton GM, Houston DC, Furness RW (1998) Which components of diet quality affect retention time of digesta in seabirds?¬†Functional Ecology¬†12:929-955",,"gut,time",n
Uria aalge,Y,Aves,Charadriiformes,,Alcidae,Uria_aalge,common guillemot,carnivore,928,,sprat,meat,6,1,mean retention time,,,,,,,,,291,6.6,,"Hilton GM, Houston DC, Furness RW (1998) Which components of diet quality affect retention time of digesta in seabirds?¬†Functional Ecology¬†12:929-956",,"gut,time",n
Uria aalge,Y,Aves,Charadriiformes,,Alcidae,Uria_aalge,common giuillemot,carnivore,928,,sandeel,meat,,1,mean retention time,,,,69,,,13.9,,349.8,14.4,,"Hilton GM, Furness RW, Houston DC (2000) A comparative study of digestion in North Atlantic seabirds.¬†Journal of Avian Biology 31:36-56",could not find number of birds,"gut, passage, time",n
Uria aalge,Y,Aves,Charadriiformes,,Alcidae,Uria_aalge,common giuillemot,carnivore,928,,whiting,meat,,1,mean retention time,,,,32.5,,,18.4,,408.6,21,,"Hilton GM, Furness RW, Houston DC (2000) A comparative study of digestion in North Atlantic seabirds.¬†Journal of Avian Biology 31:36-57",could not find number of birds,"gut, passage, time",n
Uria lomvia,Y,Aves,Charadriiformes,,Alcidae,Uria_lomvia,brunnich's guillemot,carnivore,926,,small whiting,meat,6,1,mean retention time,,,,,,,,,302.4,21,,"Hilton GM, Houston DC, Furness RW (1998) Which components of diet quality affect retention time of digesta in seabirds?¬†Functional Ecology¬†12:929-952",,"gut,time",n
Uria lomvia,Y,Aves,Charadriiformes,,Alcidae,Uria_lomvia,brunnich's guillemot,carnivore,926,,sprat,meat,6,1,mean retention time,,,,,,,,,292.2,12.6,,"Hilton GM, Houston DC, Furness RW (1998) Which components of diet quality affect retention time of digesta in seabirds?¬†Functional Ecology¬†12:929-953",,"gut,time",n
Uromacer oxyrhynchus,N,Reptilia,Squamata,637.9,Colubridae,Uromacer_oxyrhynchus,pointed snake,carnivore,,,mice,meat,2,,transit time,,,,2592,,,288,,,,,Lillywhite et al 2002,"measured ""gut passage time"" same as transit time (first pass of markers in feces)",yes,No
Uromys caudimaculatus,N,Mammalia,Rodentia,0,Muridae,Uromys_caudimaculatus,giant white-tailed rat,omnivore,635,encyclopedia of life,fungal spores with Co-EDTA,fiber/foliage,,,mean retention time,,,,,,,,,2724,528,,Comport et al 1998,only reports mrt,yes,No
Uromys caudimaculatus,N,Mammalia,Rodentia,0,Muridae,Uromys_caudimaculatus,giant white-tailed rat,omnivore,635,encyclopedia of life,fungal spores with cell wall constituents,fiber/foliage,,,mean retention time,,,,,,,,,3330,432,,Comport et al 1998,only reports mrt,yes,No
Ursus americanus,N,Mammalia,Carnivora,,Ursidae,Ursus_americanus,black bear,omnivore,46950,,clover + Cr particle marker,fiber/foliage,5,1,mean retention time,,,,,,,,,414,,,Pritchard and Robbins (1990),,Y,N
Ursus americanus,N,Mammalia,Carnivora,,Ursidae,Ursus_americanus,black bear,omnivore,46950,,hair with different colors,protein,5,1,mean retention time,,,,,,,,,774,,,Przyby≈Ço et al. (2019b),,Y,N
Ursus arctos,N,Mammalia,Carnivora,,Ursidae,Ursus_arctos,brown bear,omnivore,340000,https://animaldiversity.org/accounts/Ursus_arctos/,"grapes, apples and oranges + plastic beads",fruit/nectar/pollen,6,1,transit time; MRT,,,,185,,,,,347,,,Elfstr√∂m et al. (2013),,N,N
Ursus arctos,N,Mammalia,Carnivora,,Ursidae,Ursus_arctos,brown bear,omnivore,340000,https://animaldiversity.org/accounts/Ursus_arctos/,"reindeer, rabbit, pig, cattle, horse carcasses + plastic beads",meat,6,1,transit time; MRT,,,,482,,,,,870,,,Elfstr√∂m et al. (2013),,N,N
Ursus arctos,N,Mammalia,Carnivora,,Ursidae,Ursus_arctos,brown bear,omnivore,89900,,clover + Cr particle marker,fiber/foliage,3,1,mean retention time,,,,,,,,,420,,,Przyby≈Ço et al. (2019b),,Y,N
Ursus arctos,N,Mammalia,Carnivora,,Ursidae,Ursus_arctos,brown bear,omnivore,89900,,hair with different colors,protein,3,1,mean retention time,,,,,,,,,780,,,Przyby≈Ço et al. (2019b),,Y,N
Ursus thibetanus,N,Mammalia,Carnivora,,Ursidae,Ursus_thibetanus,Asiatic black bear,frugivore/nectivore,65000,,Prunus jamasakura fruit,fruit/nectar/pollen,3,3,"MRT (referred to as gut retention time, GRT)",,,,,,,,,1110,426,,Koike et al. (2010),,N,N
Ursus thibetanus,N,Mammalia,Carnivora,,Ursidae,Ursus_thibetanus,Asiatic black bear,frugivore/nectivore,65000,,Prunus verecundda fruit,fruit/nectar/pollen,3,3,"MRT (referred to as gut retention time, GRT)",,,,,,,,,1146,438,,Koike et al. (2010),,N,N
Ursus thibetanus,N,Mammalia,Carnivora,,Ursidae,Ursus_thibetanus,Asiatic black bear,frugivore/nectivore,65000,,Cornus controversa fruit,fruit/nectar/pollen,3,3,"MRT (referred to as gut retention time, GRT)",,,,,,,,,1146,210,,Koike et al. (2010),,N,N
Ursus thibetanus,N,Mammalia,Carnivora,,Ursidae,Ursus_thibetanus,Asiatic black bear,frugivore/nectivore,65000,,fruit + 2mm plastic particle marker,fruit/nectar/pollen,3,3,"MRT (referred to as gut retention time, GRT)",,,,,,,,,1027.5,,,Koike et al. (2010),averaged over months by particle size,N,N
Ursus thibetanus,N,Mammalia,Carnivora,,Ursidae,Ursus_thibetanus,Asiatic black bear,frugivore/nectivore,65000,,fruit + 5mm plastic particle marker,fruit/nectar/pollen,3,3,"MRT (referred to as gut retention time, GRT)",,,,,,,,,1137,,,Koike et al. (2010),averaged over months by particle size,N,N
Varecia editorum,N,Mammalia,Primates,,Lemuridae,Varecia_variegata,Black and White Ruffed Lemur,frugivore,3600,Black-and-white ruffed lemur - Wikipedia,fruits,fruit/nectar/pollen,32,1,passage time,42,,,194.81,,468,,,,,,"Razafindratsima OH, Jones TA, Dunham AE. Patterns of movement and seed dispersal by three lemur species. Am J Primatol. 2014 Jan;76(1):84-96. doi: 10.1002/ajp.22199. Epub 2013 Sep 9. PMID: 24038313.",,"gut, passage, time",N
Varecia variegata,N,Mammalia,Primates,174.3696,Lemuridae,Varecia_variegata,black-and-white-ruffed lemur,frugivore/nectarivore,3622,mean of initial and final mass reported in paper,insoluble fiber diet,fiber/foliage,6,2,"TT: transit time, time from feeding to first appearance of marker in feces",,,,237.3,,,90,,462.6,162,,Campbell et al 2004,mean of Co and Cr values per species,,Yes
Varecia variegata,N,Mammalia,Primates,,Lemuridae,Varecia_variegata,Black and White Ruffed Lemur,frugivore,3600,Black-and-white ruffed lemur - Wikipedia,Madagascar fruits,fruit/nectar/pollen,,1,mean retention time,,,,,,,,,264,,,"Moses, K. L., & Semple, S. (2011). Primary seed dispersal by the black-and-white ruffed lemur (Varecia variegata) in the Manombo forest, south-east Madagascar. Journal of Tropical Ecology, 27(5), 529‚Äì538. http://www.jstor.org/stable/23012395",,"gut, passage",N
Varecia variegata,N,Mammalia,Primates,,Lemuridae,Varecia_variegata,black-and-white-ruffed lemur,frugivore/nectarivore,4680,,"soybean, corn, fruit nectar (low fiber diet) + acetate bead ",fiber/foliage,5,1,transit time; MRT,,,,162,,,96,,324,252,,Edwards and Ullrey (1999a),,N,N
Varecia variegata,N,Mammalia,Primates,,Lemuridae,Varecia_variegata,black-and-white-ruffed lemur,frugivore/nectarivore,4680,,"soybean, corn, fruit nectar (low fiber diet) + Co-EDTA liquid marker",fiber/foliage,5,1,transit time; MRT,,,,162,,,162,,246,126,,Edwards and Ullrey (1999a),,N,N
Varecia variegata,N,Mammalia,Primates,,Lemuridae,Varecia_variegata,black-and-white-ruffed lemur,frugivore/nectarivore,4680,,"soybean, corn, fruit nectar (low fiber diet) + Cr particle marker",fiber/foliage,5,1,transit time; MRT,,,,126,,,78,,228,198,,Edwards and Ullrey (1999a),,N,N
Varecia variegata,N,Mammalia,Primates,,Lemuridae,Varecia_variegata,black-and-white-ruffed lemur,frugivore/nectarivore,4040,,"soybean, corn, fruit nectar (high fiber diet) + acetate bead",fiber/foliage,5,1,transit time; MRT,,,,162,,,162,,282,156,,Edwards and Ullrey (1999a),,N,N
Varecia variegata,N,Mammalia,Primates,,Lemuridae,Varecia_variegata,black-and-white-ruffed lemur,frugivore/nectarivore,4040,,"soybean, corn, fruit nectar (high fiber diet) + Co-EDTA liquid marker",fiber/foliage,5,1,transit time; MRT,,,,162,,,96,,144,84,,Edwards and Ullrey (1999a),,N,N
Varecia variegata,N,Mammalia,Primates,,Lemuridae,Varecia_variegata,black-and-white-ruffed lemur,frugivore/nectarivore,4040,,"soybean, corn, fruit nectar (high fiber diet) + Cr particle marker",fiber/foliage,5,1,transit time; MRT,,,,162,,,96,,138,60,,Edwards and Ullrey (1999a),,N,N
Vespertilio murinus,Y,Mammalia,Chiroptera,188,Vespertilionidae,Vespertilio_murinus,Parti-colored bat,insectivore,14.3,reported mean,fluorescent mealworm,protein,5,1,Transit time: time from feeding marker to first appearance of marker in feces,98,,102,,,115,,,242,,,Roswag et al. 2012,as reported in table 2,,Yes
Vombatus ursinus,N,Mammalia,Diprotodontia,,Vombatidae,Vombatus_ursinus,common wombat,folivore,29100,,"high fiber ratios: barley straw, ground corn, hydrochloric casein + fluid marker (CrEDTA)",fiber/foliage,4,1,mean retention time,,,,,,,,,2160,540,,Barboza (1993),,N,N
Vombatus ursinus,N,Mammalia,Diprotodontia,,Vombatidae,Vombatus_ursinus,common wombat,folivore,29100,,"high fiber ratios: barley straw, ground corn, hydrochloric casein + particulate marker (RuP)",fiber/foliage,4,1,mean retention time,,,,,,,,,3720,660,,Barboza (1993),,N,N
Vombatus ursinus,N,Mammalia,Diprotodontia,,Vombatidae,Vombatus_ursinus,common wombat,folivore,29800,,"low fiber ratios: barley straw, ground corn, hydrochloric casein + fluid marker (CrEDTA)",fiber/foliage,4,1,mean retention time,,,,,,,,,3000,1740,,Barboza (1993),,N,N
Vombatus ursinus,N,Mammalia,Diprotodontia,,Vombatidae,Vombatus_ursinus,common wombat,folivore,29800,,"low fiber ratios: barley straw, ground corn, hydrochloric casein + particulate marker (RuP)",fiber/foliage,4,1,mean retention time,,,,,,,,,4500,2160,,Barboza (1993),,N,N
Vulpes lagopus,N,Mammalia,Carnivora,,Canidae,Vulpes_lagopus,arctic fox,omnivore,2300,Arctic fox - Wikipedia,berries,fruit/nectar/pollen,10,1,mean retention time,,,,,,,,,1192.8,,,"Graae, B. J., Pagh, S., & Bruun, H. H. (2004). An Experimental Evaluation of the Arctic Fox (Alopex lagopus) as a Seed Disperser. Arctic, Antarctic, and Alpine Research, 36(4), 468‚Äì473. http://www.jstor.org/stable/1552299",,"time, passage",N
Zalophus californianus,N,Mammalia,Carnivora,,Otariidae,Zalophus_californianus,California sea lions,carnivore,80000,,"gelatin capsules + ferric oxide, chromium oxide",protein,4,1,"transit time, reported as initial defecation time",,,,252,,,,,,,,Helm (1984),,Y,N
Zosterops lateralis,Y,Aves,Passeriformes,,Zosteropidae,Zosterops_lateralis,Silvereye,frugivore,10,Silvereye - Wikipedia,artificial large seeded fruit,fruit/nectar/pollen,18,3,transit time,,,,21.9,,,2,,,,,"Stanley MC, Lill A (2002) Does seed packaging influence fruit consumption and seed passage in an avian frugivore?¬†The Condor¬†104:136-145",,"gut, passage, rate",no
Zosterops lateralis,Y,Aves,Passeriformes,,Zosteropidae,Zosterops_lateralis,Silvereye,frugivore,10,Silvereye - Wikipedia,artificial small seeded fruit,fruit/nectar/pollen,18,3,transit time,,,,29.1,,,1.4,,,,,"Stanley MC, Lill A (2002) Does seed packaging influence fruit consumption and seed passage in an avian frugivore?¬†The Condor¬†104:136-146",,"gut, passage, rate",no
Zosterops lateralis,Y,Aves,Passeriformes,,Zosteropidae,Zosterops_lateralis,Silvereye,frugivore,11,Silvereye - Wikipedia,R. parabolica fruit,fruit/nectar/pollen,18,4,transit time,,,,31.5,,,1.9,,,,,"Stanley MC, Lill A (2002) Avian fruit consumption and seed dispersal in a temperate Australian woodland.¬†Austral Ecology 27:137-148",,"gut, passage, rate",no
Zosterops pallidus,Y,Aves,Passeriformes,637.9,Zosteropidae,Zosterops_pallidus,Cape White-eye,omnivore,10.19,initial body mass,mealworms,protein,10,1,transit time: time from beginning of feeding to first sight of marker in feces,,,,11.72,,,1.42,,,,,Brown and Downs 2003,,,Yes
Zosterops pallidus,Y,Aves,Passeriformes,637.9,Zosteropidae,Zosterops_pallidus,Cape White-eye,omnivore,10.62,initial body mass,fruit,fruit/nectar/pollen,10,1,transit time: time from beginning of feeding to first sight of marker in feces,,,,33.99,,,9.09,,,,,Brown and Downs 2003; found that transit time varied within a diet treatment according to the amount eaten and percentage of time spent feeding; we use the non-standardized transit times,,,Yes
Zosterops pallidus,Y,Aves,Passeriformes,637.9,Zosteropidae,Zosterops_pallidus,Cape White-eye,omnivore,10.68,initial body mass,nectar,fruit/nectar/pollen,10,1,transit time: time from beginning of feeding to first sight of marker in feces,,,,13.56,,,2.22,,,,,"Brown and Downs 2003; little unclear why the food types were broken up here, but not in the little brown bat paper below?",,,Yes